"dato","Regionsnavn","sex","Paabegyndt vacc. idag","Faerdigvacc. idag","Paabegyndt vacc. igaar","Faerdigvacc. igaar","Paabegyndt vacc. difference","Faerdigvaccineret difference"
2021-07-02,Hovedstaden,K,552782,339659,546509,335776,6273,3883
2021-07-02,Hovedstaden,M,507529,286451,501167,282054,6362,4397
2021-07-02,Midtjylland,K,391052,244886,388820,239075,2232,5811
2021-07-02,Midtjylland,M,361613,199330,359226,192433,2387,6897
2021-07-02,Nordjylland,K,181437,106716,179493,105278,1944,1438
2021-07-02,Nordjylland,M,169801,83954,167458,82227,2343,1727
2021-07-02,Sj�lland,K,268209,177353,265742,174417,2467,2936
2021-07-02,Sj�lland,M,248419,148594,245610,145352,2809,3242
2021-07-02,Syddanmark,K,362168,229913,359827,225177,2341,4736
2021-07-02,Syddanmark,M,332540,188475,330180,183050,2360,5425
