{
    "label": "AY.109",
    "description": "AY.109 defining mutations - acquired along the path to the root of the lineage and remain conserved within the lineage",
    "sources": [],
    "type": "lineage",
    "tags": [
        "AY.109"
    ],
    "sites": [
        "nuc:G210T",
        "nuc:C241T",
        "nuc:C3037T",
        "orf1a:A1306S",
        "orf1a:P2046L",
        "orf1a:P2287S",
        "nuc:C8986T",
        "orf1a:V2930L",
        "orf1a:T3255I",
        "orf1a:T3646A",
        "nuc:A11332G",
        "orf1a:Q3777R",
        "orf1b:P314L",
        "orf1b:I457V",
        "orf1b:G662S",
        "orf1b:P1000L",
        "orf1b:A1918V",
        "s:T19R",
        "s:L452R",
        "s:T478K",
        "s:D614G",
        "s:P681R",
        "s:D950N",
        "orf3a:S26L",
        "m:I82T",
        "nuc:C27549T",
        "orf7a:V82A",
        "orf7a:T120I",
        "nuc:C27874T",
        "orf8:D119N",
        "nuc:T28271A",
        "n:R203M",
        "n:G215C",
        "n:D377Y",
        "nuc:G29742T",
        "nuc:T8782C",
        "orf8:L84S"
    ],
    "rules": {
        "min_alt": "29",
        "max_ref": "5",
        "orf1b:I457V": "alt"
    },
    "intermediate": [
        "s:T95I:85.71428571428571",
        "n:D63G:97.91666666666666"
    ]
}