{
    "label": "AY.36",
    "description": "AY.36 defining mutations - acquired along the path to the root of the lineage and remain conserved within the lineage",
    "sources": [],
    "type": "lineage",
    "tags": [
        "AY.36"
    ],
    "sites": [
        "nuc:G210T",
        "nuc:C241T",
        "nuc:C3037T",
        "orf1a:A1306S",
        "orf1a:P2046L",
        "orf1a:P2287S",
        "nuc:C8986T",
        "orf1a:V2930L",
        "orf1a:T3255I",
        "orf1a:T3646A",
        "nuc:A11332G",
        "orf1b:P314L",
        "orf1b:G662S",
        "orf1b:C721R",
        "orf1b:P1000L",
        "orf1b:V1538L",
        "orf1b:A1918V",
        "nuc:A20532G",
        "s:T19R",
        "s:L452R",
        "s:T478K",
        "s:D614G",
        "s:P681R",
        "s:D950N",
        "s:V1104L",
        "orf3a:S26L",
        "m:I82T",
        "orf7a:V82A",
        "orf7a:T120I",
        "nuc:C27874T",
        "n:R203M",
        "n:G215C",
        "n:D377Y",
        "nuc:C29738T",
        "nuc:G29742T",
        "nuc:T8782C",
        "orf8:L84S"
    ],
    "rules": {
        "min_alt": "29",
        "max_ref": "5",
        "orf1b:C721R": "alt",
        "orf1b:V1538L": "alt"
    },
    "intermediate": [
        "s:T95I:92.32209737827716",
        "n:D63G:98.22097378277154"
    ]
}