{
    "label": "AY.32",
    "description": "AY.32 defining mutations - acquired along the path to the root of the lineage and remain conserved within the lineage",
    "sources": [],
    "type": "lineage",
    "tags": [
        "AY.32"
    ],
    "sites": [
        "nuc:G210T",
        "nuc:C241T",
        "nuc:C3037T",
        "orf1a:A1306S",
        "orf1a:P2046L",
        "orf1a:P2287S",
        "nuc:C8986T",
        "orf1a:V2930L",
        "nuc:C9286T",
        "orf1a:T3255I",
        "orf1a:T3646A",
        "nuc:A11332G",
        "orf1b:P314L",
        "orf1b:G662S",
        "orf1b:P1000L",
        "orf1b:A1918V",
        "orf1b:R2613C",
        "s:T19R",
        "s:L452R",
        "s:T478K",
        "s:T572I",
        "s:D614G",
        "s:P681R",
        "nuc:G24124A",
        "s:D950N",
        "orf3a:S26L",
        "m:I82T",
        "orf7a:V82A",
        "orf7a:T120I",
        "nuc:C27874T",
        "n:R203M",
        "n:G215C",
        "n:D377Y",
        "nuc:G29742T",
        "nuc:T8782C",
        "orf8:L84S"
    ],
    "rules": {
        "min_alt": "27",
        "max_ref": "5",
        "nuc:C9286T": "alt"
    },
    "intermediate": [
        "n:D63G:100.0"
    ]
}