{
    "label": "AY.34.1",
    "description": "AY.34.1 defining mutations - acquired along the path to the root of the lineage and remain conserved within the lineage",
    "sources": [],
    "type": "lineage",
    "tags": [
        "AY.34.1"
    ],
    "sites": [
        "nuc:G210T",
        "nuc:C241T",
        "nuc:C3037T",
        "orf1a:A1306S",
        "orf1a:P2046L",
        "orf1a:P2287S",
        "nuc:G8017T",
        "nuc:C8986T",
        "orf1a:V2930L",
        "orf1a:C3059F",
        "orf1a:T3255I",
        "orf1a:T3646A",
        "nuc:A11332G",
        "orf1b:P314L",
        "orf1b:G662S",
        "orf1b:P1000L",
        "orf1b:M1596I",
        "orf1b:A1918V",
        "nuc:A19563G",
        "s:T19R",
        "nuc:C22498T",
        "s:L452R",
        "s:T478K",
        "s:D614G",
        "s:Q677H",
        "s:P681R",
        "s:D950N",
        "s:L1265F",
        "orf3a:S26L",
        "nuc:G26109A",
        "nuc:C26681T",
        "m:I82T",
        "nuc:G27014T",
        "orf7a:V82A",
        "orf7a:T120I",
        "nuc:C27874T",
        "n:R203M",
        "n:G215C",
        "n:L230F",
        "n:D377Y",
        "nuc:G29742T",
        "nuc:T8782C",
        "orf8:L84S"
    ],
    "rules": {
        "min_alt": "35",
        "max_ref": "5",
        "nuc:G8017T": "alt"
    },
    "intermediate": [
        "s:T95I:93.9240506329114",
        "n:D63G:99.74683544303798"
    ]
}