{
    "label": "AY.4.2.1",
    "description": "AY.4.2.1 defining mutations - acquired along the path to the root of the lineage and remain conserved within the lineage",
    "sources": [],
    "type": "lineage",
    "tags": [
        "AY.4.2.1"
    ],
    "sites": [
        "nuc:G210T",
        "nuc:C241T",
        "nuc:C3037T",
        "orf1a:A1306S",
        "orf1a:P2046L",
        "orf1a:P2287S",
        "orf1a:A2529V",
        "nuc:C8986T",
        "orf1a:V2930L",
        "orf1a:T3255I",
        "orf1a:T3646A",
        "nuc:A11332G",
        "orf1b:P314L",
        "orf1b:G662S",
        "nuc:C15720T",
        "orf1b:P1000L",
        "nuc:T17040C",
        "nuc:C18687T",
        "orf1b:A1918V",
        "s:T19R",
        "s:Y145H",
        "nuc:G22030A",
        "s:F157S",
        "s:F157S",
        "s:A222V",
        "s:L452R",
        "s:T478K",
        "s:D614G",
        "s:P681R",
        "s:D950N",
        "orf3a:S26L",
        "nuc:C25614T",
        "m:I82T",
        "orf7a:V82A",
        "orf7a:T120I",
        "nuc:C27874T",
        "nuc:A28248G",
        "n:S202I",
        "n:R203M",
        "n:G215C",
        "n:D377Y",
        "nuc:G29742T",
        "nuc:T8782C",
        "orf8:L84S"
    ],
    "rules": {
        "min_alt": "36",
        "max_ref": "5",
        "n:S202I": "alt"
    },
    "intermediate": [
        "s:T95I:99.84496124031008",
        "n:D63G:100.0"
    ]
}