{
    "label": "AY.41",
    "description": "AY.41 defining mutations - acquired along the path to the root of the lineage and remain conserved within the lineage",
    "sources": [],
    "type": "lineage",
    "tags": [
        "AY.41"
    ],
    "sites": [
        "nuc:G210T",
        "nuc:C241T",
        "orf1a:G519S",
        "orf1a:K669N",
        "nuc:C3037T",
        "orf1a:A1306S",
        "orf1a:P2046L",
        "orf1a:P2287S",
        "nuc:G7936T",
        "nuc:C8986T",
        "orf1a:V2930L",
        "nuc:G9220A",
        "orf1a:T3255I",
        "orf1a:T3646A",
        "nuc:A11332G",
        "orf1b:K82R",
        "orf1b:P314L",
        "orf1b:G662S",
        "orf1b:P1000L",
        "orf1b:I1257V",
        "orf1b:A1643V",
        "orf1b:A1918V",
        "s:T19R",
        "s:L452R",
        "s:S477I",
        "s:T478K",
        "s:D614G",
        "s:P681R",
        "s:D950N",
        "s:G1167V",
        "orf3a:S26L",
        "m:I82T",
        "orf7a:V82A",
        "orf7a:T120I",
        "nuc:C27874T",
        "n:R203M",
        "n:G215C",
        "n:D377Y",
        "nuc:G29742T",
        "nuc:T8782C",
        "orf8:L84S"
    ],
    "rules": {
        "min_alt": "32",
        "max_ref": "5",
        "orf1a:G519S": "alt",
        "s:S477I": "alt"
    },
    "intermediate": [
        "n:D63G:88.6624203821656"
    ]
}