{
    "label": "AY.63",
    "description": "AY.63 defining mutations - acquired along the path to the root of the lineage and remain conserved within the lineage",
    "sources": [],
    "type": "lineage",
    "tags": [
        "AY.63"
    ],
    "sites": [
        "nuc:G210T",
        "nuc:C241T",
        "nuc:C3037T",
        "orf1a:P1640L",
        "nuc:A5584G",
        "orf1a:I2541V",
        "orf1a:S2900L",
        "nuc:C9857T",
        "orf1a:A3209V",
        "orf1a:V3718A",
        "orf1a:T3750I",
        "nuc:C13019T",
        "orf1b:D260G",
        "orf1b:P314L",
        "orf1b:G662S",
        "orf1b:P1000L",
        "orf1b:I1887V",
        "s:T19R",
        "s:A222V",
        "s:L452R",
        "s:T478K",
        "s:D614G",
        "s:P681R",
        "nuc:A23848G",
        "s:D950N",
        "orf3a:S26L",
        "nuc:C25710T",
        "m:I82T",
        "orf7a:V82A",
        "orf7a:T120I",
        "n:R203M",
        "n:D377Y",
        "orf10:R20I",
        "nuc:G29742T",
        "nuc:T8782C",
        "orf8:L84S"
    ],
    "rules": {
        "min_alt": "27",
        "max_ref": "5",
        "orf1b:I1887V": "alt",
        "nuc:C25710T": "alt",
        "orf10:R20I": "alt"
    },
    "intermediate": [
        "n:D63G:99.8523622047244"
    ]
}