{   
    "A": "",
    "B": "",
    "C": "B.1.1.1",
    "D": "B.1.1.25",
    "G": "B.1.258.2",
    "K": "B.1.1.277",
    "L": "B.1.1.10",
    "M": "B.1.1.294",
    "N": "B.1.1.33",
    "P": "B.1.1.28",
    "Q": "B.1.1.7",
    "R": "B.1.1.316",
    "S": "B.1.1.217",
    "U": "B.1.177.60",
    "V": "B.1.177.54",
    "W": "B.1.177.53",
    "Y": "B.1.177.52",
    "Z": "B.1.177.50",
    "AA": "B.1.177.15",
    "AB": "B.1.160.16",
    "AC": "B.1.1.405",
    "AD": "B.1.1.315",
    "AE": "B.1.1.306",
    "AF": "B.1.1.305",
    "AG": "B.1.1.297",
    "AH": "B.1.1.241",
    "AJ": "B.1.1.240",
    "AK": "B.1.1.232",
    "AL": "B.1.1.231",
    "AM": "B.1.1.216",
    "AN": "B.1.1.200",
    "AP": "B.1.1.70",
    "AQ": "B.1.1.39",
    "AS": "B.1.1.317",
    "AT": "B.1.1.370",
    "AU": "B.1.466.2",
    "AV": "B.1.1.482",
    "AW": "B.1.1.464",
    "AY": "B.1.617.2",
    "AZ": "B.1.1.318",
    "BA": "B.1.1.529",
    "BB": "B.1.621.1",
    "XA": ["B.1.1.7","B.1.177"],
    "XB": ["B.1.634","B.1.631"],
    "XC": ["AY.29","B.1.1.7"],
    "XD": ["B.1.617.2*","BA.1*"],
    "XE": ["BA.1*","BA.2*"],
    "XF": ["B.1.617.2*","BA.1*"],
    "XG": ["BA.1*","BA.2*"],
    "XH": ["BA.1*","BA.2*"],
    "XJ": ["BA.1*","BA.2*"],
    "XK": ["BA.1*","BA.2*"],
    "XL": ["BA.1*","BA.2*"],
    "XM": ["BA.1.1*","BA.2*"],
    "XN": ["BA.1*","BA.2*"],
    "XP": ["BA.1.1*","BA.2*"],
    "XQ": ["BA.1.1*","BA.2*"],
    "XR": ["BA.1.1*","BA.2*"],
    "XS": ["B.1.617.2*","BA.1.1*"]
}
