Aldersgruppe;Uge 05-2022_Ingen vaccination;Uge 05-2022_Første vaccination;Uge 05-2022_Anden vaccination;Uge 05-2022_Fuld effekt efter primært forløb;Uge 05-2022_Fuld effekt efter revaccination;Uge 04-2022_Ingen vaccination;Uge 04-2022_Første vaccination;Uge 04-2022_Anden vaccination;Uge 04-2022_Fuld effekt efter primært forløb;Uge 04-2022_Fuld effekt efter revaccination;Uge 03-2022_Ingen vaccination;Uge 03-2022_Første vaccination;Uge 03-2022_Anden vaccination;Uge 03-2022_Fuld effekt efter primært forløb;Uge 03-2022_Fuld effekt efter revaccination;Uge 02-2022_Ingen vaccination;Uge 02-2022_Første vaccination;Uge 02-2022_Anden vaccination;Uge 02-2022_Fuld effekt efter primært forløb;Uge 02-2022_Fuld effekt efter revaccination;Uge 01-2022_Ingen vaccination;Uge 01-2022_Første vaccination;Uge 01-2022_Anden vaccination;Uge 01-2022_Fuld effekt efter primært forløb;Uge 01-2022_Fuld effekt efter revaccination;Uge 52-2021_Ingen vaccination;Uge 52-2021_Første vaccination;Uge 52-2021_Anden vaccination;Uge 52-2021_Fuld effekt efter primært forløb;Uge 52-2021_Fuld effekt efter revaccination;Uge 51-2021_Ingen vaccination;Uge 51-2021_Første vaccination;Uge 51-2021_Anden vaccination;Uge 51-2021_Fuld effekt efter primært forløb;Uge 51-2021_Fuld effekt efter revaccination;Uge 50-2021_Ingen vaccination;Uge 50-2021_Første vaccination;Uge 50-2021_Anden vaccination;Uge 50-2021_Fuld effekt efter primært forløb;Uge 50-2021_Fuld effekt efter revaccination;Uge 49-2021_Ingen vaccination;Uge 49-2021_Første vaccination;Uge 49-2021_Anden vaccination;Uge 49-2021_Fuld effekt efter primært forløb;Uge 49-2021_Fuld effekt efter revaccination;Uge 48-2021_Ingen vaccination;Uge 48-2021_Første vaccination;Uge 48-2021_Anden vaccination;Uge 48-2021_Fuld effekt efter primært forløb;Uge 48-2021_Fuld effekt efter revaccination;Uge 47-2021_Ingen vaccination;Uge 47-2021_Første vaccination;Uge 47-2021_Anden vaccination;Uge 47-2021_Fuld effekt efter primært forløb;Uge 47-2021_Fuld effekt efter revaccination;Uge 46-2021_Ingen vaccination;Uge 46-2021_Første vaccination;Uge 46-2021_Anden vaccination;Uge 46-2021_Fuld effekt efter primært forløb;Uge 46-2021_Fuld effekt efter revaccination;Uge 45-2021_Ingen vaccination;Uge 45-2021_Første vaccination;Uge 45-2021_Anden vaccination;Uge 45-2021_Fuld effekt efter primært forløb;Uge 45-2021_Fuld effekt efter revaccination;Uge 44-2021_Ingen vaccination;Uge 44-2021_Første vaccination;Uge 44-2021_Anden vaccination;Uge 44-2021_Fuld effekt efter primært forløb;Uge 44-2021_Fuld effekt efter revaccination;Uge 43-2021_Ingen vaccination;Uge 43-2021_Første vaccination;Uge 43-2021_Anden vaccination;Uge 43-2021_Fuld effekt efter primært forløb;Uge 43-2021_Fuld effekt efter revaccination;Uge 42-2021_Ingen vaccination;Uge 42-2021_Første vaccination;Uge 42-2021_Anden vaccination;Uge 42-2021_Fuld effekt efter primært forløb;Uge 42-2021_Fuld effekt efter revaccination
0-5;219;2;2;1;0;199;1;1;1;0;210;3;0;0;0;142;3;0;0;0;80;0;0;0;0;88;1;0;0;0;45;0;0;0;0;37;0;0;0;0;26;0;0;0;0;23;0;0;0;0;20;0;0;0;0;22;0;0;0;0;10;0;0;0;0;12;0;0;0;0;4;0;0;0;0;4;0;0;0;0
6-11;40;8;15;12;0;42;7;13;7;0;42;6;7;3;0;25;11;2;0;0;15;4;1;0;0;12;4;0;0;0;9;2;0;0;0;19;4;0;0;0;17;1;0;0;0;10;0;0;0;0;9;0;0;0;0;15;0;0;0;0;6;0;0;0;0;8;0;0;0;0;2;0;0;0;0;3;0;0;0;0
12-15;16;2;40;36;4;12;2;46;45;0;17;0;26;26;0;12;3;12;12;0;5;5;11;11;0;3;1;5;5;0;4;1;3;3;0;7;3;7;7;0;1;1;0;0;0;4;1;1;1;0;2;0;1;1;0;2;0;0;0;0;3;0;0;0;0;3;0;1;0;0;3;0;0;0;0;1;0;0;0;0
16-19;11;1;55;45;10;15;1;42;34;7;10;1;44;35;8;9;2;32;27;5;5;1;30;27;3;0;2;17;16;1;3;1;11;11;0;4;0;12;12;0;2;0;4;4;0;5;0;3;3;0;1;0;3;3;0;2;0;0;0;0;2;0;3;3;0;0;0;1;1;0;1;0;3;3;0;3;0;1;1;0
20-29;72;10;135;82;52;63;6;115;80;33;77;13;119;87;27;68;7;85;68;15;51;7;92;74;15;54;6;73;65;7;32;7;38;35;1;32;2;35;29;5;29;2;24;21;2;32;2;14;13;1;26;2;11;11;0;30;0;10;9;1;21;1;5;5;0;23;2;6;6;0;18;0;5;5;0;18;1;1;1;0
30-39;82;6;238;123;108;75;8;227;144;79;70;7;185;138;45;59;9;135;106;27;53;4;79;69;10;60;9;90;74;11;46;8;58;46;8;57;6;45;42;2;54;3;24;23;1;43;6;17;11;5;49;3;24;23;1;33;1;14;14;0;30;1;9;9;0;36;0;9;7;1;23;1;9;8;1;17;4;7;7;0
40-49;39;0;179;55;124;27;4;164;61;102;19;3;120;63;56;29;4;96;51;45;21;2;86;67;19;41;7;77;62;15;51;4;46;37;9;45;0;47;40;7;27;4;44;41;3;34;2;27;23;3;35;4;22;21;1;30;2;20;17;3;23;4;19;19;0;24;2;10;10;0;18;1;14;13;1;16;1;11;11;0
50-59;31;3;184;33;151;30;4;156;39;117;29;4;102;32;70;31;3;108;48;60;34;2;84;52;31;35;3;103;79;24;44;0;71;60;11;33;6;56;47;9;29;2;55;49;6;24;1;42;35;7;24;1;31;28;3;32;2;32;30;2;17;3;28;24;4;24;1;23;21;1;14;0;16;14;2;9;0;10;10;0
60-64;14;5;85;14;71;19;0;77;22;53;9;2;38;15;23;8;2;35;14;21;17;3;47;18;29;14;1;50;33;17;15;1;39;34;5;13;1;36;32;4;15;1;26;25;1;10;1;33;31;2;12;1;26;21;5;8;0;24;19;5;9;1;14;13;1;6;1;18;17;1;9;0;10;9;1;6;0;6;5;1
65-69;12;3;95;13;82;8;0;63;12;51;4;2;53;13;40;13;3;52;17;35;11;3;45;24;21;12;3;51;30;21;15;0;38;29;9;5;0;45;36;9;6;1;37;32;5;10;1;26;22;4;10;0;20;19;1;7;1;28;25;3;6;1;28;26;2;6;1;15;14;1;4;0;16;15;1;1;0;13;12;1
70-79;25;1;280;21;259;18;2;174;22;152;14;2;146;21;124;19;0;116;29;86;27;2;123;35;88;26;3;120;42;78;29;1;96;56;39;18;0;104;78;26;18;0;109;91;18;15;2;123;105;18;18;2;106;98;8;14;1;92;84;8;9;2;100;90;10;11;0;63;60;3;8;1;63;56;7;8;0;35;32;3
80+;29;2;316;24;291;18;1;224;24;200;17;1;179;26;153;23;2;139;21;118;27;5;135;25;108;11;4;156;54;102;21;3;87;44;41;12;4;87;46;40;17;2;88;63;25;12;0;89;76;13;14;1;86;78;8;16;1;110;99;11;9;2;85;80;5;7;2;60;56;4;9;0;46;44;2;4;2;59;56;3
12+;331;33;1607;446;1152;285;28;1288;483;794;266;35;1012;456;546;271;35;810;393;412;251;34;732;402;324;256;39;742;460;276;260;26;487;355;123;226;22;474;369;102;198;16;411;349;61;189;16;375;320;53;191;14;330;303;27;174;8;330;297;33;129;15;291;269;22;140;9;206;192;11;107;3;182;167;15;83;8;143;135;8
Alle;590;43;1624;459;1152;526;36;1302;491;794;518;44;1019;459;546;438;49;812;393;412;346;38;733;402;324;356;44;742;460;276;314;28;487;355;123;282;26;474;369;102;241;17;411;349;61;222;16;375;320;53;220;14;330;303;27;211;8;330;297;33;145;15;291;269;22;160;9;206;192;11;113;3;182;167;15;90;8;143;135;8
