Aldersgruppe;Uge 47-2021_Ingen vaccination;Uge 47-2021_Første vaccination;Uge 47-2021_Anden vaccination;Uge 47-2021_Fuld effekt efter primært forløb;Uge 47-2021_Fuld effekt efter revaccination;Uge 46-2021_Ingen vaccination;Uge 46-2021_Første vaccination;Uge 46-2021_Anden vaccination;Uge 46-2021_Fuld effekt efter primært forløb;Uge 46-2021_Fuld effekt efter revaccination;Uge 45-2021_Ingen vaccination;Uge 45-2021_Første vaccination;Uge 45-2021_Anden vaccination;Uge 45-2021_Fuld effekt efter primært forløb;Uge 45-2021_Fuld effekt efter revaccination;Uge 44-2021_Ingen vaccination;Uge 44-2021_Første vaccination;Uge 44-2021_Anden vaccination;Uge 44-2021_Fuld effekt efter primært forløb;Uge 44-2021_Fuld effekt efter revaccination;Uge 43-2021_Ingen vaccination;Uge 43-2021_Første vaccination;Uge 43-2021_Anden vaccination;Uge 43-2021_Fuld effekt efter primært forløb;Uge 43-2021_Fuld effekt efter revaccination;Uge 42-2021_Ingen vaccination;Uge 42-2021_Første vaccination;Uge 42-2021_Anden vaccination;Uge 42-2021_Fuld effekt efter primært forløb;Uge 42-2021_Fuld effekt efter revaccination;Uge 41-2021_Ingen vaccination;Uge 41-2021_Første vaccination;Uge 41-2021_Anden vaccination;Uge 41-2021_Fuld effekt efter primært forløb;Uge 41-2021_Fuld effekt efter revaccination;Uge 40-2021_Ingen vaccination;Uge 40-2021_Første vaccination;Uge 40-2021_Anden vaccination;Uge 40-2021_Fuld effekt efter primært forløb;Uge 40-2021_Fuld effekt efter revaccination;Uge 39-2021_Ingen vaccination;Uge 39-2021_Første vaccination;Uge 39-2021_Anden vaccination;Uge 39-2021_Fuld effekt efter primært forløb;Uge 39-2021_Fuld effekt efter revaccination;Uge 38-2021_Ingen vaccination;Uge 38-2021_Første vaccination;Uge 38-2021_Anden vaccination;Uge 38-2021_Fuld effekt efter primært forløb;Uge 38-2021_Fuld effekt efter revaccination;Uge 37-2021_Ingen vaccination;Uge 37-2021_Første vaccination;Uge 37-2021_Anden vaccination;Uge 37-2021_Fuld effekt efter primært forløb;Uge 37-2021_Fuld effekt efter revaccination;Uge 36-2021_Ingen vaccination;Uge 36-2021_Første vaccination;Uge 36-2021_Anden vaccination;Uge 36-2021_Fuld effekt efter primært forløb;Uge 36-2021_Fuld effekt efter revaccination;Uge 35-2021_Ingen vaccination;Uge 35-2021_Første vaccination;Uge 35-2021_Anden vaccination;Uge 35-2021_Fuld effekt efter primært forløb;Uge 35-2021_Fuld effekt efter revaccination;Uge 34-2021_Ingen vaccination;Uge 34-2021_Første vaccination;Uge 34-2021_Anden vaccination;Uge 34-2021_Fuld effekt efter primært forløb;Uge 34-2021_Fuld effekt efter revaccination;Uge 33-2021_Ingen vaccination;Uge 33-2021_Første vaccination;Uge 33-2021_Anden vaccination;Uge 33-2021_Fuld effekt efter primært forløb;Uge 33-2021_Fuld effekt efter revaccination;Uge 32-2021_Ingen vaccination;Uge 32-2021_Første vaccination;Uge 32-2021_Anden vaccination;Uge 32-2021_Fuld effekt efter primært forløb;Uge 32-2021_Fuld effekt efter revaccination
0-5;2;0;0;0;0;2;0;0;0;0;2;0;0;0;0;3;0;0;0;0;4;0;0;0;0;3;0;0;0;0;2;0;0;0;0;2;0;0;0;0;0;0;0;0;0;0;0;0;0;0;0;0;0;0;0;0;0;0;0;0;1;0;0;0;0;1;0;0;0;0;1;0;0;0;0;3;0;0;0;0
6-11;44;0;0;0;0;40;0;0;0;0;50;0;0;0;0;28;0;0;0;0;14;0;0;0;0;10;0;0;0;0;0;0;0;0;0;4;0;0;0;0;8;0;0;0;0;3;0;0;0;0;1;0;0;0;0;7;0;0;0;0;7;0;0;0;0;14;0;0;0;0;18;0;0;0;0;8;0;0;0;0
12-15;8;0;3;3;0;25;1;2;2;0;15;1;0;0;0;14;0;1;1;0;11;0;1;1;0;3;0;0;0;0;2;0;0;0;0;5;0;0;0;0;2;0;0;0;0;2;0;0;0;0;2;0;0;0;0;3;0;0;0;0;7;0;0;0;0;9;1;1;1;0;8;0;0;0;0;9;0;0;0;0
16-19;14;1;8;8;0;14;0;2;2;0;22;1;3;3;0;9;0;1;1;0;12;0;1;1;0;7;0;2;2;0;9;0;0;0;0;5;0;2;2;0;1;0;4;4;0;1;0;1;1;0;1;0;0;0;0;3;0;1;1;0;4;0;1;0;0;15;0;2;2;0;15;0;0;0;0;13;1;3;3;0
20-29;67;4;12;9;3;55;4;25;25;0;43;2;13;12;1;44;0;7;7;0;35;1;10;10;0;23;1;7;7;0;6;0;2;2;0;10;0;3;1;0;7;0;2;1;0;1;0;0;0;0;6;0;0;0;0;13;0;2;2;0;19;2;2;1;0;19;1;3;3;0;23;0;0;0;0;45;1;2;0;0
30-39;49;5;14;12;2;33;0;12;11;1;18;1;11;11;0;17;5;6;6;0;17;1;7;7;0;18;0;5;5;0;10;0;3;3;0;4;0;4;4;0;4;0;0;0;0;3;0;0;0;0;5;0;4;3;0;6;2;1;1;0;8;1;2;2;0;11;1;1;1;0;15;1;3;1;0;14;1;2;2;0
40-49;19;2;22;22;0;27;1;15;15;0;16;1;17;17;0;12;0;9;9;0;11;0;12;11;1;10;0;6;6;0;7;0;5;5;0;2;0;3;3;0;2;0;3;3;0;4;0;0;0;0;1;0;3;3;0;3;0;0;0;0;3;1;3;3;0;11;0;1;1;0;16;0;5;5;0;5;0;2;1;0
50-59;5;0;25;25;0;6;0;13;12;0;7;0;7;7;0;3;0;5;5;0;4;0;5;5;0;1;0;8;8;0;1;0;1;1;0;0;0;2;2;0;0;0;0;0;0;1;0;1;1;0;0;0;0;0;0;5;0;2;2;0;5;1;5;4;0;1;2;1;0;0;4;0;1;1;0;5;0;4;4;0
60-64;1;0;5;5;0;1;0;4;4;0;1;1;4;4;0;0;0;4;4;0;0;0;0;0;0;0;0;2;2;0;0;0;1;1;0;0;0;0;0;0;1;0;0;0;0;0;0;2;2;0;0;0;0;0;0;0;0;0;0;0;0;0;0;0;0;0;0;1;1;0;1;0;1;1;0;0;0;0;0;0
65-69;0;0;7;6;1;0;0;1;1;0;0;0;1;1;0;0;0;1;1;0;0;0;1;1;0;0;0;2;2;0;0;1;0;0;0;0;0;0;0;0;0;0;0;0;0;1;0;0;0;0;0;0;2;2;0;0;0;0;0;0;1;0;0;0;0;1;0;1;1;0;0;1;0;0;0;0;0;0;0;0
70-79;0;0;3;3;0;0;0;6;5;1;0;0;2;2;0;0;0;1;1;0;0;0;1;1;0;0;0;5;4;1;0;0;0;0;0;0;0;2;1;1;0;0;0;0;0;0;0;1;1;0;1;0;1;1;0;0;0;2;2;0;1;0;1;1;0;0;0;0;0;0;0;0;0;0;0;0;0;0;0;0
80+;0;0;2;1;1;0;0;3;2;1;0;0;3;3;0;0;0;4;1;3;0;0;1;1;0;0;0;0;0;0;0;0;2;0;2;0;0;2;1;1;0;0;0;0;0;0;0;1;1;0;0;0;1;1;0;0;0;0;0;0;0;0;2;2;0;0;0;1;1;0;0;0;1;1;0;0;0;1;1;0
12+;163;12;101;94;7;161;6;83;79;3;122;7;61;60;1;99;5;39;36;3;90;2;39;38;1;62;1;37;36;1;35;1;14;12;2;26;0;18;14;2;17;0;9;8;0;13;0;6;6;0;16;0;11;10;0;33;2;8;8;0;48;5;16;13;0;67;5;12;11;0;82;2;11;9;0;91;3;14;11;0
Alle;209;12;101;94;7;203;6;83;79;3;174;7;61;60;1;130;5;39;36;3;108;2;39;38;1;75;1;37;36;1;37;1;14;12;2;32;0;18;14;2;25;0;9;8;0;16;0;6;6;0;17;0;11;10;0;40;2;8;8;0;56;5;16;13;0;82;5;12;11;0;101;2;11;9;0;102;3;14;11;0
