Dato,NyePositive_PCR,NyePositive_Antigen,AntalTest_PCR,AntalTest_Antigen,Dødsfald,Nyindlæggelser
2020-01-27,0,0,0,0,0,0
2020-01-28,0,0,0,0,0,0
2020-01-29,0,0,0,0,0,0
2020-01-30,0,0,0,0,0,0
2020-01-31,0,0,0,0,0,0
2020-02-01,0,0,0,0,0,0
2020-02-02,0,0,1,0,0,0
2020-02-03,0,0,0,0,0,0
2020-02-04,0,0,0,0,0,0
2020-02-05,0,0,0,0,0,0
2020-02-06,0,0,0,0,0,0
2020-02-07,0,0,0,0,0,0
2020-02-08,0,0,0,0,0,0
2020-02-09,0,0,0,0,0,0
2020-02-10,0,0,0,0,0,0
2020-02-11,0,0,0,0,0,0
2020-02-12,0,0,0,0,0,0
2020-02-13,0,0,1,0,0,0
2020-02-14,0,0,0,0,0,0
2020-02-15,0,0,0,0,0,0
2020-02-16,0,0,0,0,0,0
2020-02-17,0,0,1,0,0,0
2020-02-18,0,0,2,0,0,0
2020-02-19,0,0,2,0,0,0
2020-02-20,0,0,1,0,0,0
2020-02-21,0,0,0,0,0,0
2020-02-22,0,0,1,0,0,0
2020-02-23,0,0,0,0,0,0
2020-02-24,0,0,0,0,0,0
2020-02-25,0,0,10,0,0,0
2020-02-26,1,0,30,0,0,0
2020-02-27,1,0,109,0,0,0
2020-02-28,1,0,62,0,0,0
2020-02-29,0,0,74,0,0,0
2020-03-01,1,0,49,0,0,1
2020-03-02,4,0,80,0,0,0
2020-03-03,5,0,63,0,0,1
2020-03-04,3,0,88,0,0,0
2020-03-05,10,0,109,0,0,1
2020-03-06,2,0,127,0,0,4
2020-03-07,9,0,108,0,0,0
2020-03-08,48,0,229,0,0,3
2020-03-09,210,0,577,0,0,9
2020-03-10,256,0,806,0,0,15
2020-03-11,207,0,882,0,1,10
2020-03-12,44,0,676,0,0,18
2020-03-13,33,0,710,0,0,26
2020-03-14,37,0,583,0,1,24
2020-03-15,45,0,726,0,2,33
2020-03-16,74,0,1016,0,1,45
2020-03-17,76,0,948,0,1,47
2020-03-18,83,0,1226,0,4,47
2020-03-19,107,0,1848,0,5,50
2020-03-20,103,0,1178,0,4,64
2020-03-21,48,0,602,0,3,34
2020-03-22,62,0,532,0,3,42
2020-03-23,132,0,1124,0,6,85
2020-03-24,139,0,1123,0,6,82
2020-03-25,151,0,1371,0,6,90
2020-03-26,171,0,1608,0,12,79
2020-03-27,217,0,2110,0,12,87
2020-03-28,200,0,1383,0,9,83
2020-03-29,128,0,1301,0,8,52
2020-03-30,313,0,3218,0,11,69
2020-03-31,255,0,3209,0,15,51
2020-04-01,282,0,3558,0,22,61
2020-04-02,382,0,5749,0,18,72
2020-04-03,473,0,6615,0,20,72
2020-04-04,312,0,3685,0,15,44
2020-04-05,158,0,2187,0,12,36
2020-04-06,424,0,6530,0,17,51
2020-04-07,347,0,6350,0,12,56
2020-04-08,301,0,5608,24,15,28
2020-04-09,140,0,2522,0,13,34
2020-04-10,142,0,2303,0,16,34
2020-04-11,140,0,2210,0,11,31
2020-04-12,157,0,2118,12,11,27
2020-04-13,156,0,2129,0,16,30
2020-04-14,258,0,6186,0,12,45
2020-04-15,199,0,5600,0,10,30
2020-04-16,178,0,5299,47,12,33
2020-04-17,168,0,4774,0,9,27
2020-04-18,106,0,2271,0,10,27
2020-04-19,114,0,1860,0,6,34
2020-04-20,215,0,6642,0,7,33
2020-04-21,202,0,9745,41,12,38
2020-04-22,229,0,11580,57,14,29
2020-04-23,232,0,12459,0,10,33
2020-04-24,165,0,14781,0,6,22
2020-04-25,136,0,12416,0,5,27
2020-04-26,121,0,10301,0,5,26
2020-04-27,219,0,17341,0,9,21
2020-04-28,136,0,16262,0,10,15
2020-04-29,140,0,16058,0,9,15
2020-04-30,149,0,15935,0,9,17
2020-05-01,152,0,14432,0,11,16
2020-05-02,117,0,11149,0,8,24
2020-05-03,78,0,9001,0,9,16
2020-05-04,124,0,17830,0,7,15
2020-05-05,123,0,16018,0,3,17
2020-05-06,107,0,14525,35,6,6
2020-05-07,123,0,14414,1,6,15
2020-05-08,69,0,8378,0,4,9
2020-05-09,66,1,8250,1,3,10
2020-05-10,60,0,6693,0,5,10
2020-05-11,79,0,16449,0,4,8
2020-05-12,58,0,14777,2,7,8
2020-05-13,71,0,14713,0,5,6
2020-05-14,64,0,12977,0,0,13
2020-05-15,91,0,12650,0,6,17
2020-05-16,35,0,7715,0,3,5
2020-05-17,50,0,7094,0,3,4
2020-05-18,82,0,15262,0,3,14
2020-05-19,64,0,14906,0,2,8
2020-05-20,72,0,14432,0,5,7
2020-05-21,31,0,8505,0,0,6
2020-05-22,73,0,12316,0,1,13
2020-05-23,38,0,8804,0,1,11
2020-05-24,37,0,8687,0,1,2
2020-05-25,52,0,18300,0,0,6
2020-05-26,63,0,15980,0,3,11
2020-05-27,52,0,14781,0,1,7
2020-05-28,39,0,13141,0,0,5
2020-05-29,46,0,11786,0,1,9
2020-05-30,33,0,7181,0,4,7
2020-05-31,22,0,7648,0,2,4
2020-06-01,36,0,8745,0,3,5
2020-06-02,56,0,15549,0,1,6
2020-06-03,53,0,13383,0,1,3
2020-06-04,42,0,11864,0,4,6
2020-06-05,36,0,9679,0,2,9
2020-06-06,15,0,7986,0,3,2
2020-06-07,14,0,7766,56,2,4
2020-06-08,47,0,16855,0,0,5
2020-06-09,31,0,15662,0,0,1
2020-06-10,41,0,14968,0,0,1
2020-06-11,49,0,14613,0,1,1
2020-06-12,60,0,14881,0,3,6
2020-06-13,28,0,10019,1,0,5
2020-06-14,23,0,9069,0,1,2
2020-06-15,41,0,17724,0,0,4
2020-06-16,47,0,18209,0,1,8
2020-06-17,76,0,19224,0,1,5
2020-06-18,49,0,17511,0,1,5
2020-06-19,44,0,16991,0,1,4
2020-06-20,39,0,12112,0,1,4
2020-06-21,35,0,11430,26,0,4
2020-06-22,48,0,21462,0,0,6
2020-06-23,19,0,20913,0,1,4
2020-06-24,45,0,20075,0,0,6
2020-06-25,32,0,16827,0,1,5
2020-06-26,24,0,15741,0,0,1
2020-06-27,20,0,9488,0,0,4
2020-06-28,11,0,9458,0,1,6
2020-06-29,30,0,18722,0,0,3
2020-06-30,26,0,17888,0,0,0
2020-07-01,12,0,17616,0,1,2
2020-07-02,15,0,15357,0,0,4
2020-07-03,20,0,14320,0,0,3
2020-07-04,14,0,9670,0,1,0
2020-07-05,13,0,9741,0,0,3
2020-07-06,11,0,17840,0,2,4
2020-07-07,13,0,16513,0,0,2
2020-07-08,27,0,15898,0,0,1
2020-07-09,41,0,14341,0,0,3
2020-07-10,34,0,14184,0,3,3
2020-07-11,24,0,9656,0,1,5
2020-07-12,23,0,9131,0,0,1
2020-07-13,35,0,18279,0,0,0
2020-07-14,35,0,16718,0,0,4
2020-07-15,44,0,16346,0,1,5
2020-07-16,52,0,15181,0,0,1
2020-07-17,33,0,14276,0,1,4
2020-07-18,43,0,10671,0,0,2
2020-07-19,28,0,10940,0,0,2
2020-07-20,33,0,18211,0,0,4
2020-07-21,37,0,16694,0,0,2
2020-07-22,36,0,16644,0,2,4
2020-07-23,55,0,15790,0,0,2
2020-07-24,37,0,16108,0,0,2
2020-07-25,27,0,11731,0,0,5
2020-07-26,25,0,12805,0,0,3
2020-07-27,64,0,20724,0,0,3
2020-07-28,78,0,20376,0,1,2
2020-07-29,66,0,20224,0,1,7
2020-07-30,84,0,20541,0,0,5
2020-07-31,58,0,19915,0,1,3
2020-08-01,65,0,14305,0,0,4
2020-08-02,78,0,15716,0,0,2
2020-08-03,118,0,23844,0,0,7
2020-08-04,122,0,24946,0,0,5
2020-08-05,118,0,24854,1,1,7
2020-08-06,175,0,26848,0,0,4
2020-08-07,143,0,27059,0,0,5
2020-08-08,90,0,20788,0,1,3
2020-08-09,131,0,20932,0,2,3
2020-08-10,157,0,30953,0,1,4
2020-08-11,137,0,33527,0,0,3
2020-08-12,163,0,34727,0,0,3
2020-08-13,117,0,33796,8,0,4
2020-08-14,113,0,32563,0,0,6
2020-08-15,128,0,25250,0,0,2
2020-08-16,90,0,25599,0,0,5
2020-08-17,97,0,35579,0,0,8
2020-08-18,114,0,37881,0,0,1
2020-08-19,87,0,39067,0,0,6
2020-08-20,88,0,38011,0,0,8
2020-08-21,88,0,35709,0,1,5
2020-08-22,89,0,28635,0,1,3
2020-08-23,75,0,27561,0,0,4
2020-08-24,75,0,39336,0,0,3
2020-08-25,85,0,39814,0,1,4
2020-08-26,81,0,40054,0,0,9
2020-08-27,71,0,38675,0,0,1
2020-08-28,109,0,35429,0,0,4
2020-08-29,90,0,25184,0,0,2
2020-08-30,105,0,25244,0,0,4
2020-08-31,123,0,39637,0,2,6
2020-09-01,201,0,39253,0,0,1
2020-09-02,160,0,40019,0,0,5
2020-09-03,194,0,38809,24,1,4
2020-09-04,205,0,40138,0,0,8
2020-09-05,200,0,28976,0,0,13
2020-09-06,224,0,29754,0,1,9
2020-09-07,297,0,47893,0,1,7
2020-09-08,329,0,48354,0,0,6
2020-09-09,294,0,48840,0,1,13
2020-09-10,371,0,52171,0,0,14
2020-09-11,348,0,50575,0,1,11
2020-09-12,302,0,41718,0,1,17
2020-09-13,298,0,41900,0,2,10
2020-09-14,384,0,55785,1,0,13
2020-09-15,439,0,56157,0,1,14
2020-09-16,560,0,56699,0,1,21
2020-09-17,519,0,52062,0,0,13
2020-09-18,477,0,51572,0,0,14
2020-09-19,421,0,40425,0,3,24
2020-09-20,411,0,40969,0,3,19
2020-09-21,538,0,54189,0,1,21
2020-09-22,592,0,56633,0,2,14
2020-09-23,656,0,55683,0,1,24
2020-09-24,608,0,53932,0,2,26
2020-09-25,488,0,51594,0,1,18
2020-09-26,396,0,39984,0,1,12
2020-09-27,359,0,39623,0,0,20
2020-09-28,485,0,54003,0,1,21
2020-09-29,452,0,50817,0,1,14
2020-09-30,438,0,47976,0,0,20
2020-10-01,433,0,44598,0,2,23
2020-10-02,368,0,43183,0,2,19
2020-10-03,339,0,33981,0,3,11
2020-10-04,313,0,33955,0,3,21
2020-10-05,435,0,52642,0,2,31
2020-10-06,431,0,53627,0,0,10
2020-10-07,452,0,50486,0,1,16
2020-10-08,426,0,48124,0,3,9
2020-10-09,415,0,39706,0,1,15
2020-10-10,286,0,27469,0,3,15
2020-10-11,256,0,26770,0,2,14
2020-10-12,467,0,40601,0,3,24
2020-10-13,436,0,36289,0,1,19
2020-10-14,480,0,36127,0,1,22
2020-10-15,459,0,35456,0,0,21
2020-10-16,478,0,34773,0,2,21
2020-10-17,433,1,27153,1,5,15
2020-10-18,457,0,30274,0,3,24
2020-10-19,706,0,48310,0,1,25
2020-10-20,792,0,44678,0,3,19
2020-10-21,865,0,47533,0,4,25
2020-10-22,880,1,49655,1,4,18
2020-10-23,866,0,50591,0,5,27
2020-10-24,824,0,45801,0,3,22
2020-10-25,927,0,51926,0,3,27
2020-10-26,1021,2,66140,2,3,33
2020-10-27,1262,6,73495,6,2,35
2020-10-28,1220,2,70458,2,3,30
2020-10-29,1024,0,68123,0,2,37
2020-10-30,1095,0,64106,0,1,33
2020-10-31,985,0,51286,0,2,40
2020-11-01,965,0,51835,0,1,38
2020-11-02,1284,0,70513,0,4,40
2020-11-03,1268,1,73758,1,3,41
2020-11-04,1257,1,71633,1,5,52
2020-11-05,1042,0,71485,0,3,48
2020-11-06,971,4,69486,4,4,32
2020-11-07,848,0,59039,0,1,29
2020-11-08,758,0,58175,0,4,39
2020-11-09,1063,1,81330,1,4,56
2020-11-10,1083,1,80782,1,2,38
2020-11-11,1107,1,76243,1,1,49
2020-11-12,1067,5,74229,5,1,34
2020-11-13,1158,2,72041,2,1,39
2020-11-14,1056,0,56124,0,5,34
2020-11-15,1007,1,55306,1,3,32
2020-11-16,1264,1,79314,1,4,51
2020-11-17,1341,3,82542,3,3,62
2020-11-18,1351,1,79931,1,5,46
2020-11-19,1236,0,75401,0,3,43
2020-11-20,1260,1,72595,1,4,42
2020-11-21,1010,0,57736,0,5,33
2020-11-22,1014,0,60988,0,6,40
2020-11-23,1198,2,77416,2,3,48
2020-11-24,1342,3,83748,3,6,40
2020-11-25,1323,0,80273,0,8,49
2020-11-26,1277,1,80400,1,4,47
2020-11-27,1323,1,72172,1,8,29
2020-11-28,1160,0,56611,0,6,31
2020-11-29,1177,0,58070,0,11,34
2020-11-30,1554,3,80795,3,7,45
2020-12-01,1726,1,82560,1,10,50
2020-12-02,1894,0,84882,6,6,54
2020-12-03,1927,2,88424,2,11,55
2020-12-04,2037,0,81878,0,7,56
2020-12-05,1723,0,63397,0,11,67
2020-12-06,1985,4,69187,31,9,69
2020-12-07,2768,6,98386,54,6,91
2020-12-08,3140,7,110530,7,7,62
2020-12-09,3206,13,109653,14,10,76
2020-12-10,3308,33,109672,510,7,100
2020-12-11,3316,59,102375,59,7,95
2020-12-12,3100,42,85552,102,8,85
2020-12-13,3172,52,86855,53,11,103
2020-12-14,4011,72,122595,81,11,127
2020-12-15,4323,53,134500,63,17,147
2020-12-16,4416,92,136603,167,14,141
2020-12-17,3642,89,133887,98,15,147
2020-12-18,3153,129,130245,241,11,149
2020-12-19,2767,91,115115,93,20,153
2020-12-20,2466,107,120928,114,19,128
2020-12-21,3119,162,168293,167,19,184
2020-12-22,2896,208,163526,213,21,148
2020-12-23,3101,195,120592,205,19,153
2020-12-24,1492,100,38867,103,22,122
2020-12-25,1610,90,39382,97,21,168
2020-12-26,2702,133,62850,144,26,145
2020-12-27,2201,137,67157,144,29,138
2020-12-28,3098,130,112261,134,25,210
2020-12-29,2506,149,117889,157,32,145
2020-12-30,2794,152,111380,157,28,127
2020-12-31,1243,86,34455,89,33,122
2021-01-01,1215,36,32021,37,21,150
2021-01-02,2070,59,73453,60,33,139
2021-01-03,1683,62,65623,63,28,116
2021-01-04,2487,59,107361,149,27,158
2021-01-05,1944,40,105577,57,21,105
2021-01-06,1670,42,97035,2479,36,134
2021-01-07,1597,37,86421,47,29,140
2021-01-08,1444,31,76570,35,26,118
2021-01-09,1209,12,53522,13,24,113
2021-01-10,999,24,48754,67,36,107
2021-01-11,1370,23,82711,35,25,124
2021-01-12,1271,10,86191,14,38,99
2021-01-13,1129,10,78860,13,30,107
2021-01-14,1022,11,106737,29,29,91
2021-01-15,863,21,100908,38,26,101
2021-01-16,727,20,77359,50,31,79
2021-01-17,681,17,75273,81,29,81
2021-01-18,944,18,111395,85,29,128
2021-01-19,922,10,125187,39,39,107
2021-01-20,784,17,116678,58,29,67
2021-01-21,869,15,126729,53,27,90
2021-01-22,723,10,113152,45,24,81
2021-01-23,597,13,81783,26,26,59
2021-01-24,519,21,80054,3194,20,61
2021-01-25,728,13,126982,92,25,73
2021-01-26,694,8,123901,52,20,50
2021-01-27,538,6,117644,6,17,58
2021-01-28,515,5,138737,6,19,51
2021-01-29,410,10,118175,10,19,50
2021-01-30,368,2,83169,2,19,29
2021-01-31,397,6,77543,6,17,42
2021-02-01,513,8,128098,5717,14,48
2021-02-02,494,9,119524,5361,11,38
2021-02-03,435,11,115170,5705,17,32
2021-02-04,446,8,148437,5173,15,33
2021-02-05,414,7,132806,4923,11,42
2021-02-06,439,13,91274,2870,7,23
2021-02-07,391,15,78960,3358,8,32
2021-02-08,449,14,128812,8126,14,35
2021-02-09,463,6,118728,6997,16,41
2021-02-10,450,14,122961,8092,12,36
2021-02-11,384,14,152940,10456,10,27
2021-02-12,318,12,131565,10374,7,21
2021-02-13,336,15,90105,5329,9,33
2021-02-14,344,22,84946,5335,5,21
2021-02-15,410,54,130691,19439,7,28
2021-02-16,531,65,124600,19194,3,21
2021-02-17,514,95,124135,29209,6,23
2021-02-18,554,56,153808,33231,9,35
2021-02-19,467,93,128791,37940,4,33
2021-02-20,438,60,97624,23729,5,25
2021-02-21,477,100,96919,22455,5,22
2021-02-22,603,100,148825,29633,0,31
2021-02-23,618,108,139626,33453,2,27
2021-02-24,546,96,135900,33754,7,34
2021-02-25,555,90,168629,32427,2,34
2021-02-26,501,120,153366,41153,4,26
2021-02-27,432,97,120289,25089,5,27
2021-02-28,485,115,118142,27345,3,23
2021-03-01,604,93,168917,40790,2,25
2021-03-02,610,107,161159,43555,4,39
2021-03-03,562,107,156540,50286,3,32
2021-03-04,497,180,187079,63087,2,32
2021-03-05,480,172,155247,71924,0,24
2021-03-06,462,132,115482,42364,3,44
2021-03-07,464,199,121643,44977,2,27
2021-03-08,609,231,170438,72631,0,26
2021-03-09,644,180,155495,70436,3,36
2021-03-10,561,234,153601,65995,3,32
2021-03-11,591,165,186540,65496,3,32
2021-03-12,498,164,161225,67846,2,21
2021-03-13,468,151,131523,62108,1,31
2021-03-14,490,177,134737,82021,2,26
2021-03-15,652,256,188321,124083,2,29
2021-03-16,755,264,179905,130159,0,38
2021-03-17,688,189,167816,116826,2,31
2021-03-18,664,217,193846,138203,1,31
2021-03-19,654,147,164797,101133,4,20
2021-03-20,594,137,130659,63403,0,23
2021-03-21,570,202,135468,100570,1,33
2021-03-22,802,227,187780,148115,3,46
2021-03-23,817,192,180908,153676,2,25
2021-03-24,801,192,173667,135573,8,33
2021-03-25,659,233,191865,161166,1,43
2021-03-26,719,174,175053,145726,2,33
2021-03-27,681,154,120349,72430,3,39
2021-03-28,617,155,123458,70854,0,34
2021-03-29,777,255,187580,116889,1,52
2021-03-30,689,234,194732,128129,3,36
2021-03-31,699,144,194863,106598,4,47
2021-04-01,720,196,139653,112893,1,37
2021-04-02,557,192,113863,106107,4,36
2021-04-03,531,177,128678,92145,1,31
2021-04-04,471,164,166344,110062,1,29
2021-04-05,565,272,179399,217108,3,26
2021-04-06,716,266,208208,241231,1,45
2021-04-07,729,247,176614,213772,2,33
2021-04-08,732,259,192860,257993,2,36
2021-04-09,736,200,172698,209139,3,32
2021-04-10,558,145,151559,103134,1,29
2021-04-11,542,205,154063,180121,3,25
2021-04-12,781,291,204536,306017,3,34
2021-04-13,750,238,190850,249651,0,33
2021-04-14,733,233,182677,233777,2,30
2021-04-15,740,298,201282,278303,2,35
2021-04-16,713,224,167799,221706,5,28
2021-04-17,662,152,142504,85498,3,35
2021-04-18,721,246,152066,164758,3,39
2021-04-19,878,290,200155,312274,2,43
2021-04-20,855,284,189176,282774,3,38
2021-04-21,701,267,187453,300395,4,32
2021-04-22,643,247,224476,372323,3,30
2021-04-23,637,220,180561,328986,1,30
2021-04-24,572,180,139579,183154,3,32
2021-04-25,604,194,152632,223579,1,16
2021-04-26,784,359,193740,406711,1,29
2021-04-27,904,311,179121,324729,3,41
2021-04-28,815,291,185265,327187,2,34
2021-04-29,814,364,226852,452423,3,41
2021-04-30,763,240,136200,251140,3,22
2021-05-01,696,224,130872,206107,1,25
2021-05-02,720,256,151394,256221,2,28
2021-05-03,1028,343,190635,405592,0,30
2021-05-04,981,355,177516,321914,2,27
2021-05-05,1065,321,196367,365247,1,23
2021-05-06,892,322,234542,496582,1,26
2021-05-07,906,348,200150,451008,2,41
2021-05-08,851,244,144938,268813,0,36
2021-05-09,808,283,162860,301508,0,27
2021-05-10,1143,441,209849,543319,2,48
2021-05-11,1305,455,197687,436800,0,22
2021-05-12,1165,474,221294,470326,0,39
2021-05-13,908,357,178537,327155,1,38
2021-05-14,881,366,167430,360815,3,46
2021-05-15,945,314,139421,291724,1,33
2021-05-16,926,382,168298,339722,1,32
2021-05-17,1158,460,203145,548367,1,27
2021-05-18,1168,389,179027,437088,0,25
2021-05-19,1143,361,175790,433806,1,38
2021-05-20,1024,445,214379,538061,0,22
2021-05-21,836,368,185231,517236,1,42
2021-05-22,792,281,112613,292068,2,24
2021-05-23,805,229,133409,276906,1,28
2021-05-24,868,319,148020,367154,1,23
2021-05-25,1104,456,171123,543545,1,30
2021-05-26,1201,401,151520,395149,2,31
2021-05-27,1004,451,200633,526293,1,38
2021-05-28,928,397,152513,539701,2,33
2021-05-29,817,295,94192,245999,0,26
2021-05-30,824,329,122760,287044,0,20
2021-05-31,1022,457,149516,525878,0,38
2021-06-01,1109,364,129145,405882,1,29
2021-06-02,931,354,139366,381944,0,25
2021-06-03,757,350,189226,498278,0,27
2021-06-04,711,348,141853,477314,1,23
2021-06-05,627,241,78633,234765,0,14
2021-06-06,547,261,109177,269943,2,14
2021-06-07,626,308,127208,478722,0,26
2021-06-08,519,243,106168,371956,0,16
2021-06-09,485,240,109298,339630,3,30
2021-06-10,420,216,154252,449049,1,17
2021-06-11,318,216,105588,441666,1,14
2021-06-12,249,118,57796,226963,0,10
2021-06-13,230,131,80474,239085,2,19
2021-06-14,317,185,94816,420145,2,18
2021-06-15,310,152,87122,337973,0,12
2021-06-16,288,158,89874,310997,0,11
2021-06-17,218,119,113782,379198,1,7
2021-06-18,203,132,82580,369445,1,11
2021-06-19,174,99,50923,195769,1,12
2021-06-20,162,119,73500,238011,0,12
2021-06-21,194,144,77608,409778,0,7
2021-06-22,180,124,70906,285422,0,9
2021-06-23,207,48,76053,88655,0,10
2021-06-24,220,134,116866,346674,0,8
2021-06-25,196,109,87014,328901,2,8
2021-06-26,145,80,52419,187823,1,7
2021-06-27,186,83,64197,177835,1,5
2021-06-28,292,149,78485,238831,1,3
2021-06-29,403,166,75907,196409,0,4
2021-06-30,483,186,89971,212781,0,8
2021-07-01,391,153,132376,235419,2,11
2021-07-02,374,186,110546,253802,0,6
2021-07-03,357,162,68788,182846,0,3
2021-07-04,407,149,79928,150612,1,5
2021-07-05,685,183,93859,197878,0,10
2021-07-06,665,213,88048,178313,0,7
2021-07-07,625,255,92269,189240,0,8
2021-07-08,551,215,119403,169006,0,13
2021-07-09,571,271,108993,210654,1,7
2021-07-10,656,277,74717,166376,0,8
2021-07-11,928,340,76385,135459,0,13
2021-07-12,1121,428,85260,160017,0,15
2021-07-13,1226,469,79945,142585,0,19
2021-07-14,1195,431,86571,133114,2,15
2021-07-15,1043,402,109679,147528,1,17
2021-07-16,813,384,99608,170482,0,15
2021-07-17,783,313,73147,136331,0,10
2021-07-18,726,286,76985,132685,0,12
2021-07-19,858,355,81576,151341,0,18
2021-07-20,818,314,70232,139879,1,15
2021-07-21,806,273,71606,131425,0,14
2021-07-22,708,269,82682,133198,0,14
2021-07-23,742,317,75618,147975,0,14
2021-07-24,638,284,52941,113874,0,8
2021-07-25,776,344,61487,111684,2,19
2021-07-26,1036,418,67245,127126,2,17
2021-07-27,978,399,58079,109626,0,24
2021-07-28,991,378,63415,109124,1,16
2021-07-29,893,344,73530,116838,1,17
2021-07-30,858,342,69951,136790,0,21
2021-07-31,755,292,53682,111356,1,11
2021-08-01,839,332,55634,93356,0,12
2021-08-02,921,352,56891,93950,0,12
2021-08-03,889,335,49697,79623,1,20
2021-08-04,934,355,54788,75436,1,15
2021-08-05,940,380,66717,83859,0,26
2021-08-06,926,404,71155,109627,0,19
2021-08-07,853,328,57819,92805,1,22
2021-08-08,987,426,60936,95637,1,17
2021-08-09,1104,394,59745,79491,1,26
2021-08-10,1089,352,52837,80422,2,30
2021-08-11,1004,345,54336,73470,0,32
2021-08-12,1013,378,70000,91242,3,26
2021-08-13,976,362,67014,111208,1,22
2021-08-14,840,273,45325,73854,0,25
2021-08-15,949,335,59032,62497,1,31
2021-08-16,1119,323,68422,87157,1,31
2021-08-17,1045,286,66545,81417,1,27
2021-08-18,987,318,69425,74004,1,34
2021-08-19,1031,308,83646,92020,1,32
2021-08-20,1001,268,74762,110149,1,29
2021-08-21,779,235,48420,72051,2,40
2021-08-22,1005,276,61585,60950,1,34
2021-08-23,1060,273,79253,87564,2,26
2021-08-24,1020,272,73737,82671,1,34
2021-08-25,963,299,80616,77814,1,33
2021-08-26,1040,220,89348,92936,2,27
2021-08-27,750,226,76033,105477,3,39
2021-08-28,683,201,47486,65116,2,27
2021-08-29,790,229,57656,53384,2,19
2021-08-30,920,244,69703,74416,1,40
2021-08-31,826,216,64899,69618,0,31
2021-09-01,726,219,60596,53965,1,30
2021-09-02,597,154,69563,62279,4,30
2021-09-03,548,183,55040,72487,2,18
2021-09-04,425,158,34193,41282,0,26
2021-09-05,482,147,43773,34239,2,23
2021-09-06,596,161,59323,57548,4,29
2021-09-07,616,184,51880,53680,4,31
2021-09-08,508,164,48924,44354,6,23
2021-09-09,502,168,55018,50932,4,27
2021-09-10,389,158,45416,52544,2,20
2021-09-11,318,93,28741,25942,1,11
2021-09-12,333,110,34822,23588,2,17
2021-09-13,417,134,46180,42974,0,22
2021-09-14,349,137,41398,38735,3,11
2021-09-15,320,93,40243,30951,3,14
2021-09-16,317,106,47201,39133,5,15
2021-09-17,316,115,36721,39204,1,12
2021-09-18,210,80,23252,17414,3,10
2021-09-19,274,107,29043,16097,3,11
2021-09-20,384,116,41174,38770,3,17
2021-09-21,350,104,37398,35204,1,13
2021-09-22,371,119,37834,27261,4,13
2021-09-23,379,124,41673,34108,2,11
2021-09-24,357,117,34464,34970,2,13
2021-09-25,341,127,21507,15603,3,12
2021-09-26,365,96,28538,14982,2,20
2021-09-27,497,145,40218,35614,5,12
2021-09-28,540,160,37697,32877,2,9
2021-09-29,417,150,38250,27411,2,17
2021-09-30,449,114,42471,32091,3,13
2021-10-01,404,110,34222,30129,3,22
2021-10-02,327,110,22810,14060,1,6
2021-10-03,414,112,29486,13812,0,9
2021-10-04,576,170,41856,32364,0,18
2021-10-05,569,153,39077,29018,2,23
2021-10-06,648,201,38076,28596,2,21
2021-10-07,662,196,46316,31808,2,11
2021-10-08,617,173,38900,30655,0,12
2021-10-09,474,84,27444,9979,3,17
2021-10-10,562,34,37057,2137,2,15
2021-10-11,762,47,54406,20409,2,17
2021-10-12,771,99,53793,20478,0,14
2021-10-13,763,61,56097,18100,4,38
2021-10-14,781,69,70188,19344,1,25
2021-10-15,664,69,56834,8514,2,31
2021-10-16,607,48,39674,3147,3,24
2021-10-17,726,46,40729,3089,4,20
2021-10-18,983,64,54154,3729,1,36
2021-10-19,1134,90,55523,3380,3,23
2021-10-20,1309,100,70885,4076,2,39
2021-10-21,1425,90,90827,4886,2,36
2021-10-22,1254,113,70425,4914,1,42
2021-10-23,1216,94,54824,4433,1,35
2021-10-24,1466,103,71425,4501,0,45
2021-10-25,1639,120,87535,23530,4,37
2021-10-26,1929,147,86954,25706,3,37
2021-10-27,1855,173,89213,25694,2,55
2021-10-28,1802,161,111773,28713,1,43
2021-10-29,1638,161,98641,26205,4,48
2021-10-30,1422,189,69801,9177,3,44
2021-10-31,1740,263,85293,11896,2,47
2021-11-01,2249,386,121029,42011,0,64
2021-11-02,2357,434,120256,47715,3,60
2021-11-03,2342,535,114558,51335,3,52
2021-11-04,2370,514,145069,62662,8,63
2021-11-05,2245,594,127982,68751,3,48
2021-11-06,1975,399,88943,36364,4,44
2021-11-07,2613,608,112979,37137,4,56
2021-11-08,3356,983,151413,86483,1,63
2021-11-09,3576,913,168941,96318,3,53
2021-11-10,3542,1040,156806,99354,4,70
2021-11-11,3464,1148,191429,114706,4,69
2021-11-12,3001,1039,155513,137846,6,77
2021-11-13,2922,780,115609,79166,9,65
2021-11-14,3087,1059,127559,76780,6,68
2021-11-15,4536,1421,171132,140810,10,90
2021-11-16,4148,1396,170672,129589,4,84
2021-11-17,3966,1480,165186,133736,3,79
2021-11-18,4194,1400,196447,152468,8,82
2021-11-19,4120,1354,175515,167961,8,76
2021-11-20,3721,1040,131133,103530,4,84
2021-11-21,3693,1362,140032,91409,4,73
2021-11-22,4514,1638,180696,153052,7,90
2021-11-23,4717,1524,184798,147450,11,83
2021-11-24,4033,1708,180897,157563,10,73
2021-11-25,4106,1583,215106,186410,13,87
2021-11-26,4163,1429,180767,193986,11,87
2021-11-27,3853,1126,134987,120398,10,74
2021-11-28,3893,1448,148618,122078,15,77
2021-11-29,5098,1772,196780,197700,10,85
2021-11-30,5425,1833,196850,190644,13,95
2021-12-01,4554,1843,185374,175993,5,86
2021-12-02,4595,1797,213501,216162,13,89
2021-12-03,5183,1769,188044,234996,12,100
2021-12-04,5107,1456,140793,141653,9,91
2021-12-05,4809,1988,147723,142652,7,80
2021-12-06,7117,2728,209441,226034,9,115
2021-12-07,7355,2626,207988,231014,7,95
2021-12-08,6691,2726,205267,237365,16,102
2021-12-09,6669,2617,243094,265845,8,88
2021-12-10,6960,2422,210759,271922,9,118
2021-12-11,6716,2003,153998,175592,11,80
2021-12-12,7168,2909,165474,175621,6,94
2021-12-13,10625,4141,229956,258540,10,124
2021-12-14,11541,4292,221946,251630,8,107
2021-12-15,11236,4458,217010,222659,11,138
2021-12-16,10604,4367,254687,252693,10,117
2021-12-17,11075,4257,233621,270017,14,127
2021-12-18,10465,3985,174170,218690,12,107
2021-12-19,10641,4827,180303,217676,13,98
2021-12-20,13940,5882,267265,245315,12,124
2021-12-21,13722,5887,254891,248725,11,132
2021-12-22,12301,5637,269154,272254,14,147
2021-12-23,13299,4594,243142,274568,19,142
2021-12-24,7427,4017,71463,153228,10,91
2021-12-25,8265,4291,71502,126274,11,122
2021-12-26,11569,5486,79593,164703,11,112
2021-12-27,24016,6753,182893,202813,8,184
2021-12-28,23324,6622,191225,208632,12,174
2021-12-29,18377,6165,213586,234126,9,186
2021-12-30,20475,5694,225532,310330,9,172
2021-12-31,10290,3950,71131,177759,11,126
2022-01-01,9220,2821,73332,65886,12,174
2022-01-02,21493,7543,152832,217937,10,182
2022-01-03,27717,8430,219138,235038,15,228
2022-01-04,25834,7725,204144,256349,15,191
2022-01-05,19199,5296,183181,223063,16,162
2022-01-06,16888,4453,209706,245184,17,178
2022-01-07,15663,4088,182209,237990,17,148
2022-01-08,14632,3430,134114,142957,15,131
2022-01-09,17542,5216,147918,201880,16,160
2022-01-10,25020,6221,208045,240653,17,200
2022-01-11,24485,5900,193528,237086,18,210
2022-01-12,24340,5803,185453,230551,17,195
2022-01-13,25588,6534,221167,253481,15,214
2022-01-14,27760,6912,203269,252440,13,191
2022-01-15,27017,6145,154842,156462,9,171
2022-01-16,30057,9967,170983,227466,18,209
2022-01-17,44355,10986,245756,273538,11,263
2022-01-18,43194,10994,235669,265983,8,253
2022-01-19,40540,9857,224745,248085,25,229
2022-01-20,40124,9656,251937,253864,22,234
2022-01-21,40168,9553,227016,256887,21,237
2022-01-22,37177,8411,172846,166510,10,222
2022-01-23,40712,12438,182868,217778,15,249
2022-01-24,57494,13662,259877,257068,15,305
2022-01-25,52117,12022,228826,222444,21,306
2022-01-26,44680,10309,201777,192906,21,296
2022-01-27,41731,9168,208355,184903,18,312
2022-01-28,38295,8572,173600,176663,22,274
2022-01-29,30001,6873,115107,102472,18,241
2022-01-30,34976,9186,118881,113661,24,258
2022-01-31,56576,11514,204149,169003,18,344
2022-02-01,46304,8706,164648,125554,17,355
2022-02-02,40621,8252,153086,120204,10,374
2022-02-03,39892,7772,171845,125408,31,360
2022-02-04,37289,7498,146907,120879,20,373
2022-02-05,33691,5996,114254,67129,21,302
2022-02-06,42318,9782,133663,91612,31,323
2022-02-07,57508,11220,181979,120041,26,450
2022-02-08,55709,11571,168477,114074,22,418
2022-02-09,50423,10545,162026,105791,23,443
2022-02-10,45234,8803,167731,100767,31,412
2022-02-11,38997,7428,139015,89072,30,412
2022-02-12,32694,5577,99515,51023,39,296
2022-02-13,35661,7291,105112,60464,43,366
2022-02-14,45309,7492,141051,64177,24,481
2022-02-15,42108,7158,126262,58006,38,454
2022-02-16,36159,6475,115766,53390,36,457
2022-02-17,34157,5553,123154,50340,31,466
2022-02-18,26819,4602,96172,44562,29,398
2022-02-19,24986,3966,75563,32536,37,308
2022-02-20,29743,5177,88666,40290,35,357
2022-02-21,33256,5082,115270,44740,34,489
2022-02-22,27443,4302,91070,38503,46,411
2022-02-23,23467,3846,84291,36154,38,392
2022-02-24,20648,3159,87012,33555,37,392
2022-02-25,16652,2776,67101,30769,39,359
2022-02-26,13885,2314,46327,20469,44,248
2022-02-27,16892,2791,55684,23241,42,272
2022-02-28,21543,2998,80915,26520,34,418
2022-03-01,18334,2727,66731,23265,43,345
2022-03-02,17378,2627,64148,22461,38,301
2022-03-03,15807,2139,67650,20333,47,312
2022-03-04,13430,1986,52320,20025,48,357
2022-03-05,10969,1697,38301,15411,48,216
2022-03-06,13319,1968,46055,17760,43,243
2022-03-07,16645,32,68692,1372,46,314
2022-03-08,15787,29,61895,734,46,287
2022-03-09,14154,29,57838,949,43,284
2022-03-10,12008,31,58543,944,34,244
2022-03-11,7797,20,37114,791,32,253
2022-03-12,6325,6,25347,393,46,199
2022-03-13,7937,7,30337,281,31,190
2022-03-14,10115,25,47300,1007,34,292
2022-03-15,8975,18,40255,526,42,250
2022-03-16,8152,28,37217,622,28,227
2022-03-17,7455,13,39400,726,35,222
2022-03-18,6074,16,28464,608,30,189
2022-03-19,4684,5,19209,274,25,169
2022-03-20,5555,7,22425,317,36,152
2022-03-21,7550,26,38199,887,20,219
2022-03-22,6281,25,30838,436,29,197
2022-03-23,5803,18,27971,719,30,238
2022-03-24,5023,13,28491,681,30,156
2022-03-25,4261,6,21940,537,36,160
2022-03-26,3037,8,14638,336,27,111
2022-03-27,3440,3,16396,362,27,117
2022-03-28,4993,9,29226,843,15,182
2022-03-29,4091,8,23157,610,24,156
2022-03-30,3765,14,21186,604,19,154
2022-03-31,3047,9,21653,817,26,143
2022-04-01,2617,5,15679,655,21,139
2022-04-02,2040,4,11647,394,14,97
2022-04-03,2312,8,13222,420,18,107
2022-04-04,3445,7,22654,553,23,153
2022-04-05,3106,4,19091,625,16,139
2022-04-06,2767,9,18311,1054,21,138
2022-04-07,2717,16,19379,1165,26,116
2022-04-08,2245,3,14957,1033,19,114
2022-04-09,1740,11,10640,792,21,96
2022-04-10,1838,11,10969,491,17,90
2022-04-11,2595,7,17531,564,13,120
2022-04-12,2275,5,14604,480,13,105
2022-04-13,2197,6,13398,512,14,117
2022-04-14,1414,14,7617,319,10,84
2022-04-15,1451,9,7604,215,14,87
2022-04-16,1568,3,8292,249,13,82
2022-04-17,1259,5,7691,218,11,89
2022-04-18,1750,6,10539,265,15,88
2022-04-19,2452,21,16665,534,11,100
2022-04-20,1949,2,12651,339,9,101
2022-04-21,1690,2,12724,365,12,92
2022-04-22,1269,6,10171,522,10,83
2022-04-23,984,3,7561,307,16,55
2022-04-24,1014,2,7962,290,17,71
2022-04-25,1512,2,12888,382,10,88
2022-04-26,1179,3,11396,347,10,86
2022-04-27,1092,5,10168,389,12,62
2022-04-28,990,8,9699,332,8,63
2022-04-29,857,1,8526,384,10,64
2022-04-30,666,5,6124,384,15,49
2022-05-01,777,4,6864,376,13,47
2022-05-02,1048,2,10554,350,11,58
2022-05-03,937,4,9081,317,15,61
2022-05-04,916,1,8024,372,11,57
2022-05-05,979,0,8793,290,7,47
2022-05-06,768,2,7566,384,4,61
2022-05-07,581,1,5418,370,5,36
2022-05-08,626,5,5401,342,6,47
2022-05-09,937,5,8859,413,11,52
2022-05-10,841,4,8486,335,7,50
2022-05-11,762,4,7602,387,9,35
2022-05-12,739,3,7406,460,6,42
2022-05-13,425,5,4508,355,6,38
2022-05-14,498,5,4988,453,5,25
2022-05-15,586,3,5249,419,3,38
2022-05-16,789,3,8247,444,9,50
2022-05-17,749,5,6956,448,4,35
2022-05-18,658,4,6518,379,10,33
2022-05-19,628,3,7199,402,4,44
2022-05-20,496,5,6041,471,4,29
2022-05-21,366,5,3833,488,2,34
2022-05-22,443,3,4331,334,5,23
2022-05-23,609,2,7108,432,4,43
2022-05-24,576,3,6108,422,3,25
2022-05-25,528,5,5635,502,5,38
2022-05-26,311,6,3242,330,0,19
2022-05-27,479,4,4975,407,8,28
2022-05-28,338,0,3087,250,4,20
2022-05-29,452,3,4039,283,2,29
2022-05-30,719,3,6513,298,7,30
2022-05-31,640,4,6158,406,1,26
2022-06-01,592,5,5024,342,6,29
2022-06-02,540,2,5331,366,3,30
2022-06-03,570,5,4587,552,3,35
2022-06-04,312,4,2808,264,2,18
2022-06-05,433,3,3181,238,5,39
2022-06-06,673,6,3974,251,3,27
2022-06-07,914,6,6523,252,3,33
2022-06-08,912,8,5788,318,5,30
2022-06-09,916,3,6442,238,5,30
2022-06-10,865,12,6002,283,2,36
2022-06-11,641,1,3734,240,5,35
2022-06-12,910,9,4969,312,3,33
2022-06-13,1181,5,7356,127,3,56
2022-06-14,1203,6,7186,110,2,47
2022-06-15,1206,5,7051,74,1,32
2022-06-16,1207,9,6797,86,1,49
2022-06-17,1297,6,7120,118,3,45
2022-06-18,971,9,4801,91,3,50
2022-06-19,1198,4,5404,92,2,41
2022-06-20,1911,14,9517,274,2,49
2022-06-21,1956,3,8776,83,3,73
2022-06-22,1830,14,8673,161,4,76
2022-06-23,1450,14,7434,149,7,65
2022-06-24,1302,11,7005,182,6,77
2022-06-25,722,8,4084,132,7,55
2022-06-26,1294,7,5840,106,1,74
2022-06-27,2810,19,11693,186,5,89
2022-06-28,2299,9,10341,138,5,80
2022-06-29,2161,10,9895,124,5,78
2022-06-30,1774,8,9351,171,1,65
2022-07-01,1645,7,9114,185,5,74
2022-07-02,1074,4,5764,122,5,57
2022-07-03,1480,8,6783,130,9,67
2022-07-04,2696,10,11686,181,4,82
2022-07-05,2746,11,10891,164,5,75
2022-07-06,2746,12,11158,180,6,85
2022-07-07,2304,12,10701,284,4,90
2022-07-08,2254,12,10552,301,9,107
2022-07-09,1430,4,6654,212,5,75
2022-07-10,1924,10,7336,192,4,90
2022-07-11,2958,11,12210,192,3,119
2022-07-12,2508,8,10974,210,4,110
2022-07-13,2470,7,10483,184,9,135
2022-07-14,2158,11,10474,241,7,106
2022-07-15,2190,6,10559,299,3,102
2022-07-16,1398,6,6608,234,3,88
2022-07-17,1908,1,8213,177,5,111
2022-07-18,2801,6,12437,150,3,151
2022-07-19,2227,13,9845,159,10,120
2022-07-20,2058,1,9102,137,7,132
2022-07-21,1886,1,8811,151,7,107
2022-07-22,1828,6,9683,210,7,109
2022-07-23,1159,3,6004,190,9,75
2022-07-24,1412,3,6491,177,7,79
2022-07-25,2092,3,10244,93,9,97
2022-07-26,1821,4,8722,54,3,84
2022-07-27,1551,4,8161,71,8,78
2022-07-28,1394,7,7614,73,10,85
2022-07-29,1351,3,7516,116,7,95
2022-07-30,1110,2,5233,82,12,74
2022-07-31,1463,0,5666,59,13,81
2022-08-01,1994,7,8819,97,8,91
2022-08-02,1801,5,7716,47,8,75
2022-08-03,1689,4,7724,44,15,84
2022-08-04,1365,3,6753,56,17,83
2022-08-05,1316,4,6537,127,10,85
2022-08-06,935,2,4432,51,10,56
2022-08-07,1245,3,4937,49,12,68
2022-08-08,1973,3,8129,51,6,67
2022-08-09,2150,2,8100,44,15,80
2022-08-10,2155,4,8128,50,8,87
2022-08-11,1846,4,7441,52,10,76
2022-08-12,1677,3,7786,86,7,78
2022-08-13,1102,3,4496,50,7,89
2022-08-14,1286,1,5219,48,13,79
2022-08-15,1936,4,9831,49,9,104
2022-08-16,1621,2,8876,42,4,98
2022-08-17,1452,3,8164,52,4,79
2022-08-18,1180,1,8461,51,9,74
2022-08-19,1074,2,7077,113,7,60
2022-08-20,715,3,4291,53,9,50
2022-08-21,885,2,4767,38,5,42
2022-08-22,1189,5,8339,56,7,52
2022-08-23,1075,3,8003,45,9,58
2022-08-24,1151,0,8011,52,4,66
2022-08-25,894,5,7096,55,6,65
2022-08-26,895,1,6371,72,9,64
2022-08-27,578,2,3758,65,4,47
2022-08-28,646,0,3847,38,6,40
2022-08-29,999,3,8200,51,9,54
2022-08-30,761,0,7803,63,6,37
2022-08-31,786,1,7015,50,7,44
2022-09-01,676,1,6730,41,2,43
2022-09-02,704,0,5654,59,7,55
2022-09-03,467,0,3368,53,6,38
2022-09-04,559,2,3672,29,6,35
2022-09-05,1059,0,8282,21,4,53
2022-09-06,874,0,7305,25,3,50
2022-09-07,887,1,7555,24,1,57
2022-09-08,828,3,6762,55,7,49
2022-09-09,671,4,6135,72,1,45
2022-09-10,495,4,3240,58,6,27
2022-09-11,616,3,3800,44,3,39
2022-09-12,1006,2,8245,36,0,55
2022-09-13,899,3,7855,26,6,57
2022-09-14,815,0,7731,25,4,50
2022-09-15,805,0,7262,30,1,45
2022-09-16,699,2,5148,39,4,38
2022-09-17,426,0,3231,24,5,42
2022-09-18,593,3,3630,17,5,51
2022-09-19,1060,1,7868,40,3,69
2022-09-20,1002,1,7367,40,8,64
2022-09-21,1117,1,7926,50,7,68
2022-09-22,1111,1,7857,35,4,59
2022-09-23,993,3,6653,37,3,72
2022-09-24,706,0,4154,15,7,57
2022-09-25,980,1,4821,22,5,78
2022-09-26,1582,4,10245,23,8,94
2022-09-27,1433,0,10129,24,9,92
2022-09-28,1264,2,8768,33,10,74
2022-09-29,1269,1,9297,23,8,82
2022-09-30,1102,0,6862,12,2,85
2022-10-01,840,1,4262,24,7,74
2022-10-02,1011,3,5108,21,4,81
2022-10-03,1751,4,10424,34,7,107
2022-10-04,1572,1,9671,21,6,109
2022-10-05,1542,3,9289,68,13,88
2022-10-06,1307,2,8512,42,6,90
2022-10-07,1268,2,7493,21,7,94
2022-10-08,914,3,4917,20,8,77
2022-10-09,1168,5,5309,28,8,76
2022-10-10,1635,1,10735,28,6,146
2022-10-11,1476,2,10017,32,9,123
2022-10-12,1413,0,9234,33,6,97
2022-10-13,1290,2,9043,31,11,96
2022-10-14,1243,2,7267,28,7,111
2022-10-15,905,0,4799,34,8,95
2022-10-16,1059,5,5023,25,8,100
2022-10-17,1466,3,8957,27,16,101
2022-10-18,1399,1,8713,17,8,107
2022-10-19,1197,1,7543,13,11,90
2022-10-20,973,0,6627,13,14,89
2022-10-21,950,0,6689,15,17,77
2022-10-22,713,0,3982,9,12,75
2022-10-23,919,0,4875,15,10,83
2022-10-24,1251,2,8994,76,7,93
2022-10-25,1095,0,8785,22,10,75
2022-10-26,1041,2,7611,17,14,79
2022-10-27,806,1,7087,65,9,71
2022-10-28,733,2,5910,12,5,65
2022-10-29,504,1,3509,11,7,47
2022-10-30,587,0,4065,7,12,38
2022-10-31,840,2,7950,24,3,68
2022-11-01,692,1,6617,19,12,52
2022-11-02,672,0,6589,17,9,51
2022-11-03,608,1,6145,36,11,57
2022-11-04,550,1,5050,8,13,40
2022-11-05,355,0,3008,12,7,27
2022-11-06,483,0,3494,8,7,39
2022-11-07,724,0,7592,20,7,50
2022-11-08,724,0,7191,13,6,49
2022-11-09,777,0,6810,15,3,32
2022-11-10,609,1,6196,15,11,43
2022-11-11,516,0,5016,11,3,43
2022-11-12,410,1,3061,6,8,25
2022-11-13,491,0,3634,9,2,36
2022-11-14,684,1,6970,30,12,42
2022-11-15,655,1,6482,11,2,34
2022-11-16,585,0,6458,22,3,41
2022-11-17,553,1,5811,8,5,36
2022-11-18,487,0,4563,13,7,35
2022-11-19,352,2,2923,22,6,22
2022-11-20,468,0,3322,15,5,36
2022-11-21,633,0,6705,15,3,36
2022-11-22,669,0,6352,9,4,45
2022-11-23,719,1,6292,9,5,39
2022-11-24,765,2,6140,11,4,56
2022-11-25,629,1,4914,19,5,46
2022-11-26,479,0,3064,23,2,35
2022-11-27,649,0,3721,20,7,46
2022-11-28,1141,4,7971,19,3,76
2022-11-29,1131,1,7377,15,3,68
2022-11-30,1229,0,7401,11,5,59
2022-12-01,1096,2,6596,18,4,70
2022-12-02,990,0,5851,0,1,61
2022-12-03,742,0,4190,0,8,53
2022-12-04,952,0,4756,0,5,61
2022-12-05,1631,0,9604,0,6,80
2022-12-06,1712,0,9641,0,10,81
2022-12-07,1763,0,8919,0,5,71
2022-12-08,1487,0,8731,0,5,75
2022-12-09,758,0,5046,0,12,67
2022-12-10,578,0,3641,0,2,67
2022-12-11,663,0,3367,0,6,86
2022-12-12,1060,0,6850,0,11,98
2022-12-13,1118,0,6504,0,8,92
2022-12-14,1204,0,6502,0,8,119
2022-12-15,1077,0,6244,0,9,96
2022-12-16,945,0,5503,0,8,106
2022-12-17,747,0,3513,0,8,84
2022-12-18,909,0,3971,0,14,105
2022-12-19,1502,0,8694,0,9,142
2022-12-20,1597,0,8447,0,10,130
2022-12-21,1723,0,8315,0,11,127
2022-12-22,1877,0,9751,0,14,130
2022-12-23,1511,0,7793,0,10,116
2022-12-24,527,0,2846,0,9,80
2022-12-25,568,0,3261,0,13,115
2022-12-26,725,0,4117,0,12,103
2022-12-27,1446,0,8356,0,5,140
2022-12-28,1317,0,7293,0,17,144
2022-12-29,1273,0,7510,0,10,136
2022-12-30,1121,0,6430,0,12,101
2022-12-31,474,0,3056,0,24,88
2023-01-01,437,0,2788,0,16,100
2023-01-02,1090,0,8490,0,15,121
2023-01-03,882,0,7363,0,16,124
2023-01-04,848,0,6727,0,14,102
2023-01-05,610,0,6790,0,11,104
2023-01-06,517,0,5449,0,20,89
2023-01-07,299,0,2874,0,13,51
2023-01-08,329,0,2926,0,9,56
2023-01-09,513,0,6042,0,19,65
2023-01-10,357,0,4724,0,13,66
2023-01-11,361,0,4407,0,11,63
2023-01-12,320,0,4163,0,13,63
2023-01-13,250,0,3246,0,14,48
2023-01-14,141,0,1646,0,9,34
2023-01-15,160,0,1864,0,11,51
2023-01-16,287,0,4468,0,13,52
2023-01-17,213,0,3574,0,9,33
2023-01-18,201,0,3241,0,15,31
2023-01-19,192,0,3307,0,13,39
2023-01-20,155,0,2296,0,8,25
2023-01-21,100,0,1407,0,7,20
2023-01-22,135,0,1438,0,9,30
2023-01-23,174,0,3369,0,4,19
2023-01-24,159,0,3034,0,7,26
2023-01-25,202,0,2964,0,5,20
2023-01-26,162,0,2884,0,4,21
2023-01-27,147,0,2231,0,8,23
2023-01-28,110,0,1266,0,8,16
2023-01-29,133,0,1450,0,3,22
2023-01-30,196,0,3512,0,7,28
2023-01-31,154,0,2829,0,6,29
2023-02-01,182,0,2306,0,8,28
2023-02-02,150,0,2143,0,5,23
2023-02-03,125,0,2000,0,7,26
2023-02-04,99,0,1334,0,5,16
2023-02-05,92,0,1252,0,3,28
2023-02-06,181,0,2459,0,5,33
2023-02-07,158,0,2300,0,1,38
2023-02-08,160,0,2272,0,2,22
2023-02-09,142,0,2312,0,3,26
2023-02-10,146,0,1951,0,2,27
2023-02-11,85,0,1133,0,8,20
2023-02-12,107,0,1268,0,4,19
2023-02-13,159,0,2104,0,6,33
2023-02-14,150,0,1829,0,3,31
2023-02-15,121,0,1705,0,8,29
2023-02-16,125,0,1622,0,5,22
2023-02-17,119,0,1571,0,2,25
2023-02-18,82,0,973,0,3,30
2023-02-19,103,0,1062,0,3,24
2023-02-20,172,0,1870,0,1,26
2023-02-21,112,0,1579,0,2,29
2023-02-22,151,0,1609,0,2,29
2023-02-23,109,0,1498,0,4,33
2023-02-24,111,0,1364,0,5,27
2023-02-25,69,0,815,0,7,19
2023-02-26,76,0,849,0,1,24
2023-02-27,140,0,1710,0,7,31
2023-02-28,127,0,1397,0,5,30
2023-03-01,104,0,1350,0,2,30
2023-03-02,109,0,1324,0,1,35
2023-03-03,120,0,1242,0,4,27
2023-03-04,62,0,772,0,5,32
2023-03-05,98,0,891,0,2,33
2023-03-06,148,0,1495,0,4,46
2023-03-07,134,0,1309,0,3,48
2023-03-08,143,0,1292,0,5,39
2023-03-09,132,0,1329,0,5,30
2023-03-10,134,0,1217,0,3,36
2023-03-11,106,0,826,0,5,35
2023-03-12,93,0,895,0,5,19
2023-03-13,200,0,1632,0,1,50
2023-03-14,205,0,1430,0,6,58
2023-03-15,247,0,1411,0,2,75
2023-03-16,200,0,1409,0,7,63
2023-03-17,201,0,1414,0,3,61
2023-03-18,141,0,839,0,3,58
2023-03-19,148,0,937,0,0,58
2023-03-20,271,0,1612,0,5,75
2023-03-21,280,0,1465,0,1,80
2023-03-22,288,0,1616,0,2,67
2023-03-23,230,0,1435,0,4,59
2023-03-24,233,0,1463,0,6,72
2023-03-25,156,0,861,0,6,65
2023-03-26,137,0,871,0,3,58
2023-03-27,276,0,1591,0,7,89
2023-03-28,218,0,1314,0,4,62
2023-03-29,201,0,1296,0,5,62
2023-03-30,159,0,1170,0,4,41
