﻿Aldersgrupper;Klassifikation;Antal nyindlæggelser;Andel nyindlæggelser (i aldersgruppe)
0-9;Indlæggelse pga. covid-19;64;0,5079
0-9;Indlæggelse, hvor covid-19 kan have spillet en rolle;46;0,3651
0-9;Indlæggelse pga. andre forhold end covid-19;16;0,1270
10-19;Indlæggelse pga. covid-19;14;0,3111
10-19;Indlæggelse, hvor covid-19 kan have spillet en rolle;8;0,1778
10-19;Indlæggelse pga. andre forhold end covid-19;23;0,5111
20-29;Indlæggelse pga. covid-19;27;0,2126
20-29;Indlæggelse, hvor covid-19 kan have spillet en rolle;23;0,1811
20-29;Indlæggelse pga. andre forhold end covid-19;77;0,6063
30-39;Indlæggelse pga. covid-19;40;0,2299
30-39;Indlæggelse, hvor covid-19 kan have spillet en rolle;40;0,2299
30-39;Indlæggelse pga. andre forhold end covid-19;94;0,5402
40-49;Indlæggelse pga. covid-19;61;0,3112
40-49;Indlæggelse, hvor covid-19 kan have spillet en rolle;44;0,2245
40-49;Indlæggelse pga. andre forhold end covid-19;91;0,4643
50-59;Indlæggelse pga. covid-19;133;0,3428
50-59;Indlæggelse, hvor covid-19 kan have spillet en rolle;86;0,2216
50-59;Indlæggelse pga. andre forhold end covid-19;169;0,4356
60-69;Indlæggelse pga. covid-19;269;0,4003
60-69;Indlæggelse, hvor covid-19 kan have spillet en rolle;174;0,2589
60-69;Indlæggelse pga. andre forhold end covid-19;229;0,3408
70-79;Indlæggelse pga. covid-19;630;0,4629
70-79;Indlæggelse, hvor covid-19 kan have spillet en rolle;339;0,2491
70-79;Indlæggelse pga. andre forhold end covid-19;392;0,2880
80+;Indlæggelse pga. covid-19;820;0,5240
80+;Indlæggelse, hvor covid-19 kan have spillet en rolle;374;0,2390
80+;Indlæggelse pga. andre forhold end covid-19;371;0,2371
