Aldersgruppe;Uge 52-2021_Ingen vaccination;Uge 52-2021_Første vaccination;Uge 52-2021_Anden vaccination;Uge 52-2021_Fuld effekt efter primært forløb;Uge 52-2021_Fuld effekt efter revaccination;Uge 51-2021_Ingen vaccination;Uge 51-2021_Første vaccination;Uge 51-2021_Anden vaccination;Uge 51-2021_Fuld effekt efter primært forløb;Uge 51-2021_Fuld effekt efter revaccination;Uge 50-2021_Ingen vaccination;Uge 50-2021_Første vaccination;Uge 50-2021_Anden vaccination;Uge 50-2021_Fuld effekt efter primært forløb;Uge 50-2021_Fuld effekt efter revaccination;Uge 49-2021_Ingen vaccination;Uge 49-2021_Første vaccination;Uge 49-2021_Anden vaccination;Uge 49-2021_Fuld effekt efter primært forløb;Uge 49-2021_Fuld effekt efter revaccination;Uge 48-2021_Ingen vaccination;Uge 48-2021_Første vaccination;Uge 48-2021_Anden vaccination;Uge 48-2021_Fuld effekt efter primært forløb;Uge 48-2021_Fuld effekt efter revaccination;Uge 47-2021_Ingen vaccination;Uge 47-2021_Første vaccination;Uge 47-2021_Anden vaccination;Uge 47-2021_Fuld effekt efter primært forløb;Uge 47-2021_Fuld effekt efter revaccination;Uge 46-2021_Ingen vaccination;Uge 46-2021_Første vaccination;Uge 46-2021_Anden vaccination;Uge 46-2021_Fuld effekt efter primært forløb;Uge 46-2021_Fuld effekt efter revaccination;Uge 45-2021_Ingen vaccination;Uge 45-2021_Første vaccination;Uge 45-2021_Anden vaccination;Uge 45-2021_Fuld effekt efter primært forløb;Uge 45-2021_Fuld effekt efter revaccination;Uge 44-2021_Ingen vaccination;Uge 44-2021_Første vaccination;Uge 44-2021_Anden vaccination;Uge 44-2021_Fuld effekt efter primært forløb;Uge 44-2021_Fuld effekt efter revaccination;Uge 43-2021_Ingen vaccination;Uge 43-2021_Første vaccination;Uge 43-2021_Anden vaccination;Uge 43-2021_Fuld effekt efter primært forløb;Uge 43-2021_Fuld effekt efter revaccination;Uge 42-2021_Ingen vaccination;Uge 42-2021_Første vaccination;Uge 42-2021_Anden vaccination;Uge 42-2021_Fuld effekt efter primært forløb;Uge 42-2021_Fuld effekt efter revaccination;Uge 41-2021_Ingen vaccination;Uge 41-2021_Første vaccination;Uge 41-2021_Anden vaccination;Uge 41-2021_Fuld effekt efter primært forløb;Uge 41-2021_Fuld effekt efter revaccination;Uge 40-2021_Ingen vaccination;Uge 40-2021_Første vaccination;Uge 40-2021_Anden vaccination;Uge 40-2021_Fuld effekt efter primært forløb;Uge 40-2021_Fuld effekt efter revaccination;Uge 39-2021_Ingen vaccination;Uge 39-2021_Første vaccination;Uge 39-2021_Anden vaccination;Uge 39-2021_Fuld effekt efter primært forløb;Uge 39-2021_Fuld effekt efter revaccination;Uge 02-2022_Ingen vaccination;Uge 02-2022_Første vaccination;Uge 02-2022_Anden vaccination;Uge 02-2022_Fuld effekt efter primært forløb;Uge 02-2022_Fuld effekt efter revaccination;Uge 01-2022_Ingen vaccination;Uge 01-2022_Første vaccination;Uge 01-2022_Anden vaccination;Uge 01-2022_Fuld effekt efter primært forløb;Uge 01-2022_Fuld effekt efter revaccination
0-5;0;0;0;0;0;0;0;0;0;0;0;0;0;0;0;0;0;0;0;0;0;0;0;0;0;0;0;0;0;0;0;0;0;0;0;0;0;0;0;0;0;0;0;0;0;0;0;0;0;0;0;0;0;0;0;0;0;0;0;0;0;0;0;0;0;0;0;0;0;0;0;0;0;0;0;0;0;0;0;0
6-11;0;0;0;0;0;0;0;0;0;0;0;0;0;0;0;0;0;0;0;0;0;0;0;0;0;0;0;0;0;0;0;0;0;0;0;0;0;0;0;0;0;0;0;0;0;0;0;0;0;0;0,3;0;0;0;0;0;0;0;0;0;0;0;0;0;0;0;0;0;0;0;0;0;0;0;0;0;0;0;0;0
12-15;0;0;0;0;0;0;0;0;0;0;0;0;0;0;0;0;0;0;0;0;0;0;0;0;0;0;0;0;0;0;0;0;0;0;0;0;0;0;0;0;0;0;0;0;0;0;0;0;0;0;0;0;0;0;0;0;0;0;0;0;0;0;0;0;;0;0;0;0;;0;0;0;0;0;0;0;0;0;0
16-19;0;0;0;0;0;0;0;0;0;0;0;0;0;0;0;0;0;0;0;0;0;0;0;0;0;0;0;0;0;0;0;0;0;0;0;0;0;0;0;0;0;0;0;0;0;0;0;0;0;0;0;0;0;0;0;0;0;0;0;0;0;0;0;0;0;0;0;0;0;0;0;0;0;0;0;0;0;0;0;0
20-29;0,9;0;0;0;0;0;0;0;0;0;0;0;0;0;0;0;0;0;0;0;0;0;0;0;0;0;0;0;0;0;0;0;0;0;0;0,7;0;0;0;0;0,7;0;0;0;0;0;0;0;0;0;0;0;0;0;0;0;0;0;0;0;0;0;0;0;0;0;0;0;0;0;0;0;0;0;0;1,8;0;0,2;0,2;0
30-39;0;0;0;0;0;1;0;0;0;0;0;0;0;0;0;0;0;0;0;0;0;0;0;0;0;0;0;0;0;0;0;0;0;0;0;0;0;0;0;0;0;0;0;0;0;0;0;0;0;0;0,7;0;0;0;0;0;0;0;0;0;0;0;0;0;0;0;0;0;0;0;0;0;0;0;0;0;0;0;0;0
40-49;0;0;0;0;0;0;0;0;0;0;1,6;0;0;0;0;0;10,7;0,2;0,2;0;1,5;0;0,2;0,2;0;2,9;0;0;0;0;0;0;0;0;0;1,4;0;0,2;0,2;0;1,3;0;0;0;0;0;0;0;0;0;0;0;0;0;0;0;0;0;0;0;0;0;0;0;0;1,3;0;0;0;0;0;0;0,2;0,4;0;0;0;0;0;0
50-59;2,3;21,2;0;0;0;4,5;20,4;0,4;0,5;0;2,2;0;0,3;0,3;0;2,1;0;0,6;0,5;1,4;2,1;0;0,1;0,2;0;0;0;0,4;0,5;0;4;0;0;0;0;0;0;0,3;0,3;0;0;0;0;0;0;1,9;0;0,1;0,1;0;0;0;0;0;0;0;0;0;0;0;0;0;0,1;0,1;0;0;0;0;0;0;7,1;0;0,3;0,7;0,2;0;0;0,4;1,2;0
60-64;7;0;1;1;1;6,9;0;0,6;0,8;0;13,4;0;0,6;0,7;0;0;0;0,3;0,4;0;6,5;0;0,6;0,7;0;6,3;0;0,9;1;0;0;0;0,3;0,3;0;0;0;0,3;0,3;0;0;0;0,3;0,3;0;0;0;0;0;0;0;0;0;0;0;0;0;0;0;0;0;0;0,3;0,3;0;0;0;0;0;0;7,2;0;1,3;9,3;0;7,1;0;0,6;2,3;0
65-69;0;0;1,7;3;0,6;0;0;1;0,9;1,3;18,2;0;1;1,2;0;8,9;0;1;0,4;5;8,8;0;0;0;0;8,7;0;1,3;1,5;0;0;0;1;0,7;4,2;8,4;0;0,3;0,4;0;0;0;1,3;1,4;0;0;0;0,7;0,7;0;0;0;0;0;0;8,2;0;0,3;0,3;0;0;0;0;0;0;8,1;0;0;0;0;9,8;0;0,3;0;0,4;38,5;0;3,7;21,7;0,4
70-79;63,2;149,9;2,2;9,7;0,9;34,4;77,5;3,9;8;2,1;33,5;0;2,9;5,1;0,7;19,7;0;3,5;4,3;1,4;19,5;0;2,7;2,8;2,6;31,9;0;3,3;3,7;0;0;0;1,6;1,4;4;6,2;0;1,3;1,2;2,7;6,1;0;0,4;0,2;4;6,1;0;0,5;0,6;0;0;0;0,5;0,6;0;0;0;0,4;0,4;0;6;97,1;0,2;0,2;0;5,9;0;0,2;0,2;0;21,6;0;3,7;38,9;2,1;35,5;77,7;3,9;22,3;2,6
80+;77;0;10;35,9;6,7;100,2;341,3;12,9;46,6;5,8;96,8;0;12,6;32,9;5,9;82,9;0;9,3;16,3;5,6;70;125,6;13;22,6;5,3;103,4;130,2;10,8;18;1,7;56,6;135;6,7;9,4;2;33,4;0;5,2;6,9;1,2;55,1;0;3,7;4,4;1,6;10,9;136,8;3;3,1;2,1;32,5;0;0,7;0,4;3,1;10,8;127,4;3,7;3,6;4;0;0;1,8;1,9;0;0;0;4;4,1;0;120;232,6;18,1;73,8;15,5;91,3;221,2;17;120,7;9,5
12+;4,2;4,3;1,1;0,9;1,7;3,9;6,7;1,5;1,3;2,3;4,2;0;1,3;1,3;1,8;2,5;1,2;1,3;1,1;2,5;2,6;1,1;1,3;1,2;2,1;3,5;1,2;1,4;1,4;0,5;1,3;1,4;0,7;0,7;1,6;1,3;0;0,6;0,6;0,9;1,4;0;0,4;0,4;1,3;0,5;1,8;0,3;0,3;0,9;0,7;0;0,1;0,1;1,2;0,3;1,6;0,3;0,3;1,6;0,2;1,5;0,2;0,2;0;0,5;0;0,3;0,3;0;4,2;3,8;1,8;1,4;2,1;4,6;4,8;2;2,1;1,8
Alle;1,9;1,4;1,1;0,9;1,7;1,7;2,4;1,5;1,3;2,3;1,8;0;1,3;1,3;1,8;1;0,9;1,3;1,1;2,5;1,1;1,1;1,3;1,2;2,1;1,5;1,2;1,4;1,4;0,5;0,6;1,4;0,7;0,7;1,6;0,6;0;0,6;0,6;0,9;0,6;0;0,4;0,4;1,3;0,2;1,8;0,3;0,3;0,9;0,4;0;0,1;0,1;1,2;0,2;1,6;0,3;0,3;1,6;0,1;1,5;0,2;0,2;0;0,2;0;0,3;0,3;0;1,9;1,5;1,8;1,4;2,1;2,1;1,5;2;2,1;1,8
