﻿Aldersgrupper;Klassifikation;Antal nyindlæggelser;Andel nyindlæggelser (i aldersgruppe)
0-9;Indlæggelse pga. covid-19;60;0,5042
0-9;Indlæggelse, hvor covid-19 kan have spillet en rolle;42;0,3529
0-9;Indlæggelse pga. andre forhold end covid-19;17;0,1429
10-19;Indlæggelse pga. covid-19;10;0,2778
10-19;Indlæggelse, hvor covid-19 kan have spillet en rolle;8;0,2222
10-19;Indlæggelse pga. andre forhold end covid-19;18;0,5000
20-29;Indlæggelse pga. covid-19;28;0,2258
20-29;Indlæggelse, hvor covid-19 kan have spillet en rolle;20;0,1613
20-29;Indlæggelse pga. andre forhold end covid-19;76;0,6129
30-39;Indlæggelse pga. covid-19;38;0,2249
30-39;Indlæggelse, hvor covid-19 kan have spillet en rolle;39;0,2308
30-39;Indlæggelse pga. andre forhold end covid-19;92;0,5444
40-49;Indlæggelse pga. covid-19;61;0,3161
40-49;Indlæggelse, hvor covid-19 kan have spillet en rolle;38;0,1969
40-49;Indlæggelse pga. andre forhold end covid-19;94;0,4870
50-59;Indlæggelse pga. covid-19;139;0,3458
50-59;Indlæggelse, hvor covid-19 kan have spillet en rolle;89;0,2214
50-59;Indlæggelse pga. andre forhold end covid-19;174;0,4328
60-69;Indlæggelse pga. covid-19;281;0,4108
60-69;Indlæggelse, hvor covid-19 kan have spillet en rolle;164;0,2398
60-69;Indlæggelse pga. andre forhold end covid-19;239;0,3494
70-79;Indlæggelse pga. covid-19;655;0,4729
70-79;Indlæggelse, hvor covid-19 kan have spillet en rolle;335;0,2419
70-79;Indlæggelse pga. andre forhold end covid-19;395;0,2852
80+;Indlæggelse pga. covid-19;823;0,5222
80+;Indlæggelse, hvor covid-19 kan have spillet en rolle;377;0,2392
80+;Indlæggelse pga. andre forhold end covid-19;376;0,2386
