"dato";"Regionsnavn";"sex";"Paabegyndt vacc. idag";"Faerdigvacc. idag";"Paabegyndt vacc. igaar";"Faerdigvacc. igaar";"Paabegyndt vacc. difference";"Faerdigvaccineret difference"
2021-08-12;Hovedstaden;K;685118;592966;684299;585818;819;7148
2021-08-12;Hovedstaden;M;645012;553158;644199;544368;813;8790
2021-08-12;Midtjylland;K;505249;425762;504299;418900;950;6862
2021-08-12;Midtjylland;M;494488;402746;493545;394175;943;8571
2021-08-12;Nordjylland;K;224278;191413;224245;188280;33;3133
2021-08-12;Nordjylland;M;223052;181625;223012;177725;40;3900
2021-08-12;Sj�lland;K;318327;286715;317852;283411;475;3304
2021-08-12;Sj�lland;M;307031;272405;306543;268140;488;4265
2021-08-12;Syddanmark;K;461530;385029;460803;379804;727;5225
2021-08-12;Syddanmark;M;449106;360153;448234;353817;872;6336
