"dato";"Regionsnavn";"sex";"Paabegyndt vacc. idag";"Faerdigvacc. idag";"Paabegyndt vacc. igaar";"Faerdigvacc. igaar";"Paabegyndt vacc. difference";"Faerdigvaccineret difference"
2021-09-19;Hovedstaden;K;709893;688441;709645;687680;248;761
2021-09-19;Hovedstaden;M;666740;647264;666514;646665;226;599
2021-09-19;Midtjylland;K;519459;507113;519453;507103;6;10
2021-09-19;Midtjylland;M;507807;495613;507798;495593;9;20
2021-09-19;Nordjylland;K;230299;225208;230165;224642;134;566
2021-09-19;Nordjylland;M;229497;223921;229393;223372;104;549
2021-09-19;Sj�lland;K;326231;319426;326157;319245;74;181
2021-09-19;Sj�lland;M;314862;308365;314790;308188;72;177
2021-09-19;Syddanmark;K;475020;463938;474889;463521;131;417
2021-09-19;Syddanmark;M;463034;451718;462911;451317;123;401
