"dato","Regionsnavn","sex","Paabegyndt vacc. idag","Faerdigvacc. idag","Paabegyndt vacc. igaar","Faerdigvacc. igaar","Paabegyndt vacc. difference","Faerdigvaccineret difference"
2021-06-25,Hovedstaden,K,523882,301638,519916,295593,3966,6045
2021-06-25,Hovedstaden,M,478854,243064,474952,236678,3902,6386
2021-06-25,Midtjylland,K,372894,223065,367063,219093,5831,3972
2021-06-25,Midtjylland,M,341623,173399,335498,169142,6125,4257
2021-06-25,Nordjylland,K,169868,99094,168715,98035,1153,1059
2021-06-25,Nordjylland,M,156455,75159,154975,74075,1480,1084
2021-06-25,Sj�lland,K,255974,156148,253234,154061,2740,2087
2021-06-25,Sj�lland,M,234783,124296,231876,122040,2907,2256
2021-06-25,Syddanmark,K,341299,209648,338937,206265,2362,3383
2021-06-25,Syddanmark,M,310522,165060,307728,161235,2794,3825
