﻿Aldersgrupper;Klassifikation;Antal nyindlæggelser;Andel nyindlæggelser (i aldersgruppe)
0-9;Covid-19 diagnose;1510;0,5343
0-9;Luftvejs- eller obsdiagnose;649;0,2297
0-9;Anden diagnose;667;0,2360
10-19;Covid-19 diagnose;485;0,3180
10-19;Luftvejs- eller obsdiagnose;109;0,0715
10-19;Anden diagnose;931;0,6105
20-29;Covid-19 diagnose;1792;0,4516
20-29;Luftvejs- eller obsdiagnose;150;0,0378
20-29;Anden diagnose;2026;0,5106
30-39;Covid-19 diagnose;2643;0,5286
30-39;Luftvejs- eller obsdiagnose;180;0,0360
30-39;Anden diagnose;2177;0,4354
40-49;Covid-19 diagnose;2774;0,6093
40-49;Luftvejs- eller obsdiagnose;191;0,0420
40-49;Anden diagnose;1588;0,3488
50-59;Covid-19 diagnose;3716;0,6319
50-59;Luftvejs- eller obsdiagnose;295;0,0502
50-59;Anden diagnose;1870;0,3180
60-69;Covid-19 diagnose;4141;0,6296
60-69;Luftvejs- eller obsdiagnose;398;0,0605
60-69;Anden diagnose;2038;0,3099
70-79;Covid-19 diagnose;6490;0,6769
70-79;Luftvejs- eller obsdiagnose;561;0,0585
70-79;Anden diagnose;2537;0,2646
80+;Covid-19 diagnose;7432;0,7248
80+;Luftvejs- eller obsdiagnose;659;0,0643
80+;Anden diagnose;2163;0,2109
