,Start,End,RT,Count,CountCumul,HospCumul
0,2021-07-06,2021-07-06,0.9,2381.0,0.0,0.0
1,2021-07-06,2021-07-06,1.0,2381.0,0.0,0.0
2,2021-07-06,2021-07-06,1.1,2381.0,0.0,0.0
3,2021-07-06,2021-07-06,1.2,2381.0,0.0,0.0
4,2021-07-06,2021-07-06,1.2999999999999998,2381.0,0.0,0.0
5,2021-07-06,2021-07-06,1.4,2381.0,0.0,0.0
6,2021-07-06,2021-07-06,1.5,2381.0,0.0,0.0
7,2021-07-06,2021-07-06,1.5999999999999999,2381.0,0.0,0.0
8,2021-07-06,2021-07-06,1.6999999999999997,2381.0,0.0,0.0
9,2021-07-06,2021-07-13,0.9,762.122293866134,762.1222938661341,17.87645613805033
10,2021-07-06,2021-07-13,1.0,891.6083354939942,891.6083354939941,20.91370037336564
11,2021-07-06,2021-07-13,1.1,1027.596934439783,1027.5969344397827,24.103469579561192
12,2021-07-06,2021-07-13,1.2,1169.77850107136,1169.77850107136,27.43850197526108
13,2021-07-06,2021-07-13,1.2999999999999998,1317.883392244469,1317.883392244469,30.912472769969053
14,2021-07-06,2021-07-13,1.4,1471.6740089292907,1471.6740089292905,34.51980880479817
15,2021-07-06,2021-07-13,1.5,1630.938922361078,1630.9389223610783,38.255550774569
16,2021-07-06,2021-07-13,1.5999999999999999,1795.488404658993,1795.4884046589934,42.11524839332708
17,2021-07-06,2021-07-13,1.6999999999999997,1965.1509596139274,1965.1509596139274,46.094879019975785
18,2021-07-06,2021-07-20,0.9,230.31083943401205,992.4331333001462,23.332384041434203
19,2021-07-06,2021-07-20,1.0,315.21965276291576,1206.8279882569095,28.381067968527926
20,2021-07-06,2021-07-20,1.1,418.7074095474107,1446.3043439871935,34.022401075435596
21,2021-07-06,2021-07-20,1.2,542.5906642532652,1712.3691653246253,40.29215468431286
22,2021-07-06,2021-07-20,1.2999999999999998,688.6824512075669,2006.5658434520353,47.226953718186536
23,2021-07-06,2021-07-20,1.4,858.7925853909561,2330.4665943202467,54.86409846727483
24,2021-07-06,2021-07-20,1.5,1054.7279161946951,2685.6668385557728,63.24143282244077
25,2021-07-06,2021-07-20,1.5999999999999999,1278.2925443643803,3073.780949023374,72.39724457997829
26,2021-07-06,2021-07-20,1.6999999999999997,1531.2880095896837,3496.4389692036116,82.37018851113518
27,2021-07-06,2021-07-27,0.9,55.91891796963589,1048.352051269782,24.695916528840623
28,2021-07-06,2021-07-27,1.0,89.52389106521473,1296.351879322125,30.564067438026733
29,2021-07-06,2021-07-27,1.1,137.02928258978878,1583.3336265769824,37.36386221884647
30,2021-07-06,2021-07-27,1.2,202.10683932186964,1914.4760046464944,45.220632157448726
31,2021-07-06,2021-07-27,1.2999999999999998,288.95023139144985,2295.5160748434855,54.27329888251696
32,2021-07-06,2021-07-27,1.4,402.29619807684236,2732.7627923970895,64.6747138233997
33,2021-07-06,2021-07-27,1.5,547.4446773841141,3233.1115159398864,76.59201953520798
34,2021-07-06,2021-07-27,1.5999999999999999,730.2780305684178,3804.0589795917917,90.20702120470449
35,2021-07-06,2021-07-27,1.6999999999999997,957.2794528740753,4453.718422077687,105.71656125529645
36,2021-07-06,2021-08-03,0.9,10.137648311396939,1058.4896995811787,24.953265393873544
37,2021-07-06,2021-08-03,1.0,18.982602482843348,1315.3344818049677,31.045966699678957
38,2021-07-06,2021-08-03,1.1,33.47758036570523,1616.8112069426875,38.21376889821655
39,2021-07-06,2021-08-03,1.2,56.19053113383598,1970.666535780331,46.64721901169732
40,2021-07-06,2021-08-03,1.2999999999999998,90.47397069488983,2385.9900455383754,56.57038821579085
41,2021-07-06,2021-08-03,1.4,140.60795283536828,2873.370745232458,68.24484816826683
42,2021-07-06,2021-08-03,1.5,211.95401229556447,3445.065528235452,81.97394992148409
43,2021-07-06,2021-08-03,1.5999999999999999,311.11977782172096,4115.178757413513,98.10738647825005
44,2021-07-06,2021-08-03,1.6999999999999997,446.1339228182341,4899.85234489592,117.04602392811448
45,2021-07-06,2021-08-10,0.9,1.2766462054305654,1059.7663457866095,24.987084200815517
46,2021-07-06,2021-08-10,1.0,2.795848765770692,1318.1303305707384,31.120032991362578
47,2021-07-06,2021-08-10,1.1,5.680858657827673,1622.4920656005152,38.36427068941463
48,2021-07-06,2021-08-10,1.2,10.850062211159722,1981.5165979914907,46.934682216884205
49,2021-07-06,2021-08-10,1.2999999999999998,19.67278791883007,2405.6628334572047,57.091630842623694
50,2021-07-06,2021-08-10,1.4,34.123548891498885,2907.4942941239574,69.14902600074315
51,2021-07-06,2021-08-10,1.5,56.96954692584217,3502.0350751612937,83.4835773902559
52,2021-07-06,2021-08-10,1.5999999999999999,91.99475277596954,4207.173510189481,100.54530506176675
53,2021-07-06,2021-08-10,1.6999999999999997,144.26367848318307,5044.116023379103,120.86937398705886
54,2021-07-06,2021-08-17,0.9,0.1106135667103204,1059.8769593533198,24.990105347155342
55,2021-07-06,2021-08-17,1.0,0.28331719088113316,1318.4136477616194,31.12777149142393
56,2021-07-06,2021-08-17,1.1,0.6632360738285428,1623.1553016743437,38.382387176249324
57,2021-07-06,2021-08-17,1.2,1.4413937918221125,1982.9579917833125,46.97405643083267
58,2021-07-06,2021-08-17,1.2999999999999998,2.9428513471983546,2408.6056848044036,57.17202460071975
59,2021-07-06,2021-08-17,1.4,5.696735801857643,2913.1910299258147,69.304660576104
60,2021-07-06,2021-08-17,1.5,10.53230810865016,3512.567383269944,83.77133755269999
61,2021-07-06,2021-08-17,1.5999999999999999,18.707254399621945,4225.880764589105,101.0564513444167
62,2021-07-06,2021-08-17,1.6999999999999997,32.07495799673276,5076.190981375836,121.74582975234577
63,2021-07-06,2021-08-24,0.9,0.006739614291817032,1059.8836989676113,24.990296118682178
64,2021-07-06,2021-08-24,1.0,0.02018956446678974,1318.4338373260862,31.128343001383666
65,2021-07-06,2021-08-24,1.1,0.054453039390375324,1623.2097547137341,38.383928658183606
66,2021-07-06,2021-08-24,1.2,0.1346592317385855,1983.092651015051,46.977868606190086
67,2021-07-06,2021-08-24,1.2999999999999998,0.30958070405522903,2408.915265508459,57.18078919451015
68,2021-07-06,2021-08-24,1.4,0.6687997976620442,2913.8598297234767,69.323596028117
69,2021-07-06,2021-08-24,1.5,1.369272433637889,3513.936655703581,83.81010713596899
70,2021-07-06,2021-08-24,1.5999999999999999,2.674968680347322,4228.555733269452,101.13219413555873
71,2021-07-06,2021-08-24,1.6999999999999997,5.014146830406514,5081.205128206244,121.88781394405859
72,2021-07-06,2021-08-31,0.9,0.00026003760240389566,1059.8839590052137,24.990303767777075
73,2021-07-06,2021-08-31,1.0,0.0009110941798784268,1318.4347484202663,31.12836980231783
74,2021-07-06,2021-08-31,1.1,0.002831172360320715,1623.2125858860945,38.384011943109584
75,2021-07-06,2021-08-31,1.2,0.007966863694479527,1983.1006178787452,46.97810297586443
76,2021-07-06,2021-08-31,1.2999999999999998,0.02062452018196144,2408.93589002864,57.181395947725306
77,2021-07-06,2021-08-31,1.4,0.04972507167275927,2913.909554795149,69.32505893878673
78,2021-07-06,2021-08-31,1.5,0.1127371609984697,3514.049392864579,83.81342396573274
79,2021-07-06,2021-08-31,1.5999999999999999,0.24223392156682874,4228.797967191018,101.13932108619701
80,2021-07-06,2021-08-31,1.6999999999999997,0.4963918810609327,5081.701520087304,121.90241904219656
81,2021-07-06,2021-09-07,0.9,5.291136297219524e-06,1059.88396429635,24.990303927483378
82,2021-07-06,2021-09-07,1.0,2.168257507920921e-05,1318.4347701028412,31.128370456790215
83,2021-07-06,2021-09-07,1.1,7.762849962463421e-05,1623.2126635145942,38.3840142863097
84,2021-07-06,2021-09-07,1.2,0.00024856988892506455,1983.1008664486342,46.978110479032225
85,2021-07-06,2021-09-07,1.2999999999999998,0.0007246068721630561,2408.936614635513,57.181417820637606
86,2021-07-06,2021-09-07,1.4,0.0019496711788659932,2913.9115044663286,69.32511779243706
87,2021-07-06,2021-09-07,1.5,0.004894946142548666,3514.0542878107226,83.8135717293011
88,2021-07-06,2021-09-07,1.5999999999999999,0.01156777936231832,4228.809534970382,101.13967028763955
89,2021-07-06,2021-09-07,1.6999999999999997,0.025914545119155776,5081.727434632422,121.9032013449488
90,2021-07-06,2021-09-14,0.9,5.206736064997859e-08,1059.8839643484175,24.99030392905506
91,2021-07-06,2021-09-14,1.0,2.4954484068776564e-07,1318.434770352386,31.128370464322995
92,2021-07-06,2021-09-14,1.1,1.0293235012470535e-06,1623.2126645439178,38.38401431738156
93,2021-07-06,2021-09-14,1.2,3.750340148056711e-06,1983.1008701989745,46.9781105922449
94,2021-07-06,2021-09-14,1.2999999999999998,1.231025500616868e-05,2408.936626945768,57.18141819225877
95,2021-07-06,2021-09-14,1.4,3.696395929984213e-05,2913.911541430288,69.325118908325
96,2021-07-06,2021-09-14,1.5,0.00010276510359316806,3514.054390575826,83.81357483168689
97,2021-07-06,2021-09-14,1.5999999999999999,0.0002670969421384862,4228.809802067323,101.1396783511828
98,2021-07-06,2021-09-14,1.6999999999999997,0.0006541167542193615,5081.728088749177,121.90322109268399
99,2021-07-06,2021-09-21,0.9,5.123683604303151e-10,1059.8839643489298,24.990303929070524
100,2021-07-06,2021-09-21,1.0,2.872013439050311e-09,1318.4347703552583,31.128370464409695
101,2021-07-06,2021-09-21,1.1,1.3648431105551612e-08,1623.2126645575663,38.3840143177936
102,2021-07-06,2021-09-21,1.2,5.658391050932804e-08,1983.1008702555582,46.97811059395312
103,2021-07-06,2021-09-21,1.2999999999999998,2.0913745511996343e-07,2408.9366271549056,57.181418198572615
104,2021-07-06,2021-09-21,1.4,7.008027095718498e-07,2913.911542131091,69.32511892948266
105,2021-07-06,2021-09-21,1.5,2.157464172405613e-06,3514.05439273329,83.81357489682337
106,2021-07-06,2021-09-21,1.5999999999999999,6.167199715772644e-06,4228.809808234523,101.13967853738119
107,2021-07-06,2021-09-21,1.6999999999999997,1.6510761868390874e-05,5081.728105259938,121.90322159117784
108,2021-07-06,2021-09-28,0.9,5.041957365939925e-12,1059.8839643489348,24.990303929070674
109,2021-07-06,2021-09-28,1.0,3.3054034495440384e-11,1318.4347703552912,31.128370464410697
110,2021-07-06,2021-09-28,1.1,1.8097297338805007e-10,1623.2126645577475,38.384014317799064
111,2021-07-06,2021-09-28,1.2,8.537199208030088e-10,1983.100870256412,46.9781105939789
112,2021-07-06,2021-09-28,1.2999999999999998,3.553012683447982e-09,2408.936627158458,57.18141819867989
113,2021-07-06,2021-09-28,1.4,1.3286581027549132e-08,2913.911542144377,69.32511892988381
114,2021-07-06,2021-09-28,1.5,4.529410757444499e-08,3514.054392778584,83.81357489819095
115,2021-07-06,2021-09-28,1.5999999999999999,1.4239911811338836e-07,4228.809808376922,101.13967854168075
116,2021-07-06,2021-09-28,1.6999999999999997,4.1675339108834436e-07,5081.7281056766915,121.90322160376137
117,2021-07-06,2021-10-05,0.9,4.961536145672859e-14,1059.8839643489348,24.990303929070674
118,2021-07-06,2021-10-05,1.0,3.8041936790942894e-13,1318.4347703552917,31.128370464410704
119,2021-07-06,2021-10-05,1.1,2.3996331801884853e-12,1623.2126645577498,38.384014317799135
120,2021-07-06,2021-10-05,1.2,1.2880657439398194e-11,1983.1008702564247,46.97811059397929
121,2021-07-06,2021-10-05,1.2999999999999998,6.03617559891436e-11,2408.9366271585186,57.18141819868171
122,2021-07-06,2021-10-05,1.4,2.5190157748210547e-10,2913.9115421446295,69.32511892989142
123,2021-07-06,2021-10-05,1.5,9.509113002666282e-10,3514.0543927795347,83.81357489821967
124,2021-07-06,2021-10-05,1.5999999999999999,3.2879619042823923e-09,4228.80980838021,101.13967854178006
125,2021-07-06,2021-10-05,1.6999999999999997,1.0519409441890082e-08,5081.72810568721,121.90322160407902
126,2021-07-06,2021-10-12,0.9,4.88239907876957e-16,1059.8839643489348,24.990303929070674
127,2021-07-06,2021-10-12,1.0,4.378253447984529e-15,1318.4347703552917,31.128370464410704
128,2021-07-06,2021-10-12,1.1,3.181823908923638e-14,1623.2126645577498,38.384014317799135
129,2021-07-06,2021-10-12,1.2,1.9433937539067007e-13,1983.100870256425,46.978110593979295
130,2021-07-06,2021-10-12,1.2999999999999998,1.0254798737828899e-12,2408.9366271585195,57.18141819868174
131,2021-07-06,2021-10-12,1.4,4.77582838260557e-12,2913.911542144634,69.32511892989156
132,2021-07-06,2021-10-12,1.5,1.996358326566965e-11,3514.0543927795547,83.81357489822027
133,2021-07-06,2021-10-12,1.5999999999999999,7.59182946499344e-11,4228.809808380286,101.13967854178233
134,2021-07-06,2021-10-12,1.6999999999999997,2.655239890886992e-10,5081.728105687476,121.90322160408704
135,2021-07-06,2021-10-19,0.9,4.804525634556792e-18,1059.8839643489348,24.990303929070674
136,2021-07-06,2021-10-19,1.0,5.038941447439202e-17,1318.4347703552917,31.128370464410704
137,2021-07-06,2021-10-19,1.1,4.218980995619074e-16,1623.2126645577498,38.384014317799135
138,2021-07-06,2021-10-19,1.2,2.932133445062204e-15,1983.100870256425,46.978110593979295
139,2021-07-06,2021-10-19,1.2999999999999998,1.7421782398215064e-14,2408.9366271585195,57.18141819868174
140,2021-07-06,2021-10-19,1.4,9.05454674135026e-14,2913.911542144634,69.32511892989156
141,2021-07-06,2021-10-19,1.5,4.19118825084576e-13,3514.054392779555,83.8135748982203
142,2021-07-06,2021-10-19,1.5999999999999999,1.7529369686982841e-12,4228.809808380288,101.13967854178239
143,2021-07-06,2021-10-19,1.6999999999999997,6.702184147004714e-12,5081.728105687484,121.90322160408724
144,2021-07-13,2021-07-13,0.9,2381.0,0.0,0.0
145,2021-07-13,2021-07-13,1.0,2381.0,0.0,0.0
146,2021-07-13,2021-07-13,1.1,2381.0,0.0,0.0
147,2021-07-13,2021-07-13,1.2,2381.0,0.0,0.0
148,2021-07-13,2021-07-13,1.2999999999999998,2381.0,0.0,0.0
149,2021-07-13,2021-07-13,1.4,2381.0,0.0,0.0
150,2021-07-13,2021-07-13,1.5,2381.0,0.0,0.0
151,2021-07-13,2021-07-13,1.5999999999999999,2381.0,0.0,0.0
152,2021-07-13,2021-07-13,1.6999999999999997,2381.0,0.0,0.0
153,2021-07-13,2021-07-20,0.9,596.5893366223593,596.5893366223592,13.905387242870292
154,2021-07-13,2021-07-20,1.0,697.9510108554308,697.9510108554308,16.26793924518461
155,2021-07-13,2021-07-20,1.1,804.4028869995008,804.402886999501,18.749134381681596
156,2021-07-13,2021-07-20,1.2,915.7026182885048,915.7026182885048,21.343324000227664
157,2021-07-13,2021-07-20,1.2999999999999998,1031.6391280673565,1031.6391280673563,24.04558829678553
158,2021-07-13,2021-07-20,1.4,1152.026423813959,1152.026423813959,26.85159213177885
159,2021-07-13,2021-07-20,1.5,1276.6989990898855,1276.6989990898858,29.757477858119014
160,2021-07-13,2021-07-20,1.5999999999999999,1405.508334908776,1405.5083349087759,32.7597837746131
161,2021-07-13,2021-07-20,1.6999999999999997,1538.320184037018,1538.3201840370182,35.85538082806645
162,2021-07-13,2021-07-27,0.9,136.490369174527,733.0797057968863,17.13081640791901
163,2021-07-13,2021-07-27,1.0,186.81034241553277,884.7613532709637,20.682489007221953
164,2021-07-13,2021-07-27,1.1,248.1408562692085,1052.5437432687095,24.612996862905202
165,2021-07-13,2021-07-27,1.2,321.55846531834186,1237.2610836068473,28.94213158334651
166,2021-07-13,2021-07-27,1.2999999999999998,408.1376379867311,1439.7767660540871,33.69036432661094
167,2021-07-13,2021-07-27,1.4,508.950934799327,1660.9773586132862,38.87870582931384
168,2021-07-13,2021-07-27,1.5,625.0691587676686,1901.7681578575543,44.52860278843368
169,2021-07-13,2021-07-27,1.5999999999999999,757.5614839584205,2163.069818867196,50.66185935294701
170,2021-07-13,2021-07-27,1.6999999999999997,907.4955666657032,2445.8157507027213,57.3005764530648
171,2021-07-13,2021-08-03,0.9,23.720337967368092,756.8000437642543,17.71187382562041
172,2021-07-13,2021-08-03,1.0,37.9765598573995,922.7379131283631,21.612781745522508
173,2021-07-13,2021-08-03,1.1,58.13067264788015,1110.6744159165896,26.03701488291859
174,2021-07-13,2021-08-03,1.2,85.74108386525583,1323.0021674721024,31.042548529399294
175,2021-07-13,2021-08-03,1.2999999999999998,122.5879186611274,1562.3646847152145,36.693471920044324
176,2021-07-13,2021-08-03,1.4,170.68205564721313,1831.659414260499,43.06007025305002
177,2021-07-13,2021-08-03,1.5,232.2737373740678,2134.041895231622,50.21893269879583
178,2021-07-13,2021-08-03,1.5999999999999999,309.860802577908,2472.9306214451044,58.25307630930848
179,2021-07-13,2021-08-03,1.6999999999999997,406.1965788890753,2852.012329591796,67.2520795034978
180,2021-07-13,2021-08-10,0.9,2.887454148272684,759.6874979125271,17.785757627228584
181,2021-07-13,2021-08-10,1.0,5.407306691113201,928.1452198194763,21.751146647055
182,2021-07-13,2021-08-10,1.1,9.537450772129436,1120.2118666887188,26.281070493520208
183,2021-07-13,2021-08-10,1.2,16.01033274979302,1339.012500221896,31.45225153705715
184,2021-07-13,2021-08-10,1.2999999999999998,25.782568324857618,1588.1472530400724,37.35326543408721
185,2021-07-13,2021-08-10,1.4,40.07600445707869,1871.7354187175779,44.08567524166987
186,2021-07-13,2021-08-10,1.5,60.42202140691597,2194.4639166385386,51.76527482464592
187,2021-07-13,2021-08-10,1.5999999999999999,88.70901517584944,2561.6396366209538,60.52343000712121
188,2021-07-13,2021-08-10,1.6999999999999997,127.23299564695579,2979.2453252387527,70.50850956416775
189,2021-07-13,2021-08-17,0.9,0.24423781931343166,759.9317357318405,17.79221840023172
190,2021-07-13,2021-08-17,1.0,0.5349881775392391,928.6802079970157,21.76529901972435
191,2021-07-13,2021-08-17,1.1,1.0872958259280152,1121.299162514647,26.309834357889702
192,2021-07-13,2021-08-17,1.2,2.0772381357702847,1341.089738357666,31.507205772851226
193,2021-07-13,2021-08-17,1.2999999999999998,3.7675550631286114,1591.9148081032013,37.452941479748276
194,2021-07-13,2021-08-17,1.4,6.5374635325431605,1878.272882250121,44.25864003360436
195,2021-07-13,2021-08-17,1.5,10.919019508665405,2205.382936147204,52.054176618757154
196,2021-07-13,2021-08-17,1.5999999999999999,17.640748128630563,2579.2803847495843,60.990199745943194
197,2021-07-13,2021-08-17,1.6999999999999997,27.679255314228563,3006.9245805529813,71.24092943497998
198,2021-07-13,2021-08-24,0.9,0.014499438225159858,759.9462351700656,17.792618372385625
199,2021-07-13,2021-08-24,1.0,0.03714940749648916,928.7173574045124,21.766323830752217
200,2021-07-13,2021-08-24,1.1,0.08699831475426237,1121.3861608294014,26.312234389118874
201,2021-07-13,2021-08-24,1.2,0.18915665763301734,1341.2788950152992,31.512424236142444
202,2021-07-13,2021-08-24,1.2999999999999998,0.38640428668379917,1592.301212389885,37.463602005658046
203,2021-07-13,2021-08-24,1.4,0.7484785185144754,1879.0213607686355,44.27929062112996
204,2021-07-13,2021-08-24,1.5,1.3848705004949706,2206.7678066476988,52.0923868112359
205,2021-07-13,2021-08-24,1.5999999999999999,2.462008072254663,2581.7423928218386,61.05813216000803
206,2021-07-13,2021-08-24,1.6999999999999997,4.225817880124279,3011.1503984331052,71.35753419726713
207,2021-07-13,2021-08-31,0.9,0.0005446535564670886,759.9467798236221,17.792634138091255
208,2021-07-13,2021-08-31,1.0,0.001632291205859757,928.7189896957182,21.766371080635807
209,2021-07-13,2021-08-31,1.1,0.0044047297147327144,1121.390565559116,26.31236189580887
210,2021-07-13,2021-08-31,1.2,0.010899571849722681,1341.289794587149,31.51273976149965
211,2021-07-13,2021-08-31,1.2999999999999998,0.025077454765989667,1592.326289844651,37.46432797762042
212,2021-07-13,2021-08-31,1.4,0.05422685907423401,1879.0755876277096,44.28086048776906
213,2021-07-13,2021-08-31,1.5,0.11114862961935709,2206.878955277318,52.09560465226461
214,2021-07-13,2021-08-31,1.5999999999999999,0.21743700990003625,2581.959829831739,61.06442731185118
215,2021-07-13,2021-08-31,1.6999999999999997,0.40826056589658094,3011.5586589990003,71.36935433102934
216,2021-07-13,2021-09-07,0.9,1.0885607215046924e-05,759.9467907092294,17.792634464006152
217,2021-07-13,2021-09-07,1.0,3.815994515157943e-05,928.7190278556634,21.766372223160044
218,2021-07-13,2021-09-07,1.1,0.00011865696676027714,1121.3906842160827,26.31236544849946
219,2021-07-13,2021-09-07,1.2,0.00033416728608126167,1341.2901287544346,31.51274976690822
220,2021-07-13,2021-09-07,1.2999999999999998,0.0008659496109113953,1592.327155794262,37.464353905709046
221,2021-07-13,2021-09-07,1.4,0.002090344395141753,1879.077677972105,44.280923077469225
222,2021-07-13,2021-09-07,1.5,0.004746434061638889,2206.883701711379,52.095746773736145
223,2021-07-13,2021-09-07,1.5999999999999999,0.01021751134690384,2581.970047343086,61.06473325768896
224,2021-07-13,2021-09-07,1.6999999999999997,0.02098600583481809,3011.579645004836,71.3699827310773
225,2021-07-13,2021-09-14,0.9,1.071494985023562e-07,759.9467908163789,17.79263446721444
226,2021-07-13,2021-09-14,1.0,4.393516893095363e-07,928.7190282950153,21.766372236315398
227,2021-07-13,2021-09-14,1.1,1.5741654893924367e-06,1121.3906857902484,26.31236549563496
228,2021-07-13,2021-09-14,1.2,5.045332442701536e-06,1341.290133799767,31.51274991798417
229,2021-07-13,2021-09-14,1.2999999999999998,1.4725190330528346e-05,1592.3271705194522,37.464354346644
230,2021-07-13,2021-09-14,1.4,3.9679647494252785e-05,1879.0777176517527,44.2809242656694
231,2021-07-13,2021-09-14,1.5,9.980782301910815e-05,2206.8838015192023,52.09574976252076
232,2021-07-13,2021-09-14,1.5999999999999999,0.00023641647177571402,2581.970283759557,61.0647403374054
233,2021-07-13,2021-09-14,1.6999999999999997,0.0005311660607052482,3011.580176170897,71.36999863763558
234,2021-07-13,2021-09-21,0.9,1.0546971499982416e-09,759.9467908174336,17.79263446724602
235,2021-07-13,2021-09-21,1.0,5.058444804139374e-09,928.7190283000737,21.766372236466875
236,2021-07-13,2021-09-21,1.1,2.0883712132648054e-08,1121.390685811132,26.31236549626033
237,2021-07-13,2021-09-21,1.2,7.61755889301942e-08,1341.2901338759425,31.512749920265332
238,2021-07-13,2021-09-21,1.2999999999999998,2.503971606355749e-07,1592.3271707698493,37.46435435414257
239,2021-07-13,2021-09-21,1.4,7.532132716294953e-07,1879.0777184049657,44.280924288226146
240,2021-07-13,2021-09-21,1.5,2.098755848619004e-06,2206.883803617958,52.095749825374284
241,2021-07-13,2021-09-21,1.5999999999999999,5.470292439807563e-06,2581.970289229849,61.06474050123309
242,2021-07-13,2021-09-21,1.6999999999999997,1.3444078873845559e-05,3011.580189614976,71.36999904027503
243,2021-07-13,2021-09-28,0.9,1.0381630045842567e-11,759.946790817444,17.792634467246334
244,2021-07-13,2021-09-28,1.0,5.824006971841024e-11,928.719028300132,21.76637223646862
245,2021-07-13,2021-09-28,1.1,2.770544787447357e-10,1121.390685811409,26.312365496268626
246,2021-07-13,2021-09-28,1.2,1.1501170193318787e-09,1341.2901338770926,31.512749920299772
247,2021-07-13,2021-09-28,1.2999999999999998,4.257925621380509e-09,1592.3271707741076,37.46435435427009
248,2021-07-13,2021-09-28,1.4,1.429777048712464e-08,1879.0777184192636,44.28092428865437
249,2021-07-13,2021-09-28,1.5,4.413259514522947e-08,2206.8838036620905,52.09574982669608
250,2021-07-13,2021-09-28,1.5999999999999999,1.2657372962915294e-07,2581.9702893564236,61.06474050502413
251,2021-07-13,2021-09-28,1.6999999999999997,3.4027654545378333e-07,3011.580189955252,71.36999905046697
252,2021-07-13,2021-10-05,0.9,1.0218884032350197e-13,759.946790817444,17.792634467246337
253,2021-07-13,2021-10-05,1.0,6.705434311136408e-13,928.7190283001327,21.76637223646864
254,2021-07-13,2021-10-05,1.1,3.67555408620739e-12,1121.3906858114126,26.312365496268733
255,2021-07-13,2021-10-05,1.2,1.7364745240403318e-11,1341.2901338771098,31.512749920300294
256,2021-07-13,2021-10-05,1.2999999999999998,7.240472847019924e-11,1592.3271707741799,37.46435435427226
257,2021-07-13,2021-10-05,1.4,2.714056459190005e-10,1879.0777184195347,44.28092428866249
258,2021-07-13,2021-10-05,1.5,9.280197585259366e-10,2206.8838036630186,52.095749826723875
259,2021-07-13,2021-10-05,1.5999999999999999,2.9287131057078507e-09,2581.970289359352,61.064740505111864
260,2021-07-13,2021-10-05,1.6999999999999997,8.612578787820592e-09,3011.5801899638645,71.36999905072496
261,2021-07-13,2021-10-12,0.9,1.0058692656865208e-15,759.946790817444,17.792634467246337
262,2021-07-13,2021-10-12,1.0,7.720262970160542e-15,928.7190283001327,21.76637223646864
263,2021-07-13,2021-10-12,1.1,4.8761900700337336e-14,1121.3906858114126,26.312365496268733
264,2021-07-13,2021-10-12,1.2,2.6217723445976574e-13,1341.2901338771103,31.5127499203003
265,2021-07-13,2021-10-12,1.2999999999999998,1.231220887668551e-12,1592.3271707741812,37.4643543542723
266,2021-07-13,2021-10-12,1.4,5.151926193576012e-12,1879.07771841954,44.28092428866264
267,2021-07-13,2021-10-12,1.5,1.951439938461915e-11,2206.883803663038,52.09574982672446
268,2021-07-13,2021-10-12,1.5999999999999999,6.77657585162335e-11,2581.9702893594203,61.06474050511389
269,2021-07-13,2021-10-12,1.6999999999999997,2.1798902522608249e-10,3011.5801899640824,71.3699990507315
270,2021-07-13,2021-10-19,0.9,9.901015759276408e-18,759.946790817444,17.792634467246337
271,2021-07-13,2021-10-19,1.0,8.888683239372578e-17,928.7190283001327,21.76637223646864
272,2021-07-13,2021-10-19,1.1,6.469021559410851e-16,1121.3906858114126,26.312365496268733
273,2021-07-13,2021-10-19,1.2,3.9584185718463546e-15,1341.2901338771103,31.5127499203003
274,2021-07-13,2021-10-19,1.2999999999999998,2.0936554252083392e-14,1592.3271707741812,37.4643543542723
275,2021-07-13,2021-10-19,1.4,9.779588596474229e-14,1879.07771841954,44.28092428866264
276,2021-07-13,2021-10-19,1.5,4.1034898561289253e-13,2206.8838036630386,52.09574982672447
277,2021-07-13,2021-10-19,1.5999999999999999,1.567992555033389e-12,2581.9702893594213,61.06474050511393
278,2021-07-13,2021-10-19,1.6999999999999997,5.517422976140246e-12,3011.5801899640883,71.36999905073166
279,2021-07-20,2021-07-20,0.9,2381.0,0.0,0.0
280,2021-07-20,2021-07-20,1.0,2381.0,0.0,0.0
281,2021-07-20,2021-07-20,1.1,2381.0,0.0,0.0
282,2021-07-20,2021-07-20,1.2,2381.0,0.0,0.0
283,2021-07-20,2021-07-20,1.2999999999999998,2381.0,0.0,0.0
284,2021-07-20,2021-07-20,1.4,2381.0,0.0,0.0
285,2021-07-20,2021-07-20,1.5,2381.0,0.0,0.0
286,2021-07-20,2021-07-20,1.5999999999999999,2381.0,0.0,0.0
287,2021-07-20,2021-07-20,1.6999999999999997,2381.0,0.0,0.0
288,2021-07-20,2021-07-27,0.9,445.95583648260447,445.9558364826044,10.34302656265049
289,2021-07-20,2021-07-27,1.0,521.7245897020406,521.7245897020405,12.100326642740603
290,2021-07-20,2021-07-27,1.1,601.298314133226,601.2983141332259,13.945875188471732
291,2021-07-20,2021-07-27,1.2,684.4958534125706,684.4958534125706,15.875470651333194
292,2021-07-20,2021-07-27,1.2999999999999998,771.1594258626244,771.1594258626243,17.885453610486717
293,2021-07-20,2021-07-27,1.4,861.1500004185003,861.1500004185003,19.97259952690957
294,2021-07-20,2021-07-27,1.5,954.3438595451009,954.3438595451009,22.13403902734301
295,2021-07-20,2021-07-27,1.5999999999999999,1050.6299839788728,1050.6299839788728,24.367197248767074
296,2021-07-20,2021-07-27,1.6999999999999997,1149.9080227184056,1149.9080227184056,26.66974675651611
297,2021-07-20,2021-08-03,0.9,72.64221202154619,518.5980485041507,12.06273627940565
298,2021-07-20,2021-08-03,1.0,99.42325296383905,621.1478426658796,14.454042608088782
299,2021-07-20,2021-08-03,1.1,132.06426798704814,733.362582120274,17.072324653228144
300,2021-07-20,2021-08-03,1.2,171.13821551108683,855.6340689236574,19.926944910339255
301,2021-07-20,2021-08-03,1.2999999999999998,217.21694367091183,988.3763695335363,23.027781718060425
302,2021-07-20,2021-08-03,1.4,270.8712851892319,1132.0212856077321,26.385124258283597
303,2021-07-20,2021-08-03,1.5,332.67113741388164,1287.0149969589827,30.009594734883354
304,2021-07-20,2021-08-03,1.5999999999999999,403.18553074391633,1453.815514722789,33.91208933809034
305,2021-07-20,2021-08-03,1.6999999999999997,482.982687797186,1632.8907105155915,38.10373256332202
306,2021-07-20,2021-08-10,0.9,8.470897013769505,527.0689455179202,12.27157860945215
307,2021-07-20,2021-08-10,1.0,13.562428047127241,634.7102707130068,14.788415244398443
308,2021-07-20,2021-08-10,1.1,20.760659321765097,754.1232414420393,17.584170032979454
309,2021-07-20,2021-08-10,1.2,30.62241019636343,886.2564791200208,20.68193556906357
310,2021-07-20,2021-08-10,1.2999999999999998,43.783783864642956,1032.160153398179,24.107275770373445
311,2021-07-20,2021-08-10,1.4,60.96341570786391,1192.9847013155954,27.88820112955018
312,2021-07-20,2021-08-10,1.5,82.96557161016023,1369.9805685691426,32.05516745914236
313,2021-07-20,2021-08-10,1.5999999999999999,110.68311305624016,1564.498627779029,36.6410901521648
314,2021-07-20,2021-08-10,1.6999999999999997,145.1003428212415,1777.991053336833,41.68136886744438
315,2021-07-20,2021-08-17,0.9,0.6951393651572566,527.7640848830773,12.28929082657101
316,2021-07-20,2021-08-17,1.0,1.301893961087743,636.0121646740945,14.82158819222171
317,2021-07-20,2021-08-17,1.1,2.2965128000688915,756.4197542421081,17.64268745568786
318,2021-07-20,2021-08-17,1.2,3.8555223388850512,890.1120014589058,20.780179982160952
319,2021-07-20,2021-08-17,1.2999999999999998,6.209547229976517,1038.3697006281557,24.26550741477696
320,2021-07-20,2021-08-17,1.4,9.653257531541291,1202.6379588471373,28.134190598347306
321,2021-07-20,2021-08-17,1.5,14.556116347905053,1384.536684917048,32.426102449987745
322,2021-07-20,2021-08-17,1.5999999999999999,21.37391804962462,1585.8725458286538,37.18577655653077
323,2021-07-20,2021-08-17,1.6999999999999997,30.661106646015277,1808.6521599828484,42.46274615223814
324,2021-07-20,2021-08-24,0.9,0.039919961323224666,527.8040048444007,12.290356597892144
325,2021-07-20,2021-08-24,1.0,0.08745614342056347,636.0996208175151,14.82392311620866
326,2021-07-20,2021-08-24,1.1,0.17777585817033761,756.5975301002783,17.647433854454277
327,2021-07-20,2021-08-24,1.2,0.3397045577196242,890.4517060166253,20.78924987843542
328,2021-07-20,2021-08-24,1.2999999999999998,0.6162785203092962,1038.9859791484653,24.28196203894874
329,2021-07-20,2021-08-24,1.4,1.0696524032174881,1203.7076112503546,28.162750983962223
330,2021-07-20,2021-08-24,1.5,1.78709674521006,1386.323781662258,32.47382024614521
331,2021-07-20,2021-08-24,1.5999999999999999,2.8882118881341055,1588.7607577167878,37.26289757043512
332,2021-07-20,2021-08-24,1.6999999999999997,4.53348661430834,1813.1856465971568,42.58380257007002
333,2021-07-20,2021-08-31,0.9,0.001447338005206491,527.8054521824056,12.290397592618367
334,2021-07-20,2021-08-31,1.0,0.0037091315831206616,636.1033299490981,14.824028176211987
335,2021-07-20,2021-08-31,1.1,0.008688593972866842,756.6062186942511,17.64767996046307
336,2021-07-20,2021-08-31,1.2,0.018897213948070878,890.4706032305734,20.789785155231243
337,2021-07-20,2021-08-31,1.2999999999999998,0.03861690696200731,1039.024596055427,24.283055910683128
338,2021-07-20,2021-08-31,1.4,0.07483405993455525,1203.7824453102892,28.164870793439682
339,2021-07-20,2021-08-31,1.5,0.13852943109550014,1386.4623110933535,32.47774442220058
340,2021-07-20,2021-08-31,1.5999999999999999,0.24641531186470148,1589.0071730286525,37.26987801860774
341,2021-07-20,2021-08-31,1.6999999999999997,0.42322479964877247,1813.6088713968054,42.595791934093995
342,2021-07-20,2021-09-07,0.9,2.8220125537706066e-05,527.8054804025311,12.290398427994528
343,2021-07-20,2021-09-07,1.0,8.459906600423392e-05,636.1034145481642,14.824030680552777
344,2021-07-20,2021-09-07,1.1,0.00022837049487595712,756.6064470647459,17.647686720869892
345,2021-07-20,2021-09-07,1.2,0.0005653408212156423,890.4711685713947,20.789801891105355
346,2021-07-20,2021-09-07,1.2999999999999998,0.0013013569902346732,1039.0258974124172,24.283094435442862
347,2021-07-20,2021-09-07,1.4,0.002815637091510374,1203.7852609473805,28.164954147315132
348,2021-07-20,2021-09-07,1.5,0.005775090013121912,1386.4680861833665,32.47791538974526
349,2021-07-20,2021-09-07,1.5999999999999999,0.011306564016925596,1589.0184795926693,37.27021274618888
350,2021-07-20,2021-09-07,1.6999999999999997,0.021248838878426754,1813.630120235684,42.59642100861564
351,2021-07-20,2021-09-14,0.9,2.778300797645737e-07,527.805480680361,12.29039843621965
352,2021-07-20,2021-09-14,1.0,9.742775079623914e-07,636.1034155224415,14.824030709396506
353,2021-07-20,2021-09-14,1.1,3.03072331871382e-06,756.6064500954692,17.64768681059644
354,2021-07-20,2021-09-14,1.2,8.53945910204447e-06,890.4711771108539,20.78980214392528
355,2021-07-20,2021-09-14,1.2999999999999998,2.2141862633869888e-05,1039.0259195542799,24.283095090986453
356,2021-07-20,2021-09-14,1.4,5.348644598551039e-05,1203.785314433827,28.164955730887304
357,2021-07-20,2021-09-14,1.5,0.00012155023458574047,1386.468207733601,32.47791898853767
358,2021-07-20,2021-09-14,1.5999999999999999,0.00026191736427082484,1589.0187415100336,37.270220501019104
359,2021-07-20,2021-09-14,1.6999999999999997,0.0005385922137965134,1813.6306588278972,42.59643695547492
360,2021-07-20,2021-09-21,0.9,2.735267211089723e-09,527.8054806830962,12.290398436300631
361,2021-07-20,2021-09-21,1.0,1.1220183679753025e-08,636.1034155336617,14.824030709728714
362,2021-07-20,2021-09-21,1.1,4.022099205685137e-08,756.6064501356902,17.647686811787327
363,2021-07-20,2021-09-21,1.2,1.2898837742910314e-07,890.4711772398423,20.7898021477445
364,2021-07-20,2021-09-21,1.2999999999999998,3.7673161152449427e-07,1039.0259199310115,24.283095102141292
365,2021-07-20,2021-09-21,1.4,1.0160405053160932e-06,1203.7853154498673,28.164955760972298
366,2021-07-20,2021-09-21,1.5,2.558309415632277e-06,1386.4682102919107,32.4779190642907
367,2021-07-20,2021-09-21,1.5999999999999999,6.0673376768214706e-06,1589.0187475773714,37.27022068067986
368,2021-07-20,2021-09-21,1.6999999999999997,1.3651650663719268e-05,1813.6306724795486,42.59643735972337
369,2021-07-20,2021-09-28,0.9,2.6929012538709952e-11,527.805480683123,12.290398436301425
370,2021-07-20,2021-09-28,1.0,1.2921634070667503e-10,636.1034155337909,14.824030709732543
371,2021-07-20,2021-09-28,1.1,5.337765082834031e-10,756.6064501362241,17.64768681180313
372,2021-07-20,2021-09-28,1.2,1.948368035692235e-09,890.4711772417907,20.789802147802195
373,2021-07-20,2021-09-28,1.2999999999999998,6.4098842039122734e-09,1039.0259199374216,24.283095102331103
374,2021-07-20,2021-09-28,1.4,1.9300942723356257e-08,1203.7853154691682,28.16495576154386
375,2021-07-20,2021-09-28,1.5,5.3845642968184946e-08,1386.4682103457565,32.477919065885274
376,2021-07-20,2021-09-28,1.5999999999999999,1.4055046329492473e-07,1589.0187477179218,37.270220684842165
377,2021-07-20,2021-09-28,1.6999999999999997,3.460274190737809e-07,1813.6306728255759,42.59643736997094
378,2021-07-20,2021-10-05,0.9,2.651192549706645e-13,527.8054806831233,12.290398436301432
379,2021-07-20,2021-10-05,1.0,1.4881101901491735e-12,636.1034155337925,14.824030709732586
380,2021-07-20,2021-10-05,1.1,7.083800542549015e-12,756.6064501362312,17.64768681180334
381,2021-07-20,2021-10-05,1.2,2.94300914470292e-11,890.47117724182,20.789802147803066
382,2021-07-20,2021-10-05,1.2999999999999998,1.090607584278381e-10,1039.0259199375307,24.283095102334332
383,2021-07-20,2021-10-05,1.4,3.6664540053904605e-10,1203.7853154695351,28.164955761554722
384,2021-07-20,2021-10-05,1.5,1.133308888635082e-09,1386.4682103468897,32.47791906591884
385,2021-07-20,2021-10-05,1.5999999999999999,3.255866860508681e-09,1589.018747721178,37.27022068493861
386,2021-07-20,2021-10-05,1.6999999999999997,8.77073747246072e-09,1813.6306728343468,42.596437370230724
387,2021-07-20,2021-10-12,0.9,2.610130883900836e-15,527.8054806831233,12.290398436301432
388,2021-07-20,2021-10-12,1.0,1.7137715305353858e-14,636.1034155337925,14.824030709732586
389,2021-07-20,2021-10-12,1.1,9.400985476645164e-14,756.6064501362314,17.647686811803347
390,2021-07-20,2021-10-12,1.2,4.445416179659273e-13,890.4711772418204,20.78980214780308
391,2021-07-20,2021-10-12,1.2999999999999998,1.855611484045266e-12,1039.0259199375325,24.28309510233439
392,2021-07-20,2021-10-12,1.4,6.964888677845735e-12,1203.785315469542,28.16495576155493
393,2021-07-20,2021-10-12,1.5,2.3853178165416076e-11,1386.4682103469136,32.477919065919544
394,2021-07-20,2021-10-12,1.5999999999999999,7.542255374675074e-11,1589.018747721253,37.27022068494083
395,2021-07-20,2021-10-12,1.6999999999999997,2.2231151633952786e-10,1813.6306728345687,42.5964373702373
396,2021-07-20,2021-10-19,0.9,2.5697062008247866e-17,527.8054806831233,12.290398436301432
397,2021-07-20,2021-10-19,1.0,1.9736536303286118e-16,636.1034155337925,14.824030709732586
398,2021-07-20,2021-10-19,1.1,1.2476151168822782e-15,756.6064501362314,17.647686811803347
399,2021-07-20,2021-10-19,1.2,6.7148055153689045e-15,890.4711772418204,20.78980214780308
400,2021-07-20,2021-10-19,1.2999999999999998,3.157226925037232e-14,1039.0259199375325,24.28309510233439
401,2021-07-20,2021-10-19,1.4,1.323068518135252e-13,1203.7853154695424,28.164955761554932
402,2021-07-20,2021-10-19,1.5,5.020470712324397e-13,1386.468210346914,32.47791906591956
403,2021-07-20,2021-10-19,1.5999999999999999,1.747173638986973e-12,1589.0187477212548,37.27022068494089
404,2021-07-20,2021-10-19,1.6999999999999997,5.634923964695294e-12,1813.6306728345746,42.59643737023747
405,2021-07-27,2021-07-27,0.9,2381.0,0.0,0.0
406,2021-07-27,2021-07-27,1.0,2381.0,0.0,0.0
407,2021-07-27,2021-07-27,1.1,2381.0,0.0,0.0
408,2021-07-27,2021-07-27,1.2,2381.0,0.0,0.0
409,2021-07-27,2021-07-27,1.2999999999999998,2381.0,0.0,0.0
410,2021-07-27,2021-07-27,1.4,2381.0,0.0,0.0
411,2021-07-27,2021-07-27,1.5,2381.0,0.0,0.0
412,2021-07-27,2021-07-27,1.5999999999999999,2381.0,0.0,0.0
413,2021-07-27,2021-07-27,1.6999999999999997,2381.0,0.0,0.0
414,2021-07-27,2021-08-03,0.9,313.7934472322049,313.79344723220487,7.334104451416433
415,2021-07-27,2021-08-03,1.0,367.1075566577927,367.10755665779266,8.580182885209094
416,2021-07-27,2021-08-03,1.1,423.0990052624601,423.0990052624601,9.888837148307424
417,2021-07-27,2021-08-03,1.2,481.6403237428176,481.6403237428175,11.25708797778017
418,2021-07-27,2021-08-03,1.2999999999999998,542.6204902163673,542.6204902163672,12.682340526316743
419,2021-07-27,2021-08-03,1.4,605.9416765271479,605.9416765271479,14.162308315596958
420,2021-07-27,2021-08-03,1.5,671.5168297684695,671.5168297684696,15.69495671068472
421,2021-07-27,2021-08-03,1.5999999999999999,739.2678320762527,739.2678320762527,17.278459909990655
422,2021-07-27,2021-08-03,1.6999999999999997,809.1240722282874,809.1240722282874,18.911167560125655
423,2021-07-27,2021-08-10,0.9,34.13977824697294,347.9332254791778,8.14808424921126
424,2021-07-27,2021-08-10,1.0,46.726107511310246,413.83366416910275,9.694253025578798
425,2021-07-27,2021-08-10,1.1,62.06645830236193,485.16546356482206,11.368660561726264
426,2021-07-27,2021-08-10,1.2,80.43010481836933,562.0704285611869,13.174747781633116
427,2021-07-27,2021-08-10,1.2999999999999998,102.08579945515127,644.7062896715183,15.11632758379258
428,2021-07-27,2021-08-10,1.4,127.30181739358476,733.2434939207325,17.19750985766122
429,2021-07-27,2021-08-10,1.5,156.34599421489975,827.8628239833695,19.422645854897578
430,2021-07-27,2021-08-10,1.5999999999999999,189.48575805900157,928.7535901352541,21.79628594606168
431,2021-07-27,2021-08-10,1.6999999999999997,226.9881574315518,1036.1122296598394,24.323146898460617
432,2021-07-27,2021-08-17,0.9,2.689641857088557,350.62286733626627,8.21390619051055
433,2021-07-27,2021-08-17,1.0,4.306396796986219,418.14006096608904,9.799641488863323
434,2021-07-27,2021-08-17,1.1,6.592192241963501,491.7576558067856,11.529989333983991
435,2021-07-27,2021-08-17,1.2,9.723906435517751,571.7943349967048,13.412719752439187
436,2021-07-27,2021-08-17,1.2999999999999998,13.903620437308046,658.6099101088265,15.456591689918232
437,2021-07-27,2021-08-17,1.4,19.359655457134238,752.6031493778668,17.671303448874905
438,2021-07-27,2021-08-17,1.5,26.347563063632595,854.2103870470023,20.06746133073625
439,2021-07-27,2021-08-17,1.5999999999999999,35.15107360558906,963.9046637408431,22.656560643966323
440,2021-07-27,2021-08-17,1.6999999999999997,46.08300722841363,1082.1952368882528,25.450975320907762
441,2021-07-27,2021-08-24,0.9,0.14796886787472582,350.77083620414095,8.217700567551864
442,2021-07-27,2021-08-24,1.0,0.2771438543131981,418.41720482040233,9.80674838339702
443,2021-07-27,2021-08-24,1.1,0.4889141887326964,492.2465699955183,11.542526864352986
444,2021-07-27,2021-08-24,1.2,0.8208885663121962,572.6152235630168,13.433770549745887
445,2021-07-27,2021-08-24,1.2999999999999998,1.3222127515372881,659.9321228603636,15.490498810580371
446,2021-07-27,2021-08-24,1.4,2.0556968463392287,754.6588462242058,17.724020863730374
447,2021-07-27,2021-08-24,1.5,3.1001160603982196,857.3105031074005,20.14696344673321
448,2021-07-27,2021-08-24,1.5999999999999999,4.552683542628332,968.4573472834717,22.773315278536987
449,2021-07-27,2021-08-24,1.6999999999999997,6.531693794813852,1088.7269306830672,25.618484512276876
450,2021-07-27,2021-08-31,0.9,0.005117710917830725,350.7759539150589,8.217841313094766
451,2021-07-27,2021-08-31,1.0,0.01121318751236816,418.42841800791484,9.807056767831812
452,2021-07-27,2021-08-31,1.1,0.022796645403260502,492.2693666409216,11.543153823179338
453,2021-07-27,2021-08-31,1.2,0.04356780964004492,572.658791372657,13.434968775786897
454,2021-07-27,2021-08-31,1.2999999999999998,0.07905237799322949,660.0111752383568,15.492672978822265
455,2021-07-27,2021-08-31,1.4,0.13723412209533448,754.7960803463011,17.72779524461128
456,2021-07-27,2021-08-31,1.5,0.2293283067830227,857.5398314141835,20.15327079634046
457,2021-07-27,2021-08-31,1.5999999999999999,0.37071328851964747,968.8280605719913,22.783511358435995
458,2021-07-27,2021-08-31,1.6999999999999997,0.5820375885479182,1089.308968271615,25.634493068008567
459,2021-07-27,2021-09-07,0.9,9.639600799565292e-05,350.7760503110668,8.217844120820963
460,2021-07-27,2021-09-07,1.0,0.0002470776489037268,418.42866508556386,9.807063964516614
461,2021-07-27,2021-09-07,1.1,0.0005788852927095451,492.2699455262144,11.543170684633859
462,2021-07-27,2021-09-07,1.2,0.0012593118349140976,572.6600506844917,13.435005456644015
463,2021-07-27,2021-09-07,1.2999999999999998,0.002574052142678771,660.0137492904997,15.492747955702843
464,2021-07-27,2021-09-07,1.4,0.004989495722467361,754.8010698420237,17.727940579766152
465,2021-07-27,2021-09-07,1.5,0.009239137968793817,857.5490705521523,20.153539918601506
466,2021-07-27,2021-09-07,1.5999999999999999,0.01644013081894924,968.8445007028103,22.783990239573075
467,2021-07-27,2021-09-07,1.6999999999999997,0.028247153896018118,1089.3372154255107,25.635315881843177
468,2021-07-27,2021-09-14,0.9,9.491411068852047e-07,350.77605126020796,8.21784414846987
469,2021-07-27,2021-09-14,1.0,2.8459130382608732e-06,418.42866793147675,9.80706404742012
470,2021-07-27,2021-09-14,1.1,7.684099498314123e-06,492.269953210314,11.54317090847949
471,2021-07-27,2021-09-14,1.2,1.902718722228596e-05,572.6600697116791,13.43500601093118
472,2021-07-27,2021-09-14,1.2999999999999998,4.381149826238144e-05,660.0137931019981,15.492749232003872
473,2021-07-27,2021-09-14,1.4,9.482305428225759e-05,754.801164665078,17.727943342149402
474,2021-07-27,2021-09-14,1.5,0.00019456383282137125,857.549265115985,20.15354558669837
475,2021-07-27,2021-09-14,1.5999999999999999,0.0003810861291972655,968.8448817889395,22.784001341634312
476,2021-07-27,2021-09-14,1.6999999999999997,0.0007165437984405871,1089.3379319693092,25.635336756949744
477,2021-07-27,2021-09-21,0.9,9.345503960785717e-09,350.77605126955336,8.217844148742138
478,2021-07-27,2021-09-21,1.0,3.278007978136876e-08,418.4286679642568,9.807064048375143
479,2021-07-27,2021-09-21,1.1,1.0199847205240335e-07,492.2699533123124,11.543170911451178
480,2021-07-27,2021-09-21,1.2,2.874856209588159e-07,572.6600699991645,13.435006019307055
481,2021-07-27,2021-09-21,1.2999999999999998,7.456913524659478e-07,660.0137938476894,15.492749253729832
482,2021-07-27,2021-09-21,1.4,1.8020692141653817e-06,754.801166467147,17.727943394654
483,2021-07-27,2021-09-21,1.5,4.097255248252125e-06,857.5492692132402,20.153545706076574
484,2021-07-27,2021-09-21,1.5999999999999999,8.833671853419358e-06,968.8448906226113,22.784001599017188
485,2021-07-27,2021-09-21,1.6999999999999997,1.817653230280324e-05,1089.3379501458417,25.63533728655946
486,2021-07-27,2021-09-28,0.9,9.201844241117568e-11,350.77605126964534,8.217844148744819
487,2021-07-27,2021-09-28,1.0,3.7757097612235073e-10,418.42866796463437,9.807064048386145
488,2021-07-27,2021-09-28,1.1,1.3539248989056195e-09,492.2699533136664,11.543170911490629
489,2021-07-27,2021-09-28,1.2,4.343680709403971e-09,572.6600700035082,13.43500601943362
490,2021-07-27,2021-09-28,1.2999999999999998,1.2692008271952987e-08,660.0137938603814,15.492749254099664
491,2021-07-27,2021-09-28,1.4,3.424752896697471e-08,754.8011665013946,17.727943395651952
492,2021-07-27,2021-09-28,1.5,8.62827906244362e-08,857.5492692995233,20.15354570859085
493,2021-07-27,2021-09-28,1.5999999999999999,2.047668492736521e-07,968.844890827378,22.784001604984184
494,2021-07-27,2021-09-28,1.6999999999999997,4.61083517445843e-07,1089.3379506069252,25.63533729999588
495,2021-07-27,2021-10-05,0.9,9.060397218616673e-13,350.77605126964613,8.217844148744843
496,2021-07-27,2021-10-05,1.0,4.348980039204941e-12,418.4286679646387,9.807064048386273
497,2021-07-27,2021-10-05,1.1,1.7971970888673652e-11,492.2699533136843,11.543170911491151
498,2021-07-27,2021-10-05,1.2,6.562962012750818e-11,572.6600700035739,13.435006019435535
499,2021-07-27,2021-10-05,1.2999999999999998,2.1602391086293923e-10,660.0137938605974,15.492749254105961
500,2021-07-27,2021-10-05,1.4,6.508595212657368e-10,754.8011665020456,17.72794339567092
501,2021-07-27,2021-10-05,1.5,1.8170028188068023e-09,857.5492693013402,20.153545708643808
502,2021-07-27,2021-10-05,1.5999999999999999,4.746552600724686e-09,968.8448908321246,22.78400160512252
503,2021-07-27,2021-10-05,1.6999999999999997,1.1696298323235184e-08,1089.3379506186218,25.63533730033677
504,2021-07-27,2021-10-12,0.9,8.921128738802825e-15,350.77605126964613,8.217844148744843
505,2021-07-27,2021-10-12,1.0,5.009293069173031e-14,418.4286679646387,9.807064048386273
506,2021-07-27,2021-10-12,1.1,2.385596889269429e-13,492.26995331368454,11.543170911491158
507,2021-07-27,2021-10-12,1.2,9.916127825742441e-13,572.660070003575,13.435006019435567
508,2021-07-27,2021-10-12,1.2999999999999998,3.676829907041094e-12,660.0137938606013,15.492749254106068
509,2021-07-27,2021-10-12,1.4,1.2369311573728923e-11,754.8011665020579,17.72794339567128
510,2021-07-27,2021-10-12,1.5,3.826372741868003e-11,857.5492693013788,20.153545708644923
511,2021-07-27,2021-10-12,1.5999999999999999,1.1002647828253304e-10,968.8448908322347,22.784001605125724
512,2021-07-27,2021-10-12,1.6999999999999997,2.9670000230693173e-10,1089.3379506189185,25.635337300345416
513,2021-07-27,2021-10-19,0.9,8.784005175640992e-17,350.77605126964613,8.217844148744843
514,2021-07-27,2021-10-19,1.0,5.769865398255598e-16,418.4286679646387,9.807064048386273
515,2021-07-27,2021-10-19,1.1,3.166639572975799e-15,492.26995331368454,11.543170911491158
516,2021-07-27,2021-10-19,1.2,1.4982509841239072e-14,572.660070003575,13.435006019435567
517,2021-07-27,2021-10-19,1.2999999999999998,6.258143135372595e-14,660.0137938606013,15.492749254106068
518,2021-07-27,2021-10-19,1.4,2.350736992198161e-13,754.8011665020581,17.727943395671286
519,2021-07-27,2021-10-19,1.5,8.05785042618021e-13,857.5492693013795,20.153545708644945
520,2021-07-27,2021-10-19,1.5999999999999999,2.550447512369365e-12,968.8448908322372,22.784001605125795
521,2021-07-27,2021-10-19,1.6999999999999997,7.526393762952155e-12,1089.337950618926,25.635337300345636
522,2021-08-03,2021-08-03,0.9,2381.0,0.0,0.0
523,2021-08-03,2021-08-03,1.0,2381.0,0.0,0.0
524,2021-08-03,2021-08-03,1.1,2381.0,0.0,0.0
525,2021-08-03,2021-08-03,1.2,2381.0,0.0,0.0
526,2021-08-03,2021-08-03,1.2999999999999998,2381.0,0.0,0.0
527,2021-08-03,2021-08-03,1.4,2381.0,0.0,0.0
528,2021-08-03,2021-08-03,1.5,2381.0,0.0,0.0
529,2021-08-03,2021-08-03,1.5999999999999999,2381.0,0.0,0.0
530,2021-08-03,2021-08-03,1.6999999999999997,2381.0,0.0,0.0
531,2021-08-03,2021-08-10,0.9,208.90735276422058,208.90735276422043,4.9783193021221015
532,2021-08-03,2021-08-10,1.0,244.40111327235408,244.40111327235408,5.824145314009627
533,2021-08-03,2021-08-10,1.1,281.6773069233301,281.6773069233301,6.71244719475644
534,2021-08-03,2021-08-10,1.2,320.6510712862573,320.6510712862573,7.64120264944501
535,2021-08-03,2021-08-10,1.2999999999999998,361.24849376743447,361.24849376743447,8.608650320770174
536,2021-08-03,2021-08-10,1.4,403.4044454699133,403.4044454699134,9.613238169320622
537,2021-08-03,2021-08-10,1.5,447.06097109715284,447.0609710971528,10.653585104542993
538,2021-08-03,2021-08-10,1.5999999999999999,492.16606383915627,492.1660638391562,11.728451789943742
539,2021-08-03,2021-08-10,1.6999999999999997,538.6727144175674,538.6727144175674,12.836717981573953
540,2021-08-03,2021-08-17,0.9,15.331201092581763,224.23855385680218,5.340794342835556
541,2021-08-03,2021-08-17,1.0,20.98336273150837,265.3844760038624,6.320254210793258
542,2021-08-03,2021-08-17,1.1,27.87227692148887,309.5495838448191,7.371430444071588
543,2021-08-03,2021-08-17,1.2,36.11886702800079,356.7699383142581,8.495159734570805
544,2021-08-03,2021-08-17,1.2999999999999998,45.84382208993025,407.0923158573647,9.692534171628305
545,2021-08-03,2021-08-17,1.4,57.16761684253822,460.5720623124517,10.964850095702369
546,2021-08-03,2021-08-17,1.5,70.21052860941722,517.27149970657,12.313570128712167
547,2021-08-03,2021-08-17,1.5999999999999999,85.09265174387676,577.258715583033,13.74029432067684
548,2021-08-03,2021-08-17,1.6999999999999997,101.93391011631098,640.6066245338784,15.246737783438642
549,2021-08-03,2021-08-24,0.9,0.7961385349108853,225.03469239171315,5.360276152786314
550,2021-08-03,2021-08-24,1.0,1.2747291205820788,266.6592051244446,6.351447439130226
551,2021-08-03,2021-08-24,1.1,1.95138915480053,311.50097299961953,7.419182068779356
552,2021-08-03,2021-08-24,1.2,2.878494594921711,359.64843290917975,8.565598480753591
553,2021-08-03,2021-08-24,1.2999999999999998,4.115888658295511,411.2082045156602,9.793253270161683
554,2021-08-03,2021-08-24,1.4,5.73119034609592,466.3032526585475,11.105097598129987
555,2021-08-03,2021-08-24,1.5,7.8000891454430095,525.0715888520131,12.504446440732544
556,2021-08-03,2021-08-24,1.5999999999999999,10.406627489209248,587.6653430722423,13.994956655210734
557,2021-08-03,2021-08-24,1.6999999999999997,13.643472270185192,654.2500968040636,15.580611265995323
558,2021-08-03,2021-08-31,0.9,0.025844054632544095,225.06053644634576,5.360959043328249
559,2021-08-03,2021-08-31,1.0,0.048408246250505174,266.7076133706951,6.352726562205683
560,2021-08-03,2021-08-31,1.1,0.08540286335466933,311.5863758629741,7.42143873898836
561,2021-08-03,2021-08-31,1.2,0.14340081868229826,359.791833727862,8.569387703294748
562,2021-08-03,2021-08-31,1.2999999999999998,0.23099276970327107,411.4391972853633,9.79935706348908
563,2021-08-03,2021-08-31,1.4,0.3591598457763889,466.6624125043239,11.114588168091323
564,2021-08-03,2021-08-31,1.5,0.5416770296875061,525.6132658817006,12.518760016882773
565,2021-08-03,2021-08-31,1.5999999999999999,0.7955470094039977,588.4608900816465,14.01597879523118
566,2021-08-03,2021-08-31,1.6999999999999997,1.1414643170518717,655.3915611211152,15.610774429420738
567,2021-08-03,2021-09-07,0.9,0.00046343176841734005,225.06099987811422,5.36097222626426
568,2021-08-03,2021-09-07,1.0,0.0010154915567598868,266.70862886225177,6.3527554493725376
569,2021-08-03,2021-09-07,1.1,0.0020647092638629025,311.58844057223797,7.42149747303995
570,2021-08-03,2021-09-07,1.2,0.003946373284014836,359.79578010114614,8.569499965033327
571,2021-08-03,2021-09-07,1.2999999999999998,0.007161364934015194,411.4463586502975,9.799560782743313
572,2021-08-03,2021-09-07,1.4,0.012433562920355771,466.6748460672441,11.114941867766136
573,2021-08-03,2021-09-07,1.5,0.02078012785693793,525.6340460095574,12.519351156668664
574,2021-08-03,2021-09-07,1.5999999999999999,0.03359622477296921,588.4944863064194,14.016934525806615
575,2021-08-03,2021-09-07,1.6999999999999997,0.05275578957165464,655.444316910687,15.612275213698656
576,2021-08-03,2021-09-14,0.9,4.5632822110171075e-06,225.0610044413963,5.360972356093252
577,2021-08-03,2021-09-14,1.0,1.1697608492745831e-05,266.7086405598605,6.35275578218112
578,2021-08-03,2021-09-14,1.1,2.740983667469718e-05,311.5884679820748,7.421498252882837
579,2021-08-03,2021-09-14,1.2,5.9635227016639313e-05,359.7958397363732,8.569501661740718
580,2021-08-03,2021-09-14,1.2999999999999998,0.00012191253623608519,411.4464805628336,9.799564251357646
581,2021-08-03,2021-09-14,1.4,0.0002363498626499886,466.67508241710686,11.114948592370471
582,2021-08-03,2021-09-14,1.5,0.00043772824716922706,525.6344837378049,12.519363610983682
583,2021-08-03,2021-09-14,1.5999999999999999,0.0007790406336703229,588.4952653470531,14.016956691403443
584,2021-08-03,2021-09-14,1.6999999999999997,0.0013388106447919093,655.4456557213317,15.612313306479013
585,2021-08-03,2021-09-21,0.9,4.49333827339591e-08,225.06100448632978,5.360972357371845
586,2021-08-03,2021-09-21,1.0,1.347466921349211e-07,266.7086406946072,6.352755786015407
587,2021-08-03,2021-09-21,1.1,3.6387671060433633e-07,311.5884683459513,7.421498263237222
588,2021-08-03,2021-09-21,1.2,9.011723687105892e-07,359.7958406375456,8.569501687384518
589,2021-08-03,2021-09-21,1.2999999999999998,2.075397107354902e-06,411.44648263823086,9.799564310415834
590,2021-08-03,2021-09-21,1.4,4.492782498684141e-06,466.6750869098894,11.114948720219955
591,2021-08-03,2021-09-21,1.5,9.220643115880845e-06,525.6344929584479,12.519363873375122
592,2021-08-03,2021-09-21,1.5999999999999999,1.806466952161845e-05,588.4952834117224,14.016957205474952
593,2021-08-03,2021-09-21,1.6999999999999997,3.39757032450465e-05,655.4456896970348,15.612314273347073
594,2021-08-03,2021-09-28,0.9,4.424469058313723e-10,225.06100448677225,5.360972357384439
595,2021-08-03,2021-09-28,1.0,1.5521704445292522e-09,266.70864069615925,6.352755786059578
596,2021-08-03,2021-09-28,1.1,4.830614103289292e-09,311.58846835078197,7.421498263374701
597,2021-08-03,2021-09-28,1.2,1.3617993940739538e-08,359.7958406511636,8.56950168777209
598,2021-08-03,2021-09-28,1.2999999999999998,3.533087018435527e-08,411.4464826735617,9.799564311421383
599,2021-08-03,2021-09-28,1.4,8.540351155034394e-08,466.67508699529276,11.114948722650652
600,2021-08-03,2021-09-28,1.5,1.9423082471323436e-07,525.6344931526787,12.51936387890327
601,2021-08-03,2021-09-28,1.5999999999999999,4.188902390767581e-07,588.4952838306127,14.016957217397463
602,2021-08-03,2021-09-28,1.6999999999999997,8.622199555562626e-07,655.445690559255,15.612314297888057
603,2021-08-03,2021-10-05,0.9,4.356658007983779e-12,225.06100448677657,5.360972357384561
604,2021-08-03,2021-10-05,1.0,1.7879730670279068e-11,266.70864069617716,6.3527557860600865
605,2021-08-03,2021-10-05,1.1,6.412844394501466e-11,311.5884683508461,7.4214982633765265
606,2021-08-03,2021-10-05,1.2,2.0578735486368942e-10,359.7958406513695,8.569501687777947
607,2021-08-03,2021-10-05,1.2999999999999998,6.014613807034294e-10,411.4464826741631,9.799564311438502
608,2021-08-03,2021-10-05,1.4,1.623440421169144e-09,466.6750869969164,11.114948722696868
609,2021-08-03,2021-10-05,1.5,4.091432556406465e-09,525.6344931567703,12.519363879019743
610,2021-08-03,2021-10-05,1.5999999999999999,9.713388735524097e-09,588.4952838403259,14.016957217673975
611,2021-08-03,2021-10-05,1.6999999999999997,2.188104219775405e-08,655.4456905811359,15.612314298510952
612,2021-08-03,2021-10-12,0.9,4.289888820408736e-14,225.06100448677657,5.360972357384561
613,2021-08-03,2021-10-12,1.0,2.059599610606732e-13,266.7086406961774,6.352755786060094
614,2021-08-03,2021-10-12,1.1,8.513327308909359e-13,311.588468350847,7.4214982633765505
615,2021-08-03,2021-10-12,1.2,3.1097430910733207e-12,359.79584065137254,8.569501687778036
616,2021-08-03,2021-10-12,1.2999999999999998,1.0239092000355792e-11,411.44648267417324,9.799564311438793
617,2021-08-03,2021-10-12,1.4,3.086009615884575e-11,466.6750869969472,11.114948722697745
618,2021-08-03,2021-10-12,1.5,8.618524882515686e-11,525.6344931568565,12.5193638790222
619,2021-08-03,2021-10-12,1.5999999999999999,2.2523797182857804e-10,588.4952838405512,14.016957217680385
620,2021-08-03,2021-10-12,1.6999999999999997,5.552879573665667e-10,655.4456905816912,15.612314298526764
621,2021-08-03,2021-10-19,0.9,4.2241454454603093e-16,225.06100448677657,5.360972357384561
622,2021-08-03,2021-10-19,1.0,2.3724927541421026e-15,266.7086406961774,6.352755786060094
623,2021-08-03,2021-10-19,1.1,1.1301815965319571e-14,311.588468350847,7.4214982633765505
624,2021-08-03,2021-10-19,1.2,4.699272357987255e-14,359.79584065137254,8.569501687778036
625,2021-08-03,2021-10-19,1.2999999999999998,1.7430724094461843e-13,411.44648267417335,9.799564311438797
626,2021-08-03,2021-10-19,1.4,5.86622190699141e-13,466.67508699694764,11.11494872269776
627,2021-08-03,2021-10-19,1.5,1.815477134098604e-12,525.6344931568583,12.519363879022249
628,2021-08-03,2021-10-19,1.5999999999999999,5.222912557319131e-12,588.4952838405565,14.016957217680533
629,2021-08-03,2021-10-19,1.6999999999999997,1.4091876339422897e-11,655.4456905817052,15.612314298527162
630,2021-08-10,2021-08-10,0.9,2381.0,0.0,0.0
631,2021-08-10,2021-08-10,1.0,2381.0,0.0,0.0
632,2021-08-10,2021-08-10,1.1,2381.0,0.0,0.0
633,2021-08-10,2021-08-10,1.2,2381.0,0.0,0.0
634,2021-08-10,2021-08-10,1.2999999999999998,2381.0,0.0,0.0
635,2021-08-10,2021-08-10,1.4,2381.0,0.0,0.0
636,2021-08-10,2021-08-10,1.5,2381.0,0.0,0.0
637,2021-08-10,2021-08-10,1.5999999999999999,2381.0,0.0,0.0
638,2021-08-10,2021-08-10,1.6999999999999997,2381.0,0.0,0.0
639,2021-08-10,2021-08-17,0.9,141.7158437978446,141.7158437978445,3.387045263641096
640,2021-08-10,2021-08-17,1.0,165.7936378697737,165.79363786977368,3.9625107598391542
641,2021-08-10,2021-08-17,1.1,191.08057567699424,191.08057567699424,4.566875103561434
642,2021-08-10,2021-08-17,1.2,217.5190893510642,217.51908935106422,5.198762407885772
643,2021-08-10,2021-08-17,1.2999999999999998,245.05903903120273,245.05903903120267,5.8569743171913276
644,2021-08-10,2021-08-17,1.4,273.65624342620845,273.65624342620856,6.540454887208964
645,2021-08-10,2021-08-17,1.5,303.27138757831074,303.27138757831085,7.248264480295208
646,2021-08-10,2021-08-17,1.5999999999999999,333.8691917864153,333.8691917864152,7.979559902483237
647,2021-08-10,2021-08-17,1.6999999999999997,365.41776650972594,365.41776650972594,8.733578985512837
648,2021-08-10,2021-08-24,0.9,6.777115553876349,148.49295935172086,3.546695060506744
649,2021-08-10,2021-08-24,1.0,9.275638163088454,175.06927603286204,4.181018727832898
650,2021-08-10,2021-08-24,1.1,12.32086385834246,203.40143953533666,4.857120031002371
651,2021-08-10,2021-08-24,1.2,15.96624648295151,233.4853358340157,5.574882305421253
652,2021-08-10,2021-08-24,1.2999999999999998,20.26513629679922,265.3241753280019,6.3343639776624645
653,2021-08-10,2021-08-24,1.4,25.270788827437286,298.9270322536459,7.135763654023105
654,2021-08-10,2021-08-24,1.5,31.036372337128704,334.30775991543936,7.979394191700987
655,2021-08-10,2021-08-24,1.5999999999999999,37.614974206622854,371.4841659930381,8.865662986229408
656,2021-08-10,2021-08-24,1.6999999999999997,45.05960645516209,410.47737296488793,9.795056683542944
657,2021-08-10,2021-08-31,0.9,0.2039830561615022,148.69694240788232,3.5518483604971482
658,2021-08-10,2021-08-31,1.0,0.3266102806051883,175.39588631346732,4.1892700276046275
659,2021-08-10,2021-08-31,1.1,0.49999153515680655,203.90143107049337,4.86975157415433
660,2021-08-10,2021-08-31,1.2,0.7375497421906168,234.22288557620635,5.5935154594524255
661,2021-08-10,2021-08-31,1.2999999999999998,1.0546222878944111,266.37879761589625,6.3610076054770675
662,2021-08-10,2021-08-31,1.4,1.4685403239614099,300.3955725776073,7.172864490029732
663,2021-08-10,2021-08-31,1.5,1.998704549872374,336.3064644653118,8.029889133694503
664,2021-08-10,2021-08-31,1.5999999999999999,2.6666578803233545,374.1508238733615,8.933033224464358
665,2021-08-10,2021-08-31,1.6999999999999997,3.4961553299300987,413.97352829481815,9.883383596797596
666,2021-08-10,2021-09-07,0.9,0.003440059297399968,148.7003824671797,3.5519433567120653
667,2021-08-10,2021-09-07,1.0,0.006443759772263208,175.4023300732395,4.189447970754852
668,2021-08-10,2021-09-07,1.1,0.011368631357124539,203.91279970185067,4.870065517846624
669,2021-08-10,2021-09-07,1.2,0.019089923941252175,234.24197550014767,5.594042628010266
670,2021-08-10,2021-09-07,1.2999999999999998,0.030751679199743188,266.409549295096,6.361856817116752
671,2021-08-10,2021-09-07,1.4,0.047816434558664044,300.443389012166,7.174184952823653
672,2021-08-10,2021-09-07,1.5,0.07211903334042245,336.3785834986523,8.031880727769442
673,2021-08-10,2021-09-07,1.5999999999999999,0.10592452120569863,374.25674839456696,8.935958383341312
674,2021-08-10,2021-09-07,1.6999999999999997,0.15199010964563278,414.1255184044638,9.88758090025646
675,2021-08-10,2021-09-14,0.9,3.38722468884668e-05,148.70041633942665,3.551944292276402
676,2021-08-10,2021-09-14,1.0,7.422562386818078e-05,175.4024042988634,4.1894500209058885
677,2021-08-10,2021-09-14,1.1,0.00015092369507307626,203.9129506255457,4.8700696864627515
678,2021-08-10,2021-09-14,1.2,0.0002884824391200145,234.24226398258688,5.594050596141025
679,2021-08-10,2021-09-14,1.2999999999999998,0.0005235299175741511,266.41007282501346,6.3618712775494615
680,2021-08-10,2021-09-14,1.4,0.0009090078656498336,300.44429802003157,7.174210060715668
681,2021-08-10,2021-09-14,1.5,0.0015193175595590446,336.3801028162116,8.031922693434076
682,2021-08-10,2021-09-14,1.5999999999999999,0.00245652485656744,374.25920491942367,8.936026236451097
683,2021-08-10,2021-09-14,1.6999999999999997,0.0038577430806247055,414.1293761475444,9.887687458007342
684,2021-08-10,2021-09-21,0.9,3.3352040013193624e-07,148.70041667294706,3.5519443014902548
685,2021-08-10,2021-09-21,1.0,8.550050785801516e-07,175.4024051538684,4.189450044526471
686,2021-08-10,2021-09-21,1.1,2.003581436350851e-06,203.91295262912723,4.870069741814616
687,2021-08-10,2021-09-21,1.2,4.359481998495727e-06,234.24226834206883,5.594050716579045
688,2021-08-10,2021-09-21,1.2999999999999998,8.912806850175545e-06,266.41008173782024,6.361871523782791
689,2021-08-10,2021-09-21,1.4,1.728058361906589e-05,300.44431530061513,7.174210538128974
690,2021-08-10,2021-09-21,1.5,3.200718775198615e-05,336.3801348233996,8.031923577709502
691,2021-08-10,2021-09-21,1.5999999999999999,5.696998367933691e-05,374.2592618894074,8.936027810398434
692,2021-08-10,2021-09-21,1.6999999999999997,9.791551696300038e-05,414.12947406306125,9.887690163210134
693,2021-08-10,2021-09-28,0.9,3.283984677922898e-09,148.7004166762311,3.5519443015809986
694,2021-08-10,2021-09-28,1.0,9.848812279801592e-09,175.40240516371713,4.189450044798615
695,2021-08-10,2021-09-28,1.1,2.659848509899019e-08,203.9129526557257,4.870069742549588
696,2021-08-10,2021-09-28,1.2,6.587956693741997e-08,234.24226840794827,5.594050718399461
697,2021-08-10,2021-09-28,1.2999999999999998,1.5173572050763007e-07,266.410081889556,6.361871527975675
698,2021-08-10,2021-09-28,1.4,3.285107027456792e-07,300.4443156291258,7.174210547206743
699,2021-08-10,2021-09-28,1.5,6.742901833878287e-07,336.3801354976899,8.031923596342436
700,2021-08-10,2021-09-28,1.5999999999999999,1.321208604798598e-06,374.2592632106159,8.936027846908358
701,2021-08-10,2021-09-28,1.6999999999999997,2.485250183779791e-06,414.12947654831163,9.8876902318877
702,2021-08-10,2021-10-05,0.9,3.233554334114012e-11,148.70041667626356,3.551944301581895
703,2021-08-10,2021-10-05,1.0,1.1344865527961796e-10,175.40240516383057,4.189450044801747
704,2021-08-10,2021-10-05,1.1,3.5310765988798563e-10,203.9129526560789,4.870069742559351
705,2021-08-10,2021-10-05,1.2,9.95558815038163e-10,234.2422684089439,5.594050718426976
706,2021-08-10,2021-10-05,1.2999999999999998,2.583220708569799e-09,266.41008189213915,6.36187152804707
707,2021-08-10,2021-10-05,1.4,6.245122961865044e-09,300.4443156353708,7.174210547379348
708,2021-08-10,2021-10-05,1.5,1.4205172669327977e-08,336.38013551189493,8.031923596735057
709,2021-08-10,2021-10-05,1.5999999999999999,3.0640585509988664e-08,374.2592632412565,8.936027847755255
710,2021-08-10,2021-10-05,1.6999999999999997,6.307962224742002e-08,414.1294766113914,9.887690233631234
711,2021-08-10,2021-10-12,0.9,3.183900777184543e-13,148.70041667626379,3.551944301581902
712,2021-08-10,2021-10-12,1.0,1.3068181936622046e-12,175.40240516383182,4.189450044801783
713,2021-08-10,2021-10-12,1.1,4.6876773081383495e-12,203.91295265608372,4.870069742559484
714,2021-08-10,2021-10-12,1.2,1.5044697076529737e-11,234.242268408959,5.594050718427393
715,2021-08-10,2021-10-12,1.2999999999999998,4.397800675356423e-11,266.41008189218326,6.361871528048289
716,2021-08-10,2021-10-12,1.4,1.1872244086494884e-10,300.4443156354896,7.174210547382631
717,2021-08-10,2021-10-12,1.5,2.9925854296227266e-10,336.3801355121942,8.031923596743331
718,2021-08-10,2021-10-12,1.5999999999999999,7.105965489640325e-10,374.25926324196723,8.936027847774904
719,2021-08-10,2021-10-12,1.6999999999999997,1.6010630276248802e-09,414.12947661299256,9.8876902336755
720,2021-08-10,2021-10-19,0.9,3.1350120034909454e-15,148.70041667626379,3.551944301581902
721,2021-08-10,2021-10-19,1.0,1.5053286186285033e-14,175.40240516383182,4.189450044801783
722,2021-08-10,2021-10-19,1.1,6.223126219910418e-14,203.91295265608372,4.870069742559484
723,2021-08-10,2021-10-19,1.2,2.2735280250325342e-13,234.24226840895923,5.5940507184274
724,2021-08-10,2021-10-19,1.2999999999999998,7.487035890601289e-13,266.41008189218405,6.36187152804831
725,2021-08-10,2021-10-19,1.4,2.2569658729760727e-12,300.44431563549176,7.174210547382692
726,2021-08-10,2021-10-19,1.5,6.3044463985278275e-12,336.3801355122006,8.031923596743507
727,2021-08-10,2021-10-19,1.5999999999999999,1.6479707351318392e-11,374.2592632419837,8.936027847775359
728,2021-08-10,2021-10-19,1.6999999999999997,4.0637609121280657e-11,414.12947661303326,9.887690233676627
729,2021-08-17,2021-08-17,0.9,2381.0,0.0,0.0
730,2021-08-17,2021-08-17,1.0,2381.0,0.0,0.0
731,2021-08-17,2021-08-17,1.1,2381.0,0.0,0.0
732,2021-08-17,2021-08-17,1.2,2381.0,0.0,0.0
733,2021-08-17,2021-08-17,1.2999999999999998,2381.0,0.0,0.0
734,2021-08-17,2021-08-17,1.4,2381.0,0.0,0.0
735,2021-08-17,2021-08-17,1.5,2381.0,0.0,0.0
736,2021-08-17,2021-08-17,1.5999999999999999,2381.0,0.0,0.0
737,2021-08-17,2021-08-17,1.6999999999999997,2381.0,0.0,0.0
738,2021-08-17,2021-08-24,0.9,92.52976809055316,92.52976809055312,2.244806413660884
739,2021-08-17,2021-08-24,1.0,108.25075342219881,108.2507534221989,2.6262033352116894
740,2021-08-17,2021-08-24,1.1,124.76121850724626,124.76121850724634,3.026753327719696
741,2021-08-17,2021-08-24,1.2,142.02357586518784,142.0235758651877,3.4455445049988835
742,2021-08-17,2021-08-24,1.2999999999999998,160.00508794483773,160.00508794483775,3.8817826419432686
743,2021-08-17,2021-08-24,1.4,178.67690769198347,178.6769076919835,4.334767898343068
744,2021-08-17,2021-08-24,1.5,198.0133654014779,198.01336540147804,4.803877517652563
745,2021-08-17,2021-08-24,1.5999999999999999,217.99142608673716,217.99142608673716,5.288552662573355
746,2021-08-17,2021-08-24,1.6999999999999997,238.5902682804131,238.590268280413,5.788288196602787
747,2021-08-17,2021-08-31,0.9,2.5215322985331166,95.05130038908621,2.307165573154438
748,2021-08-17,2021-08-31,1.0,3.4511468827407064,111.70190030493968,2.7115524774858972
749,2021-08-17,2021-08-31,1.1,4.58417093786604,129.3453894451125,3.1401229033647953
750,2021-08-17,2021-08-31,1.2,5.940492805980795,147.9640686711685,3.59245681644299
751,2021-08-17,2021-08-31,1.2999999999999998,7.5399622893145875,167.5450502341524,4.06825089033663
752,2021-08-17,2021-08-31,1.4,9.402393943444858,188.07930163542844,4.567295311885063
753,2021-08-17,2021-08-31,1.5,11.547569855527597,209.56093525700578,5.0894565486262024
754,2021-08-17,2021-08-31,1.5999999999999999,13.99524201948115,231.98666810621833,5.63466424311961
755,2021-08-17,2021-08-31,1.6999999999999997,16.76513438979139,255.35540267020434,6.202901045286928
756,2021-08-17,2021-09-07,0.9,0.039864276155461884,95.09116466524169,2.308244495686283
757,2021-08-17,2021-09-07,1.0,0.06382993039550441,111.7657302353353,2.7132800302962736
758,2021-08-17,2021-09-07,1.1,0.09771520363363505,129.44310464874613,3.1427675625545493
759,2021-08-17,2021-09-07,1.2,0.1441438113689853,148.1082124825375,3.5963580703075917
760,2021-08-17,2021-09-07,1.2999999999999998,0.20611378748324752,167.7511640216356,4.073829370839846
761,2021-08-17,2021-09-07,1.4,0.2870130181553845,188.3663146535839,4.57506334667632
762,2021-08-17,2021-09-07,1.5,0.3906340911023205,209.95156934810817,5.100029115081313
763,2021-08-17,2021-09-07,1.5999999999999999,0.5211885391920487,232.50785664541033,5.648770308024009
764,2021-08-17,2021-09-07,1.6999999999999997,0.6833205433234545,256.03872321352776,6.221395275536768
765,2021-08-17,2021-09-14,0.9,0.00039250273420429396,95.09155716797594,2.30825512151397
766,2021-08-17,2021-09-14,1.0,0.000735231611631934,111.76646546694695,2.7132999345277664
767,2021-08-17,2021-09-14,1.1,0.0012971841729875766,129.4444018329191,3.142802680095829
768,2021-08-17,2021-09-14,1.2,0.0021782455625364433,148.11039072810016,3.5964170402320526
769,2021-08-17,2021-09-14,1.2999999999999998,0.0035089826284175492,167.7546730042639,4.073924367049512
770,2021-08-17,2021-09-14,1.4,0.005456320605544272,188.37177097418942,4.575211062260472
771,2021-08-17,2021-09-14,1.5,0.008229689867230263,209.95979903797524,5.1002519131025545
772,2021-08-17,2021-09-14,1.5999999999999999,0.012087640750406352,232.5199442861608,5.649097551408556
773,2021-08-17,2021-09-14,1.6999999999999997,0.017344924559309055,256.056068138087,6.2218648486948664
774,2021-08-17,2021-09-21,0.9,3.864575750907348e-06,95.09156103255168,2.3082552261630727
775,2021-08-17,2021-09-21,1.0,8.468847100590608e-06,111.76647393579402,2.713300163857154
776,2021-08-17,2021-09-21,1.1,1.7220328791530322e-05,129.44441905324777,3.1428031464100727
777,2021-08-17,2021-09-21,1.2,3.291682527756616e-05,148.1104236449253,3.5964179316001506
778,2021-08-17,2021-09-21,1.2999999999999998,5.973867942652552e-05,167.75473274294333,4.073925984744895
779,2021-08-17,2021-09-21,1.4,0.00010372855678613553,188.3718747027462,4.575213871194379
780,2021-08-17,2021-09-21,1.5,0.00017337915937121903,209.9599724171347,5.10025660817401
781,2021-08-17,2021-09-21,1.5999999999999999,0.0002803420434660479,232.52022462820426,5.649105143050991
782,2021-08-17,2021-09-21,1.6999999999999997,0.00044027116248753894,256.05650840924943,6.221876771268488
783,2021-08-17,2021-09-28,0.9,3.8050583933306426e-08,95.09156107060224,2.3082552271937167
784,2021-08-17,2021-09-28,1.0,9.75494396848636e-08,111.76647403334354,2.713300166499408
785,2021-08-17,2021-09-28,1.1,2.286028324678848e-07,129.44441928185074,3.142803152602111
786,2021-08-17,2021-09-28,1.2,4.97427074040352e-07,148.11042414235237,3.5964179450737577
787,2021-08-17,2021-09-28,1.2999999999999998,1.0170221075681613e-06,167.75473375996546,4.073926012292732
788,2021-08-17,2021-09-28,1.4,1.97195576441787e-06,188.3718766747019,4.575213924608611
789,2021-08-17,2021-09-28,1.5,3.65267218331937e-06,209.95997606980706,5.100256707114345
790,2021-08-17,2021-09-28,1.5999999999999999,6.5018254701925e-06,232.52023113002969,5.649105319167832
791,2021-08-17,2021-09-28,1.6999999999999997,1.1175538223815596e-05,256.0565195847877,6.221877073985646
792,2021-08-17,2021-10-05,0.9,3.7464607824421026e-10,95.09156107097702,2.3082552272038703
793,2021-08-17,2021-10-05,1.0,1.123635969250152e-09,111.76647403446718,2.7133001665298524
794,2021-08-17,2021-10-05,1.1,3.0347445869516746e-09,129.44441928488538,3.1428031526843307
795,2021-08-17,2021-10-05,1.2,7.51694323769887e-09,148.1104241498692,3.596417945277418
796,2021-08-17,2021-10-05,1.2999999999999998,1.73143242825729e-08,167.7547337772797,4.073926012761844
797,2021-08-17,2021-10-05,1.4,3.748835498398559e-08,188.37187671219021,4.575213925624328
798,2021-08-17,2021-10-05,1.5,7.695288174840417e-08,209.95997614675983,5.100256709199338
799,2021-08-17,2021-10-05,1.5999999999999999,1.5079355187727947e-07,232.52023128082325,5.64910532325353
800,2021-08-17,2021-10-05,1.6999999999999997,2.836723793415264e-07,256.0565198684602,6.221877081671718
801,2021-08-17,2021-10-12,0.9,3.688768654334263e-12,95.0915610709806,2.3082552272039694
802,2021-08-17,2021-10-12,1.0,1.2942758676969995e-11,111.7664740344802,2.713300166530203
803,2021-08-17,2021-10-12,1.1,4.0286826096650924e-11,129.44441928492571,3.1428031526854245
804,2021-08-17,2021-10-12,1.2,1.1359350391973591e-10,148.11042414998278,3.596417945280495
805,2021-08-17,2021-10-12,1.2999999999999998,2.94768504973412e-10,167.75473377757453,4.073926012769834
806,2021-08-17,2021-10-12,1.4,7.126823130008546e-10,188.3718767129029,4.5752139256436415
807,2021-08-17,2021-10-12,1.5,1.6212107130849191e-09,209.95997614838117,5.100256709243278
808,2021-08-17,2021-10-12,1.5999999999999999,3.4972817774286046e-09,232.52023128432063,5.649105323348317
809,2021-08-17,2021-10-12,1.6999999999999997,7.200556286155816e-09,256.0565198756609,6.221877081866874
810,2021-08-17,2021-10-19,0.9,3.631967967105001e-14,95.0915610709806,2.3082552272039694
811,2021-08-17,2021-10-19,1.0,1.4908310877163888e-13,111.76647403448031,2.7133001665302063
812,2021-08-17,2021-10-19,1.1,5.348159268331121e-13,129.44441928492634,3.1428031526854405
813,2021-08-17,2021-10-19,1.2,1.7165880896298386e-12,148.11042414998442,3.5964179452805385
814,2021-08-17,2021-10-19,1.2999999999999998,5.018304245325446e-12,167.75473377757953,4.073926012769972
815,2021-08-17,2021-10-19,1.4,1.3548647994101909e-11,188.37187671291628,4.575213925644006
816,2021-08-17,2021-10-19,1.5,3.4155010853657795e-11,209.9599761484153,5.100256709244206
817,2021-08-17,2021-10-19,1.5999999999999999,8.111083443968848e-11,232.52023128440158,5.64910532335051
818,2021-08-17,2021-10-19,1.6999999999999997,1.8277443182686053e-10,256.0565198758436,6.221877081871827
