Dato,Test,Data,Correct5000,Correct7500,Correct10000,Index5000,Index7500,Index10000
2020-03-01,9,1,156.95747224970933,217.09759039144606,273.27883176104046,156.95747224970933,217.09759039144606,273.27883176104046
2020-03-02,10,1,144.2699905907214,199.54874956964792,251.18864315095806,144.2699905907214,199.54874956964792,251.18864315095806
2020-03-03,12,1,124.6898224782371,172.4662076826519,217.09759039144606,124.6898224782371,172.4662076826519,217.09759039144606
2020-03-04,12,4,498.7592899129484,689.8648307306077,868.3903615657842,124.6898224782371,172.4662076826519,217.09759039144606
2020-03-05,9,1,156.95747224970933,217.09759039144606,273.27883176104046,156.95747224970933,217.09759039144606,273.27883176104046
2020-03-06,19,2,172.66452505529355,238.82298687858182,300.6263990962871,86.33226252764678,119.41149343929091,150.31319954814356
2020-03-07,17,1,94.36628678858966,130.52384943736823,164.30124823994066,94.36628678858966,130.52384943736823,164.30124823994066
2020-03-08,32,3,170.67789403369505,236.07515460526528,297.16747358645887,56.892631344565025,78.6917182017551,99.05582452881961
2020-03-09,56,23,836.2832876201636,1156.7151536317533,1456.053774225736,36.360142940007115,50.291963201380575,63.30668583590157
2020-03-10,120,50,988.1002540747133,1366.7025924290979,1720.3824655555704,19.762005081494266,27.334051848581954,34.407649311111406
2020-03-11,110,29,614.412231997592,849.8315700541896,1069.7538293230652,21.18662868957214,29.304536898420327,36.888063080105695
2020-03-12,60,6,206.44589586666845,285.5480908073818,359.4431818738024,34.407649311111406,47.59134846789697,59.90719697896707
2020-03-13,82,9,241.194517056832,333.611058576179,419.94404537552344,26.799390784092445,37.067895397353226,46.66044948616927
2020-03-14,66,3,95.64496437945027,132.2924675215187,166.5275552339363,31.88165479315009,44.09748917383956,55.50918507797877
2020-03-15,82,10,267.99390784092446,370.67895397353226,466.60449486169273,26.799390784092445,37.067895397353226,46.66044948616927
2020-03-16,125,23,439.92214990341705,608.4835422929872,765.9489508097234,19.12704999580074,26.455806186651618,33.30212829607493
2020-03-17,121,21,412.2560159831267,570.2168008409682,717.7794138726538,19.63123885633937,27.153180992427053,34.179972089173994
2020-03-18,145,20,339.7125547232738,469.8774515100003,591.4739117462228,16.98562773616369,23.493872575500014,29.573695587311143
2020-03-19,188,20,275.98134046560665,381.7268661970023,480.5114228031066,13.799067023280333,19.086343309850115,24.025571140155332
2020-03-20,164,22,338.6285771947066,468.3781351275599,589.5865972500338,15.392208054304845,21.289915233070907,26.799390784092445
2020-03-21,50,6,238.8643023320984,330.3879944264869,415.88690589308794,39.81071705534973,55.06466573774781,69.31448431551466
2020-03-22,73,14,411.76151300873846,569.5328231835662,716.9184341868433,29.41153664348132,40.6809159416833,51.20845958477452
2020-03-23,123,28,542.512745425355,750.3829419545884,944.5695522507392,19.375455193762676,26.799390784092445,33.73462686609783
2020-03-24,149,29,481.9755267399519,666.6501695212239,839.1681325968225,16.619845749653514,22.987936880042206,28.93683215851112
2020-03-25,177,26,376.50499161566984,520.7673472217562,655.5332650696478,14.480961215987302,20.02951335468293,25.212817887294147
2020-03-26,182,26,368.20716991576086,509.2901166654299,641.0859183596747,14.161814227529264,19.588081410208844,24.657150706141334
2020-03-27,380,48,377.21622413780057,521.7510969250959,656.7715928151987,7.858671336204179,10.869814519272833,13.682741516983306
2020-03-28,242,53,597.584852192019,826.5565799818494,1040.4556593859866,11.275185890415452,15.595407169468857,19.63123885633937
2020-03-29,233,40,464.8911277925799,643.0196803728013,809.4224663424018,11.622278194814498,16.075492009320033,20.235561658560044
2020-03-30,469,48,318.77111878315856,440.9120558727481,555.0127540384287,6.641064974649137,9.185667830682252,11.562765709133933
2020-03-31,394,48,366.4546723518175,506.8661288625829,638.0346428767427,7.634472340662865,10.559711017970477,13.292388393265474
2020-04-01,419,44,319.7845382720219,442.31377906524415,556.7772198521993,7.267830415273226,10.052585887846458,12.65402772391362
2020-04-02,655,60,305.0241417784418,421.8977614902381,531.0778768882788,5.083735696307364,7.031629358170635,8.851297948137978
2020-04-03,998,97,352.08158016828946,486.98581584025186,613.0096358833878,3.629707012044221,5.020472328250019,6.319686967869977
2020-04-04,749,93,424.6914305549399,587.4169920798042,739.4307281932794,4.566574522096128,6.3163117427935935,7.950868045089026
2020-04-05,367,43,347.4654342881062,480.60093888524574,604.9724590908867,8.080591495072238,11.17676602058711,14.069126955602014
2020-04-06,917,97,376.749139626274,521.1050434399821,655.958351445966,3.884011748724474,5.372216942680228,6.762457231401711
2020-04-07,839,61,254.38779435038703,351.8594966323179,442.914875334776,4.170291710662083,5.768188469382261,7.260899595652066
2020-04-08,808,65,279.35745883022287,386.39658437816934,486.3895862912487,4.297807058926506,5.94456283658722,7.482916712173057
2020-04-09,442,29,201.94643267520777,279.3246048979818,351.60916144208994,6.9636700922485435,9.631882927516614,12.124453842830688
2020-04-10,334,27,235.25702144461454,325.39854105855835,409.6062650759551,8.713223016467206,12.051797816983642,15.170602410220559
2020-04-11,329,25,220.47497081234164,304.9525723046449,383.86922006676105,8.818998832493666,12.198102892185794,15.354768802670442
2020-04-12,325,27,240.45459397334827,332.58762518242656,418.65576446127835,8.905725702716603,12.318060191941726,15.505769054121421
2020-04-13,305,32,299.8376119628332,414.72395122607526,522.0476039832182,9.369925373838537,12.960123475814852,16.31398762447557
2020-04-14,907,35,137.13812841849386,189.68422977073553,238.77134988819208,3.918232240528396,5.4195494220210145,6.822038568234059
2020-04-15,780,36,159.14859982261646,220.1282744965112,277.0938064467364,4.420794439517124,6.114674291569756,7.697050179076011
2020-04-16,693,34,165.22217418771663,228.52901095605847,287.66851361625413,4.859475711403431,6.721441498707602,8.46083863577218
2020-04-17,651,28,143.04386758441774,197.85282298280438,249.05383900334215,5.108709556586348,7.066172249385871,8.894779964405076
2020-04-18,421,27,195.48529362891847,270.3878037503315,340.3596649695264,7.240196060330313,10.014363101864129,12.605913517389869
2020-04-19,253,23,250.26920989843498,346.1628276714421,435.74400330551697,10.881269995584129,15.050557724845309,18.945391448065955
2020-04-20,986,44,161.26018288704785,223.04893567070573,280.77028609911105,3.665004156523815,5.069293992516039,6.381142865888887
2020-04-21,1604,39,96.8449812340814,133.95228507486888,168.6169059314643,2.4832046470277285,3.434673976278689,4.323510408499084
2020-04-22,1342,46,131.74429642555725,182.2236870399004,229.38014292864088,2.8640064440338535,3.9613845008674,4.9865248462748015
2020-04-23,1414,35,96.1356617795526,132.97118145368552,167.3819090300704,2.7467331937015027,3.7991766129624436,4.782340258002011
2020-04-24,1538,41,105.29185858665608,145.63568372605627,183.3237736062186,2.5680941118696605,3.5520898469769824,4.471311551371185
2020-04-25,1530,30,77.3649258336392,107.00821527359375,134.70015952767497,2.578830861121307,3.5669405091197914,4.490005317589166
2020-04-26,1230,30,92.12408111228937,127.42251604743966,160.3973414108827,3.070802703742979,4.247417201581322,5.346578047029423
2020-04-27,1895,44,95.6183639405044,132.25567480871737,166.4812411797198,2.1731446350114636,3.0058107911072134,3.7836645722663587
2020-04-28,1967,33,69.6059644568814,96.27631576800943,121.1910231334162,2.109271650208527,2.9174641141821036,3.672455246467157
2020-04-29,1780,23,52.54940918946617,72.68433893594603,91.49383554153657,2.284756921281138,3.160188649388958,3.9779928496320247
2020-04-30,1819,36,80.83740154013782,111.81121125567945,140.74609089232393,2.2454833761149398,3.105866979324429,3.909613635897887
2020-05-01,1968,27,56.92718283654008,78.73950850791063,99.11598217042282,2.108414179131114,2.916278092885579,3.670962302608253
2020-05-02,1289,16,47.3253301368511,65.45859199901255,82.39818561762155,2.9578331335531938,4.091161999938285,5.149886601101347
2020-05-03,1187,21,66.34905215657743,91.77147886934077,115.52040945814481,3.1594786741227345,4.37007042234956,5.500971878959277
2020-05-04,2303,24,44.62231470558116,61.71988412796575,77.69196240504121,1.8592631127325483,2.5716618386652397,3.2371651002100506
2020-05-05,2354,26,47.501156632322555,65.70178850279605,82.70431732697165,1.8269675627816366,2.526991865492156,3.180935281806602
2020-05-06,2067,30,60.81698369476489,84.11973272609693,105.88851882689755,2.0272327898254967,2.8039910908698977,3.529617294229918
2020-05-07,1977,20,42.014641645942646,58.11305018969009,73.15173990312034,2.1007320822971325,2.9056525094845047,3.6575869951560174
2020-05-08,1527,13,33.577482090388386,46.44309282477473,58.461791895706256,2.5828832377221835,3.5725456019057487,4.497060915054328
2020-05-09,937,13,49.62810393221601,68.64370090160074,86.40754766701848,3.8175464563243082,5.280284684738519,6.646734435924498
2020-05-10,828,11,46.36010588411718,64.12353061931258,80.71763258377234,4.214555080374289,5.829411874482962,7.337966598524758
2020-05-11,1888,12,26.155056200199695,36.17667637118004,45.538597816251254,2.179588016683308,3.0147230309316697,3.7948831513542713
2020-05-12,1753,11,25.44152592481283,35.18974850315609,44.29626944991751,2.312865993164803,3.1990680457414626,4.0269335863561375
2020-05-13,1824,10,22.405577191187273,30.990539983962503,39.01037568952575,2.2405577191187276,3.0990539983962506,3.901037568952575
2020-05-14,1914,10,21.558694419312594,29.819164027897674,37.53586714132317,2.1558694419312596,2.9819164027897673,3.753586714132317
2020-05-15,1830,19,42.4588994237174,58.727530607125175,73.92523762050132,2.234678917037758,3.090922663532904,3.8908019800263856
2020-05-16,853,8,32.9235582191539,45.538610262016604,57.32324430679432,4.115444777394237,5.6923262827520755,7.16540553834929
2020-05-17,901,13,51.20820148688323,70.8292315857081,89.15865729957524,3.9390924220679406,5.448402429669854,6.85835825381348
2020-05-18,1951,26,55.20056665149436,76.35131884142606,96.10976878544733,2.123098717365168,2.936589186208695,3.696529568671051
2020-05-19,2210,17,32.66713940827928,45.183941540776274,56.87679322630109,1.9215964357811344,2.6578789141633106,3.345693719194182
2020-05-20,1867,10,21.991788447449764,30.41820317253884,38.28992764163318,2.1991788447449765,3.0418203172538836,3.8289927641633175
2020-05-21,1386,10,27.91035877918583,38.60454396387114,48.59475711403431,2.791035877918583,3.8604543963871136,4.859475711403431
2020-05-22,1530,11,28.367139472334376,39.236345600317705,49.39005849348082,2.578830861121307,3.5669405091197914,4.490005317589166
2020-05-23,1268,7,20.978703291920656,29.0169424171617,36.52604393600756,2.996957613131522,4.1452774881659575,5.218006276572509
2020-05-24,1215,7,21.707660519218596,30.025208256796525,37.795232185693564,3.101094359888371,4.289315465256647,5.399318883670509
2020-05-25,2099,5,10.012350787989348,13.848701811202934,17.43251523680504,2.0024701575978696,2.769740362240587,3.486503047361008
2020-05-26,2027,21,43.24264986833771,59.81158433554275,75.28982640259693,2.059173803254177,2.8481706826448927,3.5852298286950917
2020-05-27,1848,6,13.303492844012847,18.400884002707194,23.16272637832268,2.2172488073354746,3.066814000451199,3.8604543963871136
2020-05-28,1814,7,15.753034252169602,21.78899627065235,27.427625683698775,2.250433464595657,3.112713752950336,3.918232240528396
2020-05-29,1764,6,13.807924039177925,19.098593996497048,24.040992100512874,2.301320673196321,3.183098999416175,4.006832016752146
2020-05-30,1245,7,21.288181404205588,29.44500074081425,37.0648766259625,3.04116877202937,4.206428677259179,5.2949823751375
2020-05-31,1132,8,26.253599089282837,36.31297713764578,45.71017095145157,3.2816998861603546,4.539122142205723,5.713771368931447
2020-06-01,1374,6,16.863117559923268,23.324421171377544,29.36039298143993,2.810519593320545,3.8874035285629236,4.893398830239988
2020-06-02,2060,5,10.163709219054148,14.058055021334404,17.696045571651197,2.03274184381083,2.8116110042668807,3.5392091143302395
2020-06-03,1977,10,21.007320822971323,29.056525094845046,36.57586995156017,2.1007320822971325,2.9056525094845047,3.6575869951560174
2020-06-04,1830,7,15.642752419264305,21.63645864473033,27.235613860184696,2.234678917037758,3.090922663532904,3.8908019800263856
2020-06-05,1475,7,18.58833228106225,25.71067238642804,32.36416627602854,2.6554760401517497,3.6729531980611485,4.623452325146935
2020-06-06,1087,2,6.779885568421728,9.377679182373699,11.804466401345595,3.389942784210864,4.6888395911868495,5.902233200672797
2020-06-07,1081,5,17.024934614253574,23.548240350393506,29.642132837036264,3.4049869228507146,4.709648070078702,5.928426567407253
2020-06-08,2340,5,9.1785340183112,12.6953982511334,15.980755919746906,1.8357068036622404,2.5390796502266797,3.1961511839493815
2020-06-09,2287,8,14.957294983627536,20.688360058153368,26.042163146766487,1.869661872953442,2.586045007269171,3.255270393345811
2020-06-10,2329,10,18.42639652317827,25.48668902118313,32.082219745541174,1.842639652317827,2.5486689021183127,3.2082219745541174
2020-06-11,2802,11,17.4821234977509,24.180606580165087,30.438144917158915,1.5892839543409911,2.1982369618331896,2.7671040833780833
2020-06-12,2492,7,12.218998545059844,16.900852843175105,21.274512132632736,1.7455712207228349,2.414407549025015,3.039216018947534
2020-06-13,1942,3,6.3928995088104275,8.84241482157262,11.130684536980866,2.130966502936809,2.9474716071908733,3.710228178993622
2020-06-14,1691,3,7.141383768474878,9.87768970775682,12.433871324719206,2.3804612561582927,3.29256323591894,4.144623774906402
2020-06-15,2578,8,13.590632219473116,18.798044237421948,23.66266506842555,1.6988290274341395,2.3497555296777435,2.9578331335531938
2020-06-16,2654,6,9.958788727013824,13.77461681093174,17.339258272097954,1.6597981211689707,2.2957694684886234,2.889876378682992
2020-06-17,2919,8,12.304917732570575,17.019692987002696,21.42410612680356,1.5381147165713218,2.127461623375337,2.678013265850445
2020-06-18,2878,10,15.556194760405331,21.516735391680534,27.08490822283015,1.555619476040533,2.1516735391680535,2.7084908222830153
2020-06-19,2708,7,11.432866056361119,15.813504362222234,19.90577597090862,1.63326657948016,2.2590720517460334,2.8436822815583747
2020-06-20,2156,9,17.64003764851806,24.39902741180106,30.713089422964472,1.9600041831686734,2.7110030457556733,3.4125654914404966
2020-06-21,1908,13,28.096787023116775,38.86240440184968,48.919347539571085,2.161291309470521,2.989415723219206,3.7630267338131604
2020-06-22,2739,13,21.03999973309824,29.10172531719499,36.63276723879795,1.6184615179306339,2.2385942551688456,2.817905172215227
2020-06-23,2850,3,4.703502402365324,6.505705165341566,8.18927333168761,1.5678341341217743,2.1685683884471887,2.729757777229204
2020-06-24,2687,3,4.930411015723058,6.819556506682339,8.584344174038247,1.6434703385743528,2.2731855022274465,2.861448058012749
2020-06-25,2600,8,13.49855598440501,18.670687900198324,23.5023510318161,1.6873194980506263,2.3338359875247905,2.9377938789770126
2020-06-26,2400,3,5.396699854708193,7.464509447878074,9.396200196912659,1.7988999515693977,2.488169815959358,3.1320667323042195
2020-06-27,1413,3,8.244864615259129,11.403982336239292,14.355143070228232,2.7482882050863764,3.801327445413097,4.785047690076078
2020-06-28,1368,3,8.461130243821527,11.703112706857725,14.731683399761403,2.8203767479405086,3.901037568952575,4.910561133253801
2020-06-29,2555,8,13.688418258460642,18.933298157696235,23.832920451071722,1.7110522823075802,2.3666622697120294,2.9791150563839652
2020-06-30,2403,4,7.188412292088072,9.942737768290367,12.515752740164109,1.797103073022018,2.485684442072592,3.128938185041027
2020-07-01,2408,1,1.7941172316001985,2.4815545400763575,3.1237395331776714,1.7941172316001985,2.4815545400763575,3.1237395331776714
2020-07-02,2204,7,13.480461839261281,18.645660768615524,23.47084729532163,1.9257802627516116,2.663665824087932,3.352978185045947
2020-07-03,2156,5,9.800020915843367,13.555015228778366,17.062827457202484,1.9600041831686734,2.7110030457556733,3.4125654914404966
2020-07-04,1527,5,12.914416188610916,17.86272800952874,22.485304575271638,2.5828832377221835,3.5725456019057487,4.497060915054328
2020-07-05,1443,7,18.917379601518235,26.165798092594535,32.937070936376614,2.702482800216891,3.737971156084934,4.705295848053803
2020-07-06,2386,2,3.614678264698728,4.99968513800961,6.293520398935469,1.807339132349364,2.499842569004805,3.1467601994677343
2020-07-07,2252,5,9.464361034668567,13.090743280780913,16.478409659937217,1.8928722069337134,2.618148656156183,3.2956819319874433
2020-07-08,2495,13,22.670594857872242,31.357102314661457,39.47179824755779,1.7438919121440186,2.412084793435497,3.0362921728890613
2020-07-09,2295,9,16.78001562947706,23.209477750091764,29.215704116718047,1.8644461810530066,2.578830861121307,3.246189346302005
2020-07-10,2110,15,29.911713904583312,41.37274205609141,52.07931877757503,1.9941142603055542,2.758182803739427,3.4719545851716687
2020-07-11,1472,16,42.55687582373119,58.863047827512,74.09582444094478,2.6598047389831994,3.6789404892195,4.630989027559049
2020-07-12,1425,2,5.459515554458408,7.551393728435474,9.505568682515436,2.729757777229204,3.775696864217737,4.752784341257718
2020-07-13,2584,7,11.869708021114091,16.41772750987114,20.666362007882793,1.6956725744448702,2.3453896442673057,2.9523374296975415
2020-07-14,2526,14,24.17449230810311,33.43723592003408,42.09023579243396,1.7267494505787935,2.3883739942881483,3.0064454137452827
2020-07-15,2565,14,23.879990164784065,33.02989178557985,41.57747777891734,1.7057135831988617,2.3592779846842746,2.9698198413512387
2020-07-16,2434,7,12.451382779257742,17.22227785446136,21.679116584596976,1.7787689684653916,2.4603254077801946,3.0970166549424247
2020-07-17,2259,7,13.21724860403972,18.28159425870877,23.012566434943377,1.8881783720056742,2.6116563226726814,3.2875094907061966
2020-07-18,1583,10,25.09523526962202,34.71077247392063,43.69334240003642,2.509523526962202,3.4710772473920626,4.369334240003642
2020-07-19,1689,10,23.82716014724451,32.956819319874434,41.48549537586134,2.382716014724451,3.2956819319874433,4.148549537586134
2020-07-20,2713,10,16.30858075522793,22.557407009151486,28.394888326048008,1.6308580755227928,2.2557407009151484,2.839488832604801
2020-07-21,2535,14,24.10580661670332,33.34223249086607,41.97064705775702,1.7218433297645228,2.381588035061862,2.9979033612683588
2020-07-22,2655,7,11.615085823843605,16.06554379605818,20.223039013359756,1.659297974834801,2.2950776851511683,2.889005573337108
2020-07-23,2641,14,23.32863446221016,32.2672776025039,40.61751174401286,1.6663310330150114,2.304805543035993,2.9012508388580613
2020-07-24,2410,10,17.929260175451322,24.799068982196903,31.216655090443837,1.7929260175451323,2.4799068982196903,3.1216655090443837
2020-07-25,1821,2,4.487020384114892,6.206275492758185,7.812356245824822,2.243510192057446,3.1031377463790926,3.906178122912411
2020-07-26,2074,3,6.065271647568608,8.38925245726324,10.560251298669725,2.0217572158562027,2.7964174857544135,3.520083766223242
2020-07-27,2963,6,9.118889071237414,12.612899634768427,15.8769080352012,1.5198148452062357,2.102149939128071,2.6461513392002
2020-07-28,2814,16,25.34175638489059,35.051751080025305,44.122560591559306,1.583859774055662,2.1907344425015816,2.7576600369724567
2020-07-29,2904,9,13.900205576637905,19.226234300160367,24.20166358934811,1.5444672862931006,2.136248255573374,2.68907373214979
2020-07-30,3038,10,14.897239086925536,20.6052930319333,25.937599757360125,1.4897239086925536,2.06052930319333,2.593759975736013
2020-07-31,2865,6,9.367583065328123,12.956883684001973,16.30990942848926,1.5612638442213538,2.1594806140003286,2.7183182380815434
2020-08-01,2116,5,9.94794732790059,13.75962140109097,17.32038229988806,1.9895894655801178,2.751924280218194,3.464076459977612
2020-08-02,2477,10,17.540226540938058,24.260972493871144,30.539308191110504,1.7540226540938058,2.4260972493871145,3.0539308191110504
2020-08-03,3192,11,15.751371787148567,21.786696812429664,27.424731163977725,1.4319428897407789,1.9806088011299694,2.4931573785434296
2020-08-04,3286,7,9.793546646530745,13.546060266347016,17.051555099608414,1.3990780923615351,1.9351514666210023,2.4359364428012023
2020-08-05,3282,14,19.606188680987657,27.118532545113325,34.136357200647794,1.4004420486419753,1.9370380389366662,2.4383112286176996
2020-08-06,3231,11,15.599084915493961,21.57605941867839,27.15958432017468,1.4180986286812691,1.9614599471525809,2.46905312001588
2020-08-07,3065,9,13.312944755467116,18.413957526203106,23.17918311200416,1.4792160839407906,2.045995280689234,2.5754647902226844
2020-08-08,2568,10,17.041192720381336,23.57072794282269,29.670439843931568,1.7041192720381337,2.357072794282269,2.9670439843931566
2020-08-09,2829,13,20.502791621942315,28.35867954308144,35.697433591249876,1.577137817072486,2.1814368879293418,2.745956430096144
2020-08-10,3492,17,22.6550766986892,31.335638188629982,39.444779563121564,1.3326515705111295,1.843272834625293,2.320281150771857
2020-08-11,3601,17,22.104791749596902,30.574505030938983,38.4866778183102,1.3002818676233472,1.7985002959375873,2.2639222246064823
2020-08-12,3562,20,26.233175641359335,36.284728203280785,45.674611663263065,1.3116587820679666,1.8142364101640394,2.283730583163153
2020-08-13,3763,18,22.595457230067968,31.253174813089018,39.3409760391383,1.2553031794482203,1.7362874896160565,2.1856097799521277
2020-08-14,3360,16,21.98996632102802,30.415682876755017,38.286755135267484,1.3743728950642513,1.9009801797971886,2.3929221959542177
2020-08-15,3275,12,16.834034234938684,23.284194225286825,29.30975597154422,1.4028361862448904,1.9403495187739022,2.4424796642953517
2020-08-16,3273,18,25.263394528082063,34.94336394784299,43.98612467438812,1.4035219182267813,1.9412979971023883,2.4436735930215625
2020-08-17,4095,12,14.078426720576488,19.472742990389,24.511964623842132,1.1732022267147073,1.6227285825324167,2.042663718653511
2020-08-18,4070,18,21.22134868195214,29.3525602679106,36.94851409795379,1.1789638156640077,1.6306977926617001,2.0526952276640995
2020-08-19,4593,16,17.12453666822392,23.686006113342337,29.815550085414937,1.070283541763995,1.480375382083896,1.8634718803384336
2020-08-20,4258,12,13.645602745682272,18.874077373095616,23.758374313537683,1.1371335621401895,1.5728397810913013,1.9798645261281402
2020-08-21,3438,11,14.843078720571286,20.5303804784773,25.843301082484096,1.349370792779208,1.8663982253161182,2.349391007498554
2020-08-22,3867,23,28.249092573267998,39.07306763098521,49.184526904525626,1.2282214162290432,1.6988290274341395,2.138457691501114
2020-08-23,4057,10,11.819850874902716,16.34876700642302,20.57955567444549,1.1819850874902715,1.6348767006423022,2.057955567444549
2020-08-24,4319,12,13.49120328521131,18.660517927052442,23.489549238966454,1.1242669404342758,1.5550431605877035,1.9574624365805378
2020-08-25,4648,8,8.481117790101273,11.730758718691217,14.766483739106887,1.060139723762659,1.466344839836402,1.8458104673883609
2020-08-26,4852,14,14.340602744744466,19.835374869518176,24.968439594886476,1.0243287674817476,1.4168124906798698,1.7834599710633199
2020-08-27,4340,12,13.438953953771161,18.58824864421655,23.398577869132318,1.1199128294809302,1.549020720351379,1.9498814890943599
2020-08-28,4224,26,29.755703587573304,41.156954534709854,51.80768903886889,1.1444501379835885,1.582959789796533,1.9926034245718802
2020-08-29,3522,24,31.765504988657973,43.936835193380716,55.30695652252408,1.323562707860749,1.8307014663908632,2.304456521771837
2020-08-30,3837,26,32.13334316640861,44.44561493415403,55.947399988209355,1.2358978140926389,1.7094467282366934,2.1518230764695905
2020-08-31,5318,30,28.55608012004023,39.49768109939278,49.71902326806056,0.9518693373346745,1.3165893699797593,1.6573007756020186
2020-09-01,5090,34,33.51820051033076,46.36109680381031,58.35857666988175,0.985829426774434,1.3635616707003033,1.7164287255847575
2020-09-02,5194,40,38.80024237813134,53.66701569642527,67.55514571661678,0.9700060594532833,1.3416753924106317,1.6888786429154192
2020-09-03,4948,55,55.46192512587686,76.71281991686742,96.56482031963914,1.0083986386523065,1.394778543943044,1.7557240058116206
2020-09-04,4945,47,47.41773712229315,65.58640581754099,82.55907552407967,1.0088880238785776,1.395455442926404,1.7565760749804185
2020-09-05,4339,48,53.76572677650996,74.3667030407772,93.6115674626325,1.1201193078439575,1.549306313349525,1.9502409888048438
2020-09-06,4879,66,67.30623298576907,93.09541489231516,117.18695807820289,1.019791408875289,1.4105365892775024,1.775559970881862
2020-09-07,6798,81,63.351382111474486,87.62521597243894,110.30116276546424,0.7821158285367221,1.0817927897831967,1.3617427501909165
2020-09-08,6768,63,49.44794788869405,68.39451593205148,86.09387777667999,0.7848880617253025,1.08562723701669,1.36656948851873
2020-09-09,6484,63,51.17314963207804,70.78074919676612,89.09762847568476,0.812272216382191,1.123503955504224,1.4142480710426153
2020-09-10,7178,83,62.151459647604504,85.96552897679021,108.21197641179687,0.7488127668386085,1.035729264780605,1.3037587519493599
2020-09-11,6373,80,65.88565315802093,91.13052304522827,114.71358493969636,0.8235706644752616,1.1391315380653533,1.4339198117462044
2020-09-12,6621,66,52.720687949101645,72.92124518493901,91.79204918289925,0.7987983022591159,1.1048673512869547,1.3907886239833218
2020-09-13,6694,72,57.01116733095442,78.85567265802253,99.26220766826393,0.7918217684854781,1.0952176758058685,1.3786417731703322
2020-09-14,8799,90,57.26270489326164,79.20358982238001,99.7001600013773,0.6362522765917961,0.8800398869153334,1.1077795555708587
2020-09-15,8389,106,70.06703067748806,96.91404498261699,121.99378604954809,0.6610097233725288,0.9142834432322358,1.1508847740523405
2020-09-16,9883,140,81.16952469164653,112.27059133406807,141.3243508855831,0.5797823192260466,0.8019327952433434,1.0094596491827363
2020-09-17,9352,132,79.98827594108513,110.63673310658723,139.26767735519496,0.605971787432463,0.8381570689892972,1.05505816178178
2020-09-18,8695,104,66.80264735656795,92.39887445312286,116.31016457186513,0.6423331476593072,0.8884507158954121,1.1183669670371648
2020-09-19,6318,99,82.10082114528336,113.55872507581816,142.94583219020154,0.8293012236897309,1.1470578290486684,1.4438972948505204
2020-09-20,6928,98,75.49458045380726,104.42122486567422,131.44369907973297,0.7703528617735436,1.0655227027109615,1.341262235507479
2020-09-21,8664,116,74.72384962679754,103.35517937586145,130.10177876852697,0.6441711174723926,0.890992925653978,1.1215670583493704
2020-09-22,8888,118,74.47573089704622,103.01199101032572,129.6697789686283,0.6311502618393747,0.8729829746637773,1.0988964319375278
2020-09-23,8751,122,77.96320550030421,107.83573289445941,135.74182492932263,0.6390426680352804,0.8838994499545854,1.1126379092567429
2020-09-24,8057,100,68.27116479643443,94.43007177729751,118.86700194083703,0.6827116479643442,0.9443007177729751,1.1886700194083701
2020-09-25,7448,79,57.434303710360695,79.44093876265192,99.99893089515035,0.7270165026627936,1.005581503324708,1.2658092518373463
2020-09-26,5834,74,65.40855929663931,90.47062500907924,113.88291628015459,0.8838994499545854,1.2225760136362058,1.538958328110197
2020-09-27,5888,54,47.38005082169412,65.53427956363572,82.49345986364962,0.877408348549891,1.213597769696958,1.5276566641416596
2020-09-28,7860,74,51.53113241812141,71.27589733554343,89.72091270776552,0.696366654298938,0.963187801831668,1.2124447663211557
2020-09-29,7410,70,51.099832562978165,70.67933982257067,88.96997604407655,0.7299976080425452,1.0097048546081524,1.270999657772522
2020-09-30,7070,63,47.750840669322706,66.04714194162887,83.13904248508472,0.7579498518940112,1.0483673324068075,1.3196673410330908
2020-10-01,6641,56,44.62489901087279,61.72345864049839,77.69646194189592,0.7968731966227283,1.1022046185803285,1.3874368203909986
2020-10-02,5463,45,41.922150893830675,57.98512050829808,72.99070415041884,0.9316033531962373,1.2885582335177352,1.622015647787085
2020-10-03,4619,58,61.79674884136616,85.47490651570955,107.59438902744084,1.0654611869201063,1.473705284753613,1.855075672886911
2020-10-04,4659,47,49.73243149156976,68.78800280339925,86.58919249814393,1.0581368402461653,1.4635745277318992,1.8423232446413602
2020-10-05,7386,61,44.64557244217755,61.752053342343785,77.73245647643117,0.7318946301996321,1.0123287433171113,1.274302565187396
2020-10-06,7213,94,70.11502792130193,96.98043293999214,122.07735410482573,0.7459045523542758,1.0317067334041716,1.2986952564343164
2020-10-07,7442,54,39.284210612949906,54.336422103773344,68.39778335549424,0.7274853817212946,1.0062300389587657,1.2666256176943378
2020-10-08,7013,56,42.72095567360795,59.08999681904115,74.3815040524163,0.7628742084572849,1.0551785146257349,1.3282411437931483
2020-10-09,5886,61,53.53645770623009,74.04958680543251,93.21238682607546,0.8776468476431162,1.213927652548074,1.528071915181565
2020-10-10,4303,43,48.48723088491943,67.06568880723808,84.42117231907167,1.1276100205795216,1.5596671815636762,1.9632830771877132
2020-10-11,4266,46,52.22965465370969,72.2420666552162,90.937110559098,1.1354272750806453,1.5704797098960046,1.9768937078064783
2020-10-12,6069,58,49.671844474635165,68.70420115192654,86.48370437470223,0.8564111116316409,1.1845551922745956,1.4910983512879694
2020-10-13,5751,58,51.85722858219789,71.72694111474158,90.2886791064165,0.8940901479689292,1.2366713985300273,1.5567013639037328
2020-10-14,5604,83,75.76272635494921,104.79211405098579,131.91056821030227,0.9128039319873398,1.2625555909757324,1.5892839543409911
2020-10-15,5491,85,78.86308722050619,109.08041497485347,137.30861000616608,0.9278010261236023,1.2832989997041584,1.615395411837248
2020-10-16,4635,75,79.6888346904681,110.2225573872603,138.74631985639743,1.062517795872908,1.469634098496804,1.8499509314186324
2020-10-17,3911,88,107.10960626760343,148.14992300257495,186.48865614137645,1.2171546166773115,1.683521852301988,2.119189274333823
2020-10-18,4743,78,81.36321601121386,112.53849778130564,141.6615870602929,1.0431181539899212,1.4428012536064825,1.8161741930806783
2020-10-19,6954,101,77.57282867398813,107.2957785544516,135.0621393972282,0.7680478086533478,1.0623344411331843,1.3372489049230514
2020-10-20,6544,96,77.40563967619546,107.06452910808564,134.77104644481756,0.806308746627036,1.1152555115425589,1.4038650671335162
2020-10-21,6800,124,96.95954268784844,134.11074210917303,168.8163690076821,0.7819317958697455,1.0815382428159117,1.3614223307071138
2020-10-22,7087,163,123.30868367389905,170.55586915515013,214.69288806323283,0.7564949918644114,1.0463550254917187,1.3171342825965204
2020-10-23,6291,137,114.00419241689532,157.68625165455654,198.4928278532959,0.8321473899043454,1.1509945376245003,1.4488527580532546
2020-10-24,5761,129,115.17743792198583,159.30904009808805,200.53556692397825,0.8928483559843863,1.2349537992099848,1.5545392784804515
2020-10-25,6783,149,116.7413787712751,161.47222344341668,203.25854609859942,0.7834991863843965,1.0837061976068234,1.3641513160979828
2020-10-26,8196,148,99.66809536742707,137.85710889092974,173.5322331295309,0.6734330768069396,0.9314669519657416,1.1725150887130467
2020-10-27,8719,206,132.02916653542502,182.61770851298095,229.87613059786406,0.6409182841525486,0.8864937306455386,1.1159035465915732
2020-10-28,8774,197,125.62732881722216,173.7629307010155,218.72988373444034,0.6377021767371683,0.8820453335076929,1.110303978347413
2020-10-29,8835,190,120.4937057938391,166.6622990943761,209.79172690492817,0.6341773989149426,0.8771699952335583,1.1041669837101482
2020-10-30,8071,170,115.89989619746223,160.3083168353864,201.7934398413261,0.6817640952791896,0.9429900990316846,1.1870202343607417
2020-10-31,7014,212,161.7108854706026,223.67233029773735,281.55500487509624,0.76278719561605,1.05505816178178,1.3280896456372464
2020-11-01,6875,148,114.71482762330923,158.66917517357413,199.73011561177927,0.7751001866439813,1.0720890214430685,1.3495278081876978
2020-11-02,9310,237,144.13339112422287,199.3598103965042,250.9508096659456,0.6081577684566365,0.841180634584406,1.0588641758056776
2020-11-03,9373,234,141.54318610775118,195.77713758943193,246.44100079366183,0.6048854107168854,0.8366544341428714,1.053166670058384
2020-11-04,9562,225,133.94284833224847,185.2646402003452,233.20804413025246,0.5953015481433266,0.8233984008904232,1.0364801961344554
2020-11-05,10043,180,103.0285857531169,142.50521104758408,179.3831867259579,0.5723810319617606,0.7916956169310226,0.996573259588655
2020-11-06,9427,170,102.35901998699417,141.57909321228544,178.217405016234,0.6021118822764363,0.832818195366385,1.0483376765660823
2020-11-07,7472,149,108.04701701823693,149.44651380677573,188.12078305538412,0.7251477652230667,1.0029967369582264,1.2625555909757324
2020-11-08,7278,138,102.19871821389114,141.35736991248115,177.9383034184896,0.7405704218397909,1.0243287674817476,1.2894079957861564
2020-11-09,9780,186,108.7471449643835,150.4149040840625,189.33977661117862,0.5846620697009866,0.8086822800218415,1.017955788232143
2020-11-10,9642,188,111.1732113858204,153.7705466455432,193.56380359073003,0.5913468690735127,0.8179284396039531,1.0295946999506917
2020-11-11,9551,168,100.10279625120245,138.4583705770158,174.28909132800288,0.5958499776857289,0.8241569677203321,1.0374350674285886
2020-11-12,9595,192,113.98330592391673,157.65736225392854,198.45646235684032,0.5936630516870663,0.8211320950725445,1.0336274081085433
2020-11-13,8550,187,121.74320148478981,168.39055388735807,211.96722526011462,0.6510331630202664,0.9004842453869416,1.1335145735835006
2020-11-14,6940,198,152.3188378003647,210.68160810512748,265.2025000954369,0.7692870595978015,1.0640485257834722,1.3394065661385701
2020-11-15,6745,163,128.28563985171934,177.43980515514903,223.35827207143592,0.7870284653479713,1.0885877616880308,1.370296147677521
2020-11-16,9102,226,139.95066862427416,193.57442813340123,243.66826680906217,0.6192507461251069,0.856524018289386,1.078178171721514
2020-11-17,9735,248,145.53214136275787,201.29450838821435,253.38617528208007,0.5868231506562818,0.8116714047911868,1.0217184487180648
2020-11-18,10124,251,142.747337222956,197.44267349435674,248.53754965693224,0.5687144909281115,0.7866241971886723,0.9901894408642719
2020-11-19,10022,254,145.6284413655916,201.42770687994738,253.5538433255047,0.5733403203369748,0.7930224680312888,0.9982434776594673
2020-11-20,9136,229,141.38606680644443,195.55981616325977,246.1674402011473,0.6174064052683164,0.8539729963461126,1.0749669877779358
2020-11-21,7580,222,159.14522531189715,220.12360700196368,277.0879310823213,0.716870384287825,0.9915477792881248,1.24814383370415
2020-11-22,8148,220,148.85309464543215,205.88792433163707,259.16829078390447,0.6766049756610553,0.9358542015074413,1.178037685381384
2020-11-23,10310,234,131.1550232158203,181.40862680681636,228.35415867929723,0.5604915522043603,0.7752505419094716,0.9758724729884496
2020-11-24,10753,267,144.69833977719952,200.1412258302403,251.93444240211005,0.541941347480148,0.7495926061057689,0.9435746906446069
2020-11-25,11494,281,144.37944536552217,199.7001432403378,251.37921498267463,0.5138058553933174,0.7106766663357218,0.8945879536749987
2020-11-26,11651,263,133.67222903954348,184.89032991414086,232.7368685748462,0.5082594260058687,0.7030050567077599,0.8849310592199475
2020-11-27,10096,262,149.33369850192724,206.55267725918122,260.00507069989266,0.5699759484806383,0.7883689971724473,0.9923857660301246
2020-11-28,8237,277,185.79777966380124,256.988403845595,323.49272349098266,0.6707501070895351,0.9277559705617148,1.167843767115461
2020-11-29,8582,256,166.16714596473798,229.8360598836359,289.31380504182385,0.6490904139247577,0.8977971089204527,1.1301320509446244
2020-11-30,11230,288,150.752556662634,208.51518776206836,262.4754462419738,0.5234463773008124,0.724011068618293,0.9113730772290757
2020-12-01,11483,402,206.70822832097005,285.9109390547068,359.8999292055286,0.5141995729377364,0.7112212414296188,0.8952734557351459
2020-12-02,12619,422,201.21877565704554,278.3181374580429,350.34223698799485,0.4768217432631411,0.6595216527441774,0.8301948743791348
2020-12-03,13851,414,183.22783125237592,253.4337492021822,319.01818341656605,0.4425793025419708,0.6121588144980247,0.7705753222622369
2020-12-04,12485,442,212.56288479632747,294.0088766371089,370.09347819058405,0.4809115040640893,0.6651784539301108,0.8373155615171585
2020-12-05,11219,441,231.0209016458664,319.53930168794324,402.230752121975,0.5238569198318966,0.7245789153921616,0.9120878732924603
2020-12-06,12607,477,227.61714948309788,314.8313614909254,396.3044753967379,0.4771847997549222,0.6600238186392566,0.8308269924459915
2020-12-07,16907,698,263.3772046427179,364.29330615748836,458.5663477221533,0.3773312387431489,0.5219101807413874,0.6569718448741451
2020-12-08,17814,759,274.6683515029328,379.91078993174773,478.225376240992,0.36188188603811966,0.5005412252065187,0.6300729594742978
2020-12-09,18437,769,270.7385749975163,374.4752729227484,471.3832379401556,0.35206576722693933,0.4869639439827677,0.6129821039533883
2020-12-10,18801,840,291.1458003583654,402.7017688576926,506.91428100655185,0.34660214328376837,0.47940686768772933,0.6034693821506569
2020-12-11,17417,721,265.6639261990657,367.45621221518456,462.54776120011326,0.3684659170583436,0.5096480058463031,0.641536423301128
2020-12-12,15231,742,304.36672706938896,420.98845053372486,529.9332513977084,0.410197745376535,0.5673698794255052,0.7141957566006851
2020-12-13,15371,789,321.28563527993344,444.39003920558935,559.3907815437983,0.4072061283649347,0.5632319888537254,0.7089870488514555
2020-12-14,18951,845,291.0227948253238,402.531632294932,506.700115934396,0.3444056743494956,0.47636879561530415,0.5996451076146698
2020-12-15,19903,878,290.76068609447395,402.1690934933544,506.2437581278237,0.3311625126360751,0.4580513593318387,0.5765874238357901
2020-12-16,22193,899,272.87445710926556,377.4295436126028,475.1020246911904,0.3035310980080818,0.419832640280982,0.5284783366976534
2020-12-17,21593,697,216.2511341091578,299.1103224434258,376.51509322430604,0.3102598767706712,0.4291396304783727,0.5401938209817877
2020-12-18,22194,594,180.29097322483517,249.37159916904125,313.9048165961734,0.30352015694416695,0.41981750701858794,0.5284592871989451
2020-12-19,17304,466,172.6015593622605,238.73589513303526,300.5167694572106,0.3703896123653659,0.5123087878391315,0.6448857713674048
2020-12-20,17935,407,146.49044823969436,202.62000191749007,255.0546844651353,0.35992739125232026,0.49783784254911567,0.6266699864008238
2020-12-21,23531,506,146.55958050043665,202.71562302434367,255.17505072219754,0.2896434397241831,0.40062376091767526,0.5042985192138292
2020-12-22,22285,465,140.67562250182445,194.57715669232394,244.93048482199237,0.30252822043403105,0.4184454982630622,0.5267322254236395
2020-12-23,17154,526,196.1866371748115,271.3578753988334,341.580775007409,0.3729783976707443,0.515889496955957,0.6493931083791045
2020-12-24,6021,208,179.26868660036664,247.9576112927047,312.124912202611,0.8618686855786857,1.1921039004456957,1.5006005394356299
2020-12-25,5650,276,250.29163038327172,346.1938388311128,435.783039636925,0.9068537332727237,1.2543255030112783,1.5789240566555256
2020-12-26,7847,441,307.50463825160085,425.32868962369173,535.396672092204,0.697289429141952,0.9644641488065572,1.2140514106399183
2020-12-27,9500,327,195.67929360048166,270.65613711323994,340.6974385385739,0.5984076256895463,0.8276946089089906,1.0418881912494615
2020-12-28,15297,435,177.81985307629793,245.95364001025914,309.60234652161034,0.40878127143976534,0.5654106666902509,0.711729532233587
2020-12-29,15507,290,117.2605081456836,162.19026339825368,204.16240283722925,0.4043465798127021,0.5592767703388057,0.7040082856456181
2020-12-30,14904,346,144.41417671921536,199.74818232436323,251.43968578171788,0.4173820136393508,0.5773068853305295,0.7267042941668147
2020-12-31,4448,184,202.05146496341246,279.4698815538536,351.79203327741163,1.098105787844633,1.5188580519231176,1.9119132243337589
2021-01-01,3881,184,225.34032289235793,311.68214177233557,392.3402900545454,1.2246756678932496,1.693924683545302,2.132284185079051
2021-01-02,8267,263,175.89496253625472,243.29120481669392,306.2509174337745,0.6688021389211206,0.9250616152726004,1.1644521575428686
2021-01-03,8290,277,184.84689000517687,255.67316952984945,321.83712843508687,0.6673172924374617,0.9230078322377236,1.1618668896573534
2021-01-04,13086,362,167.66369818535904,231.90603384750625,291.9194537991513,0.46315938725237304,0.6406244028936637,0.8064073309368821
2021-01-05,11975,269,133.7543347921055,185.00389546016433,232.87982299313165,0.4972280103795744,0.6877468232719863,0.8657242490450991
2021-01-06,11713,239,120.95933479166877,167.30633936844717,210.60243407762346,0.5061060033124216,0.7000265245541724,0.8811817325423575
2021-01-07,9816,214,124.75045464105273,172.5500717781857,217.20315711843207,0.5829460497245454,0.806308746627036,1.0149680239179069
2021-01-08,8248,204,136.68701175076868,189.06026239826954,237.98591014979124,0.6700343713272974,0.9267659921483801,1.1665975987734865
2021-01-09,5789,140,124.5148642667683,172.2242121561908,216.79297045235117,0.8893918876197736,1.2301729439727913,1.5485212175167942
2021-01-10,5211,126,121.90167975333038,168.6097549851869,212.24315195201103,0.9674736488359554,1.3381726586125944,1.6844694599365955
2021-01-11,9004,183,114.30854693657176,158.10722322028985,199.02273985038798,0.6246368685058565,0.8639738973786331,1.087555955466601
2021-01-12,9468,228,136.80571841312442,189.2244529270253,238.19259045335286,0.6000250807593177,0.8299318110834443,1.044704344093653
2021-01-13,9946,165,95.17901012561475,131.64797736574326,165.71628175764286,0.5768424856097865,0.7978665294893531,1.0043411015614718
2021-01-14,11635,149,75.81395650744636,104.86297364437186,131.99976508653057,0.5088185000499755,0.7037783466065226,0.8859044636679905
2021-01-15,10197,140,79.16370353313094,109.49621599514109,137.83201340674904,0.5654550252366496,0.7821158285367221,0.9845143814767788
2021-01-16,7958,123,84.80822370218247,117.30350105174196,147.65969383215733,0.6894977536762803,0.9536870004206665,1.2004853157085962
2021-01-17,7596,110,78.72283465083535,108.88642296870476,137.0644160991047,0.7156621331894123,0.9898765724427706,1.2460401463554973
2021-01-18,11452,136,70.08254109546527,96.93549840130775,122.02079125576212,0.5153128021725387,0.7127610176566747,0.8972117004100155
2021-01-19,11874,123,61.574866544602216,85.16800738381389,107.20806951057426,0.5006086710943269,0.6924228242586495,0.8716103212241809
2021-01-20,12244,116,56.662448319298754,78.37333781872486,98.6550526042061,0.4884693820629203,0.6756322225752143,0.8504745914155699
2021-01-21,12903,128,59.95610552401872,82.92899886799648,104.38964287395271,0.46840707440639623,0.6478828036562225,0.8155440849527555
2021-01-22,10918,99,53.002545324748716,73.31109955892948,92.2827913771767,0.5353792457045324,0.7405161571609039,0.9321494078502697
2021-01-23,8516,100,65.31117261211772,90.33592346067373,113.71335621401894,0.6531117261211771,0.9033592346067373,1.1371335621401895
2021-01-24,8692,88,56.54092399806518,78.20525001165448,98.44346647159799,0.6425104999780135,0.8886960228597099,1.118675755359068
2021-01-25,12747,121,57.23148109049548,79.16040224904417,99.64579620320464,0.47298744702888823,0.6542182004053237,0.8235189768859887
2021-01-26,12323,102,49.56818494015427,68.56082323665854,86.30322264243551,0.4859625974524928,0.6721649336927307,0.8461100259062305
2021-01-27,11628,85,43.270400078151795,59.84996736756502,75.33814232416739,0.5090635303311976,0.7041172631478237,0.8863310861666753
2021-01-28,13980,71,31.190950901665513,43.14213388959585,54.30659975437333,0.4393091676290917,0.607635688585857,0.7648816866813145
2021-01-29,11673,70,35.52450662785836,49.1361429195499,61.851758511397975,0.507492951826548,0.7019448988507129,0.8835965501628282
2021-01-30,8013,66,45.256798128100655,62.59747740337959,78.79666220679401,0.6857090625469796,0.9484466273239333,1.1938888213150607
2021-01-31,7556,64,45.996249179824986,63.620257900802336,80.08412126601105,0.7186913934347654,0.9940665297000365,1.2513143947814227
2021-02-01,12250,70,34.179458070709806,47.27572304573926,59.50989295322536,0.48827797243871157,0.6753674720819894,0.8501413279032195
2021-02-02,11876,87,43.547086592967126,60.2326696040323,75.81988152682527,0.5005412252065187,0.6923295356785323,0.871492891112934
2021-02-03,11482,54,27.76871155177961,38.40862292032504,48.348134966818655,0.5142353991070298,0.711270794820834,0.895335832718864
2021-02-04,15600,76,30.583692400982148,42.302197087903856,53.2493012947008,0.40241700527608093,0.5566078564197876,0.7006487012460632
2021-02-05,12981,57,26.570782181336295,36.75169269550188,46.262418790361856,0.4661540733567771,0.6447665385175768,0.81162138228705
2021-02-06,8452,55,36.13858154052141,49.98550792236347,62.92092503364765,0.6570651189185711,0.9088274167702449,1.1440168187935935
2021-02-07,8191,41,27.624238786675985,38.2087937007815,48.09659327273484,0.6737619216262436,0.9319217975800365,1.1730876407984108
2021-02-08,12305,55,26.759216822401193,37.01232830548662,46.59050255620896,0.486531214952749,0.6729514237361203,0.8471000464765266
2021-02-09,11537,66,33.810035355060734,46.764751632567645,58.86669064681999,0.5122732629554657,0.7085568429176916,0.8919195552548483
2021-02-10,12511,57,27.366372863086056,37.85212338841578,47.64762262266266,0.48011180461554487,0.6640723401476452,0.8359232039063625
2021-02-11,15287,59,24.13071568230588,33.37668576055568,42.01401625994001,0.4089951810560319,0.565706538314503,0.7121019705074577
2021-02-12,13462,43,19.46958928440785,26.929593468678526,33.898523837370874,0.45278114614901976,0.6262696155506634,0.7883377636597877
2021-02-13,9086,53,32.8665173435227,45.459713497970554,57.223930373971044,0.6201229687457114,0.8577304433579349,1.0796967995088875
2021-02-14,8741,52,33.26062845647261,46.00483296085152,57.91011767673066,0.6396274703167809,0.8847083261702215,1.1136561091678971
2021-02-15,13026,67,31.145976178480982,43.07992656749811,54.228294213168574,0.46486531609673104,0.6429839786193748,0.8093775255696801
2021-02-16,12546,70,33.53279986447762,46.38129007375232,58.383995621834366,0.4790399980639659,0.6625898581964617,0.8340570803119195
2021-02-17,12713,69,32.70594157601459,45.23761121955333,56.944351724259256,0.4739991532755738,0.65561755390657,0.8252804597718733
2021-02-18,15397,47,19.112828971078812,26.43613620754342,33.27736805391029,0.4066559355548684,0.5624709831392217,0.7080291075300061
2021-02-19,12226,75,36.67834689936669,50.73209078396598,63.860711108028646,0.4890446253248892,0.6764278771195464,0.8514761481070486
2021-02-20,8805,65,41.33385121627249,57.17140682780025,71.9664149190484,0.6359054033272691,0.8795601050430808,1.1071756141392062
2021-02-21,9206,46,28.227801754937026,39.04361898294785,49.1474574367435,0.6136478642377614,0.8487743257162575,1.0684229877552935
2021-02-22,13204,70,32.189159063109564,44.52281735405564,56.04458110883714,0.4598451294729938,0.6360402479150805,0.8006368729833878
2021-02-23,13052,98,45.484186024050985,62.911991670126056,79.19256752860655,0.4641243471841937,0.6419590986747556,0.8080874237612914
2021-02-24,12909,83,38.86333043596041,53.75427669229157,67.66498840517747,0.4682328968188001,0.6476418878589345,0.8152408241587648
2021-02-25,17026,81,30.392814478976376,42.03818202489079,52.91696352965497,0.37521993183921454,0.5189899015418615,0.6532958460451231
2021-02-26,15809,89,35.4358202916858,49.013475361212336,61.6973466315746,0.39815528417624496,0.5507132063057566,0.6932286138379168
2021-02-27,14647,67,28.356450077845416,39.22156043747687,49.37144717669351,0.42323059817679726,0.5853964244399532,0.7368872712939329
2021-02-28,14941,97,40.405827473381144,55.887799774755756,70.35063173479593,0.4165549224059912,0.5761628842758325,0.7252642446886178
2021-03-01,16463,112,43.17047663147544,59.71175706648084,75.16416549858623,0.3854506842096021,0.533140688093579,0.6711086205230913
2021-03-02,15763,97,38.711200281987686,53.54385606446181,67.40011442270692,0.39908453898956375,0.5519985161284723,0.6948465404402775
2021-03-03,15364,76,30.958945307520043,42.82123259879151,53.90265455303094,0.40735454352000056,0.5634372710367305,0.709245454645144
2021-03-04,18659,85,29.640412096013424,40.99748773996901,51.60695489302748,0.3487107305413344,0.482323385176106,0.6071406458003232
2021-03-05,15370,81,32.985413169546966,45.624165670699256,57.430940030609015,0.40722732308082676,0.563261304576534,0.709023950995173
2021-03-06,10451,76,42.13697141296679,58.282252058664106,73.36472839830184,0.5544338343811419,0.7668717376140014,0.9653253736618662
2021-03-07,11637,69,35.10364926894611,48.55402906916246,61.119003289661215,0.5087485401296538,0.7036815807124994,0.8857826563719017
2021-03-08,15188,79,32.478998112206426,44.92371167439847,56.54922020375012,0.4111265583823598,0.5686545781569426,0.7158129139715205
2021-03-09,14634,85,36.0001647800097,49.794055137439194,62.67992745598146,0.4235313503530552,0.5858124133816376,0.7374109112468407
2021-03-10,14256,62,26.814490143759357,37.088780255863966,46.68673899829615,0.4324917765122477,0.5982061331590963,0.7530119193273572
2021-03-11,17459,82,30.15604369185285,41.710689700869246,52.50472164545006,0.3677566303884494,0.5086669475715762,0.6403014834810983
2021-03-12,14897,81,33.82065140758855,46.779435351604555,58.885174267836135,0.41753890626652534,0.5775238932296859,0.7269774600967424
2021-03-13,11389,57,29.502742229214103,40.807068029946585,51.367257732845374,0.5175919689335808,0.7159134742095892,0.9011799602253574
2021-03-14,12298,70,34.07269239609639,47.128048835885686,59.32400311687456,0.4867527485156628,0.6732578405126527,0.8474857588124937
2021-03-15,15354,89,36.2734431025979,50.17204329238175,63.15573265131303,0.4075667764336843,0.5637308235099073,0.7096149736102587
2021-03-16,15280,115,47.0516827869137,65.08009341951264,81.92173790835655,0.40914506771229303,0.565913855821849,0.7123629383335353
2021-03-17,14510,81,34.540378504667935,47.77493442709157,60.138291927400026,0.4264244259835548,0.5898140052727354,0.7424480484864201
2021-03-18,17708,104,37.81583828785311,52.30542549681447,65.84119864601134,0.3636138296908953,0.5029367836232161,0.6330884485193398
2021-03-19,14978,112,46.561929093277364,64.40268478614344,81.0690272006136,0.415731509761405,0.575023971304852,0.7238306000054786
2021-03-20,11029,100,53.106428347361344,73.45478659445911,92.46366222488136,0.5310642834736135,0.734547865944591,0.9246366222488136
2021-03-21,12181,115,56.40628394354388,78.01902102243986,98.20904452098652,0.4904894255960338,0.6784262697603466,0.8539916914868394
2021-03-22,16688,113,43.08548778360665,59.59420373296953,75.01619131981408,0.3812875025097934,0.5273823339200844,0.6638601001753459
2021-03-23,16667,138,52.67070622311671,72.85211236749869,91.70502594347784,0.38167178422548337,0.5279138577354977,0.6645291735034626
2021-03-24,15994,144,56.80320260313024,78.5680237767688,98.90012004635778,0.39446668474395996,0.5456112762275611,0.6868063892108179
2021-03-25,18258,121,42.93374886250102,59.38432424352273,74.75199851332918,0.35482437076447126,0.49077953920266715,0.6177851116804065
2021-03-26,16917,132,49.78416819414465,68.85956303753667,86.67927132928322,0.37715278934958063,0.5216633563449748,0.6566611464339639
2021-03-27,12632,120,57.17149592354652,79.0774330535214,99.54135596145098,0.47642913269622106,0.658978608779345,0.8295112996787581
2021-03-28,12700,108,51.23382519738775,70.86467332497472,89.20327077080213,0.4743872703461829,0.6561543826386548,0.8259562108407604
2021-03-29,18992,151,51.91542210767816,71.80743218010514,90.38999991919057,0.34381074243495474,0.4755459084775175,0.598609270988017
2021-03-30,19985,144,47.530805410598724,65.74279756231739,82.75593884823037,0.33007503757360224,0.4565472052938708,0.5746940197793775
2021-03-31,19014,139,47.74545232520647,66.03968898951982,83.12966083307347,0.34349246277126955,0.4751056761835958,0.5980551139070034
2021-04-01,15454,114,46.22193563644056,63.932418801541594,80.47706420988106,0.4054555757582506,0.5608106912415929,0.7059391597357988
2021-04-02,12135,94,46.24577187564194,63.96538817866293,80.5185655128083,0.49197629654938235,0.6804828529644992,0.8565804841788117
2021-04-03,10921,93,49.77932763547012,68.85286776136202,86.67084342712168,0.5352615874781733,0.7403534167888389,0.9319445529798029
2021-04-04,15119,98,40.43743738493649,55.93152139904539,70.40566778741642,0.4126269120911886,0.5707298101943407,0.7184251815042492
2021-04-05,16331,90,34.914697997165455,48.292678875272244,60.790020017492886,0.3879410888573939,0.5365853208363582,0.6754446668610321
2021-04-06,19745,136,45.32618858445968,62.693455636564565,78.91747800853545,0.33328079841514474,0.4609812914453277,0.5802755735921725
2021-04-07,17043,131,49.11458332126247,67.93341877449694,85.51345635275894,0.3749204833684158,0.5185757158358546,0.6527744759752591
2021-04-08,18784,131,45.43775185794997,62.847765702238874,79.11172094969572,0.3468530676179387,0.479753936658312,0.6039062667915704
2021-04-09,16485,152,58.525944378585415,80.95085450764975,101.89958769243033,0.3850391077538514,0.5325714112345379,0.6703920242923048
2021-04-10,14262,85,36.74942797945126,50.83040742341996,63.98447045664328,0.43234621152295605,0.5980047932167054,0.7527584759605093
2021-04-11,15251,103,42.20603660981925,58.37778040530266,73.48497789034998,0.4097673457264005,0.5667745670417734,0.7134463872849512
2021-04-12,19222,123,41.88343154472741,57.93156538109476,72.9232898480742,0.34051570361567,0.47098833643166466,0.5928722751875952
2021-04-13,18257,127,45.06466966991167,62.331732646404326,78.46214713179074,0.35483991866072184,0.49080104445987655,0.6178121821400846
2021-04-14,17378,125,46.140912832194125,63.820351148332456,80.3359953141279,0.369127302657553,0.5105628091866596,0.6426879625130233
2021-04-15,20697,137,43.97143620664016,60.81961380803549,76.55871711726036,0.3209593883696362,0.4439387869199671,0.5588227526807326
2021-04-16,16652,116,44.30582940127073,61.28213372350722,77.14092948515643,0.3819468051833684,0.5282942562371312,0.6650080128030726
2021-04-17,12798,79,37.24683800461753,51.51840600260418,64.85051161183856,0.4714789620837662,0.6521317215519516,0.8208925520485892
2021-04-18,16007,110,43.36314099754607,59.97824307080234,75.49961364340598,0.39421037270496423,0.5452567551891122,0.6863601240309634
2021-04-19,20097,140,46.00436633917073,63.63148524607953,80.09825406129266,0.3286026167083624,0.45451060890056805,0.5721303861520904
2021-04-20,19963,135,44.59941133772942,61.68820506292226,77.65208532547179,0.3303660099091068,0.4569496671327574,0.5752006320405318
2021-04-21,19295,103,34.96692176520429,48.36491279978625,60.8809468788602,0.3394846773320805,0.46956226019209946,0.5910771541636912
2021-04-22,23703,111,31.963647241502887,44.210898001801375,55.65194222217789,0.28796078595948543,0.39829637839460696,0.5013688488484495
2021-04-23,19243,100,34.0218385713427,47.057709764683956,59.235461465304375,0.34021838571342694,0.4705770976468396,0.5923546146530437
2021-04-24,13405,88,39.98022380878217,55.299121015332254,69.60961271488085,0.4543207250997974,0.6283991024469574,0.7910183263054643
2021-04-25,16982,119,44.743700121248544,61.88777980615383,77.90330668901156,0.375997480010492,0.5200653765223011,0.654649636042114
2021-04-26,19565,140,47.00241333883889,65.01194579771645,81.83595481680692,0.33573152384884924,0.4643710414122603,0.5845425344057636
2021-04-27,19587,187,62.72537571454778,86.75934779557251,109.21122232252118,0.3354298166553357,0.4639537315271257,0.5840172316712363
2021-04-28,20476,187,60.53708617894488,83.73258915548435,105.40118894677296,0.3237277335772453,0.44776785644644035,0.5636427216404971
2021-04-29,23896,167,47.77847754968983,66.08536822068167,83.18716108862742,0.28609866796221456,0.395720767788513,0.4981267131055534
2021-04-30,14918,164,68.39925465723617,94.60724078833633,119.090019341784,0.41706862595875716,0.5768734194410752,0.7261586545230732
2021-05-01,11769,130,65.54320973072332,90.65686835490921,114.11735630263438,0.5041785363901794,0.6973605258069939,0.8778258177125721
2021-05-02,16294,136,52.85581116936957,73.10814247058993,92.02731237393651,0.3886456703630115,0.5375598711072789,0.6766714145142391
2021-05-03,18921,217,74.83081387913533,103.50312825085105,130.28801434877738,0.3448424602725131,0.47697294124816153,0.6004055960773151
2021-05-04,18031,190,68.09476943422456,94.1860884387339,118.55987977696778,0.358393523338024,0.4957162549407047,0.6239993672471988
2021-05-05,21547,210,65.26582751625713,90.27320385321383,113.63440581653064,0.31078965483931964,0.4298723993010182,0.5411162181739555
2021-05-06,24935,197,54.47468549799981,75.34730770977686,94.84593629132587,0.27652124618274015,0.3824736431968368,0.4814514532554613
2021-05-07,20704,186,59.68229850667683,82.5502794426312,103.91291716758987,0.32087257261654206,0.44381870668081286,0.5586715976752143
2021-05-08,14094,199,86.8563682544439,120.13641649498963,151.22572061952346,0.4364641620826326,0.6037005854019579,0.7599282443192134
2021-05-09,17433,150,55.229302489357245,76.39106515658071,96.15980078512396,0.3681953499290483,0.5092737677105381,0.641065338567493
2021-05-10,21496,184,57.29381003114878,79.2466132629802,99.7543171919954,0.3113794023431999,0.430688115559675,0.5421430282173663
2021-05-11,21693,263,81.2972881441001,112.44730886952654,141.5467999765873,0.309115164046008,0.42755630748869405,0.5382007603672521
2021-05-12,22699,245,73.03595425717816,101.02054686474233,127.16298223891279,0.2981059357435843,0.412328762713234,0.519032580566991
2021-05-13,19414,196,66.21251046655003,91.58261961040871,115.28267656781128,0.33781893095178583,0.4672582633184118,0.5881769212643433
2021-05-14,17107,169,63.17185411621107,87.37689969529167,109.98858637065626,0.37379795335036137,0.5170230751200691,0.6508200376961909
2021-05-15,12332,171,83.05108317601773,114.87309128059945,144.600334482471,0.4856788489825598,0.6717724636292366,0.8456159911255614
2021-05-16,18954,163,56.13101646521434,77.6382815431279,97.72977600435273,0.3443620642037689,0.476308475724711,0.5995691779408143
2021-05-17,20471,222,71.88159931454126,99.42388712684705,125.15313354780037,0.323790987903339,0.4478553474182299,0.5637528538189206
2021-05-18,18765,215,74.63380927674906,103.23063899716304,129.9450094136188,0.34713399663604216,0.48014250696354904,0.6043953926214828
2021-05-19,18225,249,88.47922724756148,122.38109317014914,154.05128224074085,0.3553382620383995,0.49149033401666326,0.6186798483563889
2021-05-20,22505,209,62.733436092687995,86.77049660325147,109.22525625598188,0.30015998130472726,0.4151698402069448,0.5226088816075688
2021-05-21,18865,156,53.92313758068121,74.58442766259571,93.88563559111286,0.3456611383377,0.47810530552945973,0.6018309973789285
2021-05-22,10304,137,76.82311107080812,106.25879775454753,133.75680523370545,0.560752635553344,0.7756116624419528,0.9763270455014997
2021-05-23,12841,124,58.30672008704909,80.64763182722781,101.51789603146003,0.47021548457297646,0.6503841276389339,0.8186927099311293
2021-05-24,15187,130,53.449267950248114,73.9289892597458,93.06058064370794,0.41114821500190857,0.5686845327672754,0.7158506203362148
2021-05-25,17745,199,72.2384263904113,99.91743673138302,125.7744055715963,0.36300716779101155,0.5020976720170001,0.6320321888019915
2021-05-26,15687,252,100.95890394042532,139.64250608698492,175.7796613901931,0.40063057119216394,0.5541369289166068,0.6975383388499726
2021-05-27,20289,193,62.939718873275424,87.05581907922463,109.58441543765925,0.3261125330221525,0.45106642009960946,0.5677948986407214
2021-05-28,15462,151,61.19844899900218,84.64736098858641,106.55268849786096,0.40528774171524623,0.5605785495932875,0.7056469436944434
2021-05-29,9473,155,92.96461430015073,128.58510950102453,161.86079469120628,0.5997717051622627,0.8295813516195131,1.0442631915561695
2021-05-30,13190,135,62.13179998975121,85.9383364877249,108.17774695936009,0.46023555547963857,0.6365802702794436,0.8013166441434081
2021-05-31,15895,170,67.39326529639615,93.21579466559079,117.33849013228563,0.3964309723317421,0.54832820391524,0.6902264125428567
2021-06-01,14566,208,88.42337634802489,122.30384233566005,153.95404017663648,0.4251123862885812,0.5879992419983656,0.7401636546953677
2021-06-02,15782,179,71.36732244238117,98.71255896808071,124.25772550630211,0.39870012537643107,0.5514668098775458,0.6941772374653749
2021-06-03,19954,146,48.25084072871725,66.73872295739243,84.00959315179274,0.3304852104706661,0.4571145408040577,0.575408172272553
2021-06-04,14147,131,57.00537622747566,78.84766262452156,99.25212477147284,0.4351555437211882,0.6018905543856607,0.7576498074158231
2021-06-05,8344,111,73.68847111946339,101.92308330637499,128.29908008295806,0.6638601001753459,0.918225975733108,1.1558475683149374
2021-06-06,11433,101,52.11577668341785,72.08455498919183,90.73883749672883,0.5159977889447311,0.7137084652395231,0.8984043316507805
2021-06-07,14240,126,54.54294167755303,75.44171705453716,94.96477720244287,0.4328804895043892,0.5987437861471203,0.7536887079558958
2021-06-08,12089,105,51.81470148908714,71.66811926122699,90.21463513669067,0.4934733475151156,0.6825535167735903,0.859187001301816
2021-06-09,11911,85,42.44595892524368,58.70963180309349,73.90270690403007,0.49936422264992564,0.6907015506246292,0.8694436106356479
2021-06-10,16337,87,33.74095796806526,46.66920642498813,58.74641993050013,0.38782710308120993,0.5364276600573349,0.6752462060977027
2021-06-11,11016,67,35.614894678296956,49.261164224169164,62.00913324784711,0.5315655922133874,0.7352412570771517,0.9255094514604046
2021-06-12,6281,41,34.161491627374645,47.25087254642845,59.47861155849366,0.8332071128627963,1.15246030601045,1.4506978428900892
2021-06-13,9261,43,26.261416749872012,36.323790227663615,45.7237822891107,0.6107306220900468,0.8447393076200841,1.063343774165365
2021-06-14,10666,50,27.273743030957057,37.724001336847714,47.48634471758682,0.5454748606191412,0.7544800267369542,0.9497268943517363
2021-06-15,9838,53,30.84085564009091,42.65789547389054,53.69704850003118,0.581902936605489,0.8048659523375573,1.0131518584911543
2021-06-16,10254,60,33.77634121951484,46.71814718913155,58.80802574946149,0.5629390203252473,0.7786357864855258,0.9801337624910249
2021-06-17,11775,46,23.182758041720508,32.065506900355686,40.36352614395508,0.5039730009069675,0.697076236964254,0.8774679596511974
2021-06-18,8974,50,31.31534175357719,43.31418657259142,54.52317680677452,0.6263068350715437,0.8662837314518284,1.0904635361354904
2021-06-19,5561,52,47.75919863595284,66.05870236235918,83.15359455020045,0.9184461276144777,1.2703596608145995,1.5991075875038547
2021-06-20,8713,32,20.520682954826764,28.383426152480997,35.728584211091224,0.6412713423383364,0.8869820672650311,1.1165182565966008
2021-06-21,9084,62,38.45439584165211,53.18865395525619,66.95299192232474,0.6202321909943888,0.8578815154073579,1.0798869664891089
2021-06-22,9258,58,35.43155851243176,49.00758063066162,61.6899264429141,0.6108889398695131,0.8449582867355452,1.0636194214295533
2021-06-23,9499,46,27.5290690435158,38.07715854112895,47.93089312570114,0.598458022685126,0.8277643161114989,1.0419759375152422
2021-06-24,14807,72,30.208894939121294,41.783791530726106,52.59674101161095,0.41956798526557354,0.5803304379267515,0.7305102918279299
2021-06-25,11180,49,25.740598505931395,35.60341429289113,44.8169850578359,0.5253183368557428,0.7266002916916556,0.9146323481191
2021-06-26,7107,49,36.9847792720435,51.15593635673509,64.39424085732057,0.7547914137151734,1.0439987011578589,1.314168180761644
2021-06-27,9129,71,43.862742929308865,60.66927341160737,76.36947112964583,0.6177851116804065,0.8544968086141883,1.0756263539386737
2021-06-28,11066,106,56.142188242015244,77.65373391878803,97.7492271975268,0.5296432853020306,0.7325823954602645,0.9221625207313849
2021-06-29,11712,148,74.90880481871966,103.61100234447295,130.42380446155164,0.5061405730994571,0.7000743401653577,0.8812419220375112
2021-06-30,13838,209,92.56858572372175,128.0373378757775,161.17126889062305,0.4429118934149366,0.6126188415108972,0.7711543966058519
2021-07-01,17847,133,48.059081407317755,66.47348877634816,83.67572078126952,0.36134647674675,0.4998006674913396,0.6291407577539062
2021-07-02,15375,127,51.70441453802739,71.5155745560689,90.02261440195211,0.40712137431517637,0.563114760284007,0.7088394834799379
2021-07-03,9747,92,53.934549800224396,74.60021260948822,93.90550541941641,0.5862451065241782,0.8108718761900894,1.0207120154284393
2021-07-04,12160,136,66.79870635773551,92.39342341381905,116.30330289435808,0.4911669585127611,0.6793634074545518,0.8551713448114565
2021-07-05,13116,166,76.74374088216894,106.14901593622754,133.61861370884793,0.4623116920612586,0.6394519032302864,0.804931407884626
2021-07-06,12841,191,89.8111575534385,124.22336837903639,156.3703075968457,0.47021548457297646,0.6503841276389339,0.8186927099311293
2021-07-07,12442,147,70.88938042303202,98.05148779217359,123.42558011796751,0.4822406831498777,0.667016923756283,0.8396297967208675
2021-07-08,15093,142,58.67375596645325,81.15530185952217,102.1569426145904,0.4131954645524877,0.5715162102783251,0.7194150888351437
2021-07-09,13461,159,71.99648077078577,99.58278677637546,125.35315378069225,0.45280805516217465,0.6263068350715437,0.7883846149729072
2021-07-10,9966,195,112.30365956616741,155.3341394614704,195.5320281910864,0.5759162029034226,0.796585330571643,1.002728349697879
2021-07-11,10639,282,154.13613497380246,213.19522425683803,268.3665982514623,0.5465820389141931,0.7560114335348866,0.9516546037285897
2021-07-12,11803,325,163.48030479622085,226.1197236360592,284.6357428563443,0.5030163224499103,0.6957529958032591,0.8758022857118285
2021-07-13,11533,389,199.3295889492759,275.70508644379214,347.05297188275404,0.5124153957564933,0.7087534355881545,0.8921670228348433
2021-07-14,12360,355,172.10345142809595,238.04693123273785,299.6495131718722,0.48479845472703087,0.6705547358668671,0.8440831356954146
2021-07-15,14390,318,136.50686358133618,188.81108831986052,237.67225396903874,0.42926686660797536,0.5937455607542784,0.7473970250598703
2021-07-16,13077,202,93.6097044199027,129.4773735555875,162.98396182545991,0.46341437831634996,0.6409770968098392,0.8068512961656432
2021-07-17,9518,170,101.57535865836414,140.4951627457074,176.85297139408948,0.5975021097550831,0.8264421337982788,1.0403115964358205
2021-07-18,10633,166,90.77357510405017,125.55454763538816,158.0459738784678,0.5468287656870492,0.7563526965987238,0.9520841799907699
2021-07-19,10999,186,98.99343313853082,136.92394182266509,172.35757796273043,0.5322227588093055,0.736150224853038,0.9266536449609163
2021-07-20,9898,208,120.44849527138831,166.59976562372495,209.71301081335528,0.5790793041893669,0.8009604116525239,1.008235628910362
2021-07-21,10338,173,96.7548812686134,133.82766223839545,168.46003278008197,0.5592767703388057,0.773570301956043,0.9737574149137687
2021-07-22,11060,158,83.71995550459808,115.79824997953216,145.7649088473086,0.529873136105051,0.7329003163261529,0.9225627142234721
2021-07-23,10242,156,87.90079128581338,121.58102260522897,153.04416673607977,0.5634666108064961,0.7793655295206985,0.9810523508723061
2021-07-24,7352,143,105.04796466267548,145.29833895075905,182.89912962040697,0.7346011514872411,1.0160723003549585,1.2790148924503983
2021-07-25,8220,155,104.13824336851792,144.0400471468799,181.3152128502643,0.6718596346355995,0.9292906267540639,1.1697755667758987
2021-07-26,8497,225,147.21295385196586,203.6193441292383,256.31263980063045,0.654279794897626,0.9049748627966147,1.1391672880028019
2021-07-27,7781,216,151.63568670331887,209.7366995581424,264.01306495073766,0.7020170680709207,0.9710032386951036,1.222282708105267
2021-07-28,8631,167,107.90549996609104,149.25077281668578,187.87438755646093,0.6461407183598266,0.8937172024951244,1.1249963326734187
2021-07-29,9358,146,88.42649816287916,122.30816031092301,153.9594755719963,0.6056609463210901,0.8377271254172809,1.0545169559725773
2021-07-30,9031,167,104.06478727459165,143.93844547884598,181.18731836237419,0.6231424387700099,0.8619068591547663,1.0849540021699053
2021-07-31,7203,115,85.8742806317651,118.77803034502905,149.5158067532651,0.7467328750588269,1.0328524377828612,1.3001374500283922
2021-08-01,7060,155,117.61533253470174,162.68104296270408,204.78018798069112,0.7588085969980758,1.0495551158884135,1.321162503101233
2021-08-02,7210,139,103.71524365195934,143.45497006909014,180.57872756721594,0.7461528320284845,1.0320501443819434,1.299127536454791
2021-08-03,6426,121,98.99398265147386,136.9247018880134,172.3585347203346,0.8181320880287095,1.1316091065125076,1.4244507001680546
2021-08-04,6878,151,116.9992865778726,161.82895168676137,203.70758967122333,0.7748297124362424,1.0717149118328568,1.3490568852398896
2021-08-05,8323,131,87.14116934368576,120.53034250137247,151.72158811685716,0.665199765982334,0.9200789503921563,1.1581800619607416
2021-08-06,7974,119,81.91849781398818,113.3065423964657,142.62838883267946,0.6883907379326738,0.9521558184576949,1.1985578893502475
2021-08-07,6470,141,114.72859935076687,158.68822370183932,199.7540935819709,0.8136780095799069,1.1254483950485057,1.416695699162914
2021-08-08,7406,158,115.38945556524786,159.6022948174265,200.90471108151922,0.7303130099066321,1.0101411064394081,1.2715488043134129
2021-08-09,6824,182,141.91103807915448,196.28593640905962,247.08146827549132,0.7797309784568928,1.0784941560937342,1.357590485030172
2021-08-10,6471,174,141.56247007713813,195.80381044053664,246.47457613448665,0.813577414236426,1.125309255405383,1.4165205524970497
2021-08-11,6828,137,106.77307754433569,147.68444930532593,185.90272560216437,0.7793655295206985,1.0779886810607733,1.3569542014756524
2021-08-12,8346,151,100.22365724437142,138.6255408940018,174.49952253937042,0.6637328294329233,0.9180499396953762,1.1556259770819233
2021-08-13,7703,144,101.9085394349213,140.9560056907329,177.43307281951203,0.7076981905202868,0.9788611506300895,1.232174116802167
2021-08-14,5540,121,111.4688606191346,154.17947739113703,194.07855880392958,0.9212302530506993,1.2742105569515458,1.6039550314374345
2021-08-15,7149,153,114.94000101519015,158.98062642273695,200.12216525806173,0.7512418367005892,1.039089061586516,1.3079880082226256
2021-08-16,8263,185,123.77630949727349,171.20267136217024,215.5070719111337,0.6690611324176945,0.9254198452009202,1.1649030914115335
2021-08-17,7590,172,123.17172669307985,170.36643548183108,214.4544321096338,0.7161146900760456,0.9905025318711109,1.2468280936606617
2021-08-18,7841,189,131.8683719942328,182.39530363514632,229.5961710410444,0.6977162539377396,0.9650545165880758,1.2147945557727218
2021-08-19,9483,176,105.47075887790456,145.88313178694622,183.635257104859,0.5992656754426395,0.828881430607649,1.0433821426412442
2021-08-20,8204,193,129.8711813758879,179.632865730277,226.11886020542465,0.6729076755227352,0.9307402369444403,1.1716003119452054
2021-08-21,6056,204,175.00782914310102,242.0641557361439,304.70632848351687,0.8578815154073579,1.1865889987065876,1.4936584729584161
2021-08-22,8367,243,160.96314978071246,222.63809080471992,280.2531214230353,0.6623997933362652,0.9162061349988475,1.153305026432244
2021-08-23,9661,210,123.98742270179505,171.49467509633158,215.87464134936468,0.5904162985799765,0.8166413099825314,1.0279744826160224
2021-08-24,10545,236,129.91243983932276,179.6899328636003,226.19069536259255,0.5504764399971304,0.7613980206084758,0.9584351498414939
2021-08-25,9660,220,129.9023426433803,179.6759668072068,226.17311512336173,0.5904651938335469,0.8167089400327583,1.0280596141970988
2021-08-26,10444,186,103.1799842314632,142.7146196495882,179.64678678717098,0.5547310980186193,0.767282901341872,0.965842939715973
2021-08-27,8142,156,105.61259733814602,146.0793173364578,183.88221220777953,0.6770038290906796,0.936405880361909,1.1787321295370483
2021-08-28,6274,157,130.93026424857877,181.09774877401156,227.96283058822127,0.833950727697954,1.153488845694341,1.4519925515173329
2021-08-29,7188,157,117.43274187942689,162.42849053101673,204.46227918508686,0.7479792476396617,1.0345763728090238,1.3023075107330373
2021-08-30,8662,172,110.8178976634275,153.27909025382843,192.94516646837812,0.644290102694346,0.8911575014757467,1.1217742236533612
2021-08-31,8195,168,113.14780123561344,156.50172402918176,197.00176420276236,0.6734988168786514,0.931557881126082,1.1726295488259664
2021-09-01,7355,144,105.74804664149471,146.26666564779154,184.11804314243605,0.7343614350103799,1.0157407336652189,1.2785975218224725
2021-09-02,8278,144,96.20511385763324,133.06724491968603,167.50283212146076,0.6680910684557864,0.9240780897200419,1.1632141119545885
2021-09-03,6841,124,96.49437917228812,133.46734567242677,168.0064722866904,0.7781804771958719,1.0763495618744094,1.354890905537826
2021-09-04,4512,110,119.4189960718359,165.17580158856788,207.92054859718874,1.08562723701669,1.5015981962597078,1.8901868054289888
2021-09-05,6094,119,101.57831513037412,140.49925202505312,176.8581189108368,0.8535992868098666,1.1806659834038078,1.4862026799229984
2021-09-06,7301,160,118.19255128843494,163.47942993191361,205.78518420310618,0.7387034455527184,1.02174643707446,1.2861574012694137
2021-09-07,6923,132,101.74532640975569,140.73025565808976,177.14890243752166,0.770797927346634,1.066138300440074,1.3420371396781945
2021-09-08,6368,130,107.13143247638146,148.1801121822628,186.52665777806916,0.8240879421260113,1.139847016786637,1.4348204444466859
2021-09-09,6489,109,88.48309029681646,122.38643639256985,154.05800820015077,0.811771470612995,1.1228113430510995,1.413376222019732
2021-09-10,5237,81,78.0539639027154,107.9612664558046,135.89984448600848,0.9636291839841408,1.3328551414296863,1.6777758578519564
2021-09-11,3688,72,91.84928290658578,127.04242564812925,159.91888994534662,1.2756844848136915,1.7644781340017952,2.2210956936853696
2021-09-12,4705,89,93.43687562136664,129.23832335189454,162.68304940962125,1.0498525350715353,1.4521159927179161,1.827899431568778
2021-09-13,5630,85,77.30155197718294,106.92055897196455,134.58981923480243,0.9094300232609758,1.257888929081936,1.5834096380564993
2021-09-14,5529,75,69.20221491813908,95.71786480211233,120.48805435665084,0.9226961989085211,1.2762381973614976,1.6065073914220112
2021-09-15,4812,59,60.83696221125626,84.14736624827145,105.9233034444683,1.0311349527331568,1.4262265465808721,1.795310227872344
2021-09-16,5340,60,56.923847726812156,78.73489551131199,99.11017540711823,0.9487307954468692,1.3122482585218664,1.651836256785304
2021-09-17,3966,58,69.81067369999985,96.55946178695886,121.54744262723358,1.2036323051724112,1.6648183066717044,2.09564556253851
2021-09-18,2701,31,50.73621089923695,70.17639220318779,88.33687395568336,1.6366519644915145,2.263754587199606,2.8495765792155923
2021-09-19,3315,45,62.51751270716253,86.47183961015104,108.8493118061859,1.3892780601591674,1.9215964357811344,2.41887359569302
2021-09-20,4480,47,51.31584092725246,70.97811435503601,89.34606845046787,1.0918264027074993,1.5101726458518299,1.9009801797971886
2021-09-21,4041,48,56.91492402996117,78.72255259411305,99.09463834847763,1.1857275839575245,1.6400531790440218,2.064471632259951
2021-09-22,4136,59,68.66945348892476,94.98096950889607,119.56046283204087,1.1638890421851653,1.6098469408287468,2.026448522576964
2021-09-23,4446,64,70.30406078986671,97.24189599544263,122.40647944524684,1.0985009498416674,1.5194046249287911,1.912601241331982
2021-09-24,3501,45,59.84595871346258,82.77664799983903,104.19786613800288,1.3299101936325017,1.8394810666630896,2.315508136400064
2021-09-25,2490,50,87.33463914246225,120.79794254949933,152.05843860146848,1.746692782849245,2.4159588509899863,3.04116877202937
2021-09-26,3366,53,72.73787073683384,100.6082491061546,126.64398868582273,1.3724126554119591,1.8982688510595207,2.3895092204872213
2021-09-27,3964,76,91.51297605719346,126.57725883836402,159.33334571098897,1.2041181060157033,1.6654902478732108,2.0964913909340654
2021-09-28,4440,95,104.47039401385045,144.49946525367724,181.89352071305106,1.099688358040531,1.521047002670287,1.914668639084748
2021-09-29,4158,77,89.23991349863685,123.43324538555711,155.3757139294714,1.1589599155667123,1.6030291608513911,2.0178664146684597
2021-09-30,4243,61,69.56125568468902,96.21447629918259,121.11318063978348,1.140348453847361,1.5772864967079112,1.9854619777013687
2021-10-01,3436,72,97.19993528419691,134.44324398160487,169.23491682800886,1.3499991011694015,1.8672672775222898,2.3504849559445677
2021-10-02,2466,67,117.93870325354617,163.1283170099861,205.3432091035781,1.7602791530380026,2.4347510001490464,3.0648240164713147
2021-10-03,3280,91,127.50238860084686,176.35644189248782,221.9945524361371,1.4011251494598556,1.9379828779394266,2.439500576221287
2021-10-04,4663,90,95.16695650562724,131.63130525821452,165.6952951863031,1.0574106278403026,1.4625700584246057,1.8410588354033677
2021-10-05,4250,90,102.49610664732155,141.76870625335516,178.45608675497078,1.138845629414684,1.575207847259502,1.9828454083885645
2021-10-06,4571,137,147.19314799962044,203.59194942952627,256.27815580879866,1.074402540143215,1.4860726235731845,1.8706434730569246
2021-10-07,5095,130,128.05720101964152,177.12383727362615,222.9605369635479,0.985055392458781,1.3624910559509704,1.715081053565753
2021-10-08,4102,110,128.8760343139726,178.25641626195713,224.38620853479895,1.1716003119452054,1.620512875108701,2.0398746230436267
2021-10-09,3346,100,137.8971384784298,190.73406354247726,240.09286315864142,1.378971384784298,1.9073406354247726,2.4009286315864142
2021-10-10,4824,120,123.48989183017822,170.8065093669452,215.00838978827818,1.0290824319181517,1.4233875780578766,1.7917365815689847
2021-10-11,6618,139,111.0732279965014,153.63225343408155,193.38972239894625,0.7990879711978518,1.1052680103171335,1.3912929668988938
2021-10-12,6522,150,121.27258277304026,167.73961203126467,211.1478304908921,0.8084838851536017,1.1182640802084312,1.407652203272614
2021-10-13,6904,153,118.19165340582867,163.47818801493136,205.78362089868884,0.7724944667047625,1.0684848889864795,1.3449909862659402
2021-10-14,7566,153,109.84350053699936,151.9313413050218,191.2486425338058,0.7179313760588193,0.9930153026472013,1.2499911276719333
2021-10-15,6326,148,122.61239307142593,169.59278654530385,213.48057571083126,0.8284621153474725,1.1458972063871882,1.4424363223704815
2021-10-16,5064,130,128.6839544175602,177.9907386737794,224.05177801075956,0.9898765724427706,1.3691595282598414,1.7234752154673811
2021-10-17,5327,160,152.0932109502089,210.36952964977044,264.8096609324412,0.9505825684388057,1.3148095603110652,1.6550603808277577
2021-10-18,6705,205,162.11038558643605,224.22490362390917,282.2505749768476,0.7907823687143223,1.0937800176776058,1.376832073057793
2021-10-19,7069,250,189.50890700039022,262.1214936619722,329.95417147764505,0.7580356280015609,1.0484859746478887,1.3198166859105802
2021-10-20,7820,256,178.9989841671983,247.58456917164912,311.65533299237694,0.6992147819031184,0.9671272233267544,1.2174036445014724
2021-10-21,9243,322,196.96157695265396,272.429742548939,342.9300235276516,0.6116819160020309,0.8460551010836614,1.065000073067241
2021-10-22,7913,282,195.32245721728765,270.16257463516837,340.07615030978576,0.6926328270116583,0.9580233143091077,1.2059437954247723
2021-10-23,6377,276,227.19143357435024,314.2425274796757,395.5632609484091,0.8231573680230081,1.1385598821727378,1.4332002208275691
2021-10-24,8232,329,220.78400747973254,305.3800200385536,384.4072841565137,0.6710760105766946,0.9282067478375489,1.1684111980441148
2021-10-25,10105,343,195.3624392931523,270.21787631787674,340.14576314711724,0.5695697938575869,0.7878072195856465,0.9916786097583592
2021-10-26,10506,436,240.72022217241206,332.9550319782305,419.11825001792295,0.5521106013128717,0.7636583302252994,0.9612803899493646
2021-10-27,11024,423,224.72169771669311,310.8264830192521,391.2632010642571,0.5312569685973833,0.7348143806601705,0.9249721065348868
2021-10-28,11881,347,173.62932686508472,240.15746395131228,302.3062166142527,0.5003726998993796,0.6920964379000354,0.8711994715108148
2021-10-29,11182,321,168.6030573233397,233.20531958678822,293.55497305256415,0.5252431692315879,0.7264963227002749,0.9145014736840006
2021-10-30,8092,277,188.4564792065099,260.6658156694717,328.12178826006294,0.6803483003845122,0.9410318255215586,1.1845551922745956
2021-10-31,9735,346,203.04081012707348,280.8383060577507,353.5145832564504,0.5868231506562818,0.8116714047911868,1.0217184487180648
2021-11-01,13165,371,171.00673782231772,236.52999879396117,297.74002387730263,0.46093460329465696,0.6375471665605422,0.8025337570816782
2021-11-02,13120,435,201.05653440809573,278.09373154920496,350.0597585666686,0.46219892967378323,0.6392959345958734,0.8047350771647555
2021-11-03,13123,421,194.55016176212374,269.09436501135633,338.7315058227378,0.46211439848485447,0.6391790142787561,0.8045878998164793
2021-11-04,14324,368,158.5522364305746,219.30340739363137,276.05547747299397,0.43084846856134396,0.5959331722653026,0.7501507540027009
2021-11-05,12770,357,168.61317325344723,233.2193115555644,293.57258590987095,0.47230580743262535,0.6532753825085837,0.8223321734170054
2021-11-06,10029,388,222.33182045756988,307.52089592709035,387.1021830759804,0.5730201558184791,0.7925796286780679,0.9976860388556197
2021-11-07,12695,452,214.4906049526305,296.67522564798367,373.4498339264778,0.47453673662086393,0.6563611186902293,0.8262164467399952
2021-11-08,15375,550,223.916755873347,309.71311815620385,389.86171591396584,0.40712137431517637,0.563114760284007,0.7088394834799379
2021-11-09,17429,671,247.1044393131386,341.78543767935236,430.2338176740515,0.3682629497960337,0.5093672692687815,0.6411830367720589
2021-11-10,17307,702,259.9774506067446,359.59089601699395,452.6470321399836,0.3703382487275564,0.5122377436139515,0.6447963420797488
2021-11-11,18205,595,211.61206370364292,292.6937371591568,368.43800251492337,0.3556505272330133,0.49192224732631396,0.6192235336385267
2021-11-12,16442,574,221.4747299301826,306.3354009928506,385.6099017931549,0.3858444772302833,0.5336853675833635,0.6717942539950434
2021-11-13,13749,557,247.97866010984868,342.99462654889476,431.75592448809374,0.4452040576478432,0.6157892756712653,0.7751452863341001
2021-11-14,14828,593,248.5218826750444,343.7459912864882,432.70172990834635,0.4190925508854037,0.579672835221734,0.7296825124929955
2021-11-15,17527,723,265.06246437517945,366.6242931557948,461.50055534094264,0.36661475017313894,0.5070875424008228,0.6383133545517878
2021-11-16,17104,730,272.91079421332665,377.4798037093053,475.16529126400826,0.37385040303195427,0.5170956215195963,0.6509113578959017
2021-11-17,17557,706,258.4761386722756,357.5143385984303,450.0330962395133,0.366113510867246,0.5063942473065585,0.6374406462316052
2021-11-18,19415,775,261.7988834981411,362.11023253607857,455.8183309992062,0.3378050109653433,0.4672390097239723,0.5881526851602661
2021-11-19,18007,727,260.829868651022,360.7699281507709,454.13117815720256,0.3587756102489987,0.49624474298592974,0.6246646191983529
2021-11-20,14889,667,278.61815592232387,385.3740087876366,485.1023851654128,0.41771837469613776,0.577772127117896,0.7272899327817284
2021-11-21,15796,627,249.80771348075888,345.52450342465266,434.9404913727829,0.3984174058704288,0.5510757630377235,0.6936849942149648
2021-11-22,18831,754,261.0048891577543,361.01200984166496,454.43590655865086,0.34616033044794997,0.4787957690207758,0.6027001413244706
2021-11-23,19325,754,255.6535026464094,353.6101760824034,445.1186014749178,0.3390630008573069,0.46897901337188785,0.5903429727784055
2021-11-24,19013,729,250.41654150661276,346.36661113371014,436.00052253449803,0.3435069156469311,0.4751256668500825,0.5980802778251002
2021-11-25,21512,655,203.83214375531298,281.9328485565824,354.89237512808853,0.3111941126035313,0.4304318298573777,0.5418204200428833
2021-11-26,18184,697,248.11741246000383,343.1865435086168,431.99750636126623,0.3559790709612681,0.49237667648295097,0.6197955614939258
2021-11-27,15494,680,275.14021662243357,380.56345577151365,479.0469411321544,0.4046179656212259,0.5596521408404612,0.70448079578258
2021-11-28,17248,716,265.8875675718303,367.7655444339258,462.93714344618627,0.37135135135730485,0.5136390285390026,0.6465602562097573
2021-11-29,20164,743,243.5025234440177,336.8034050002404,423.9625178964346,0.3277288337066187,0.4533020255723289,0.5706090415833575
2021-11-30,20296,892,290.8121146983646,402.24022757714056,506.3333005279968,0.32602255011027426,0.4509419591671979,0.5676382292914762
2021-12-01,20215,799,261.3267011844046,361.4571279653414,454.99621384080274,0.3270672104936228,0.4523868935736438,0.5694570886618306
2021-12-02,22266,759,229.77565648041139,317.8169260597426,400.06265436151773,0.3027347252706342,0.4187311278784488,0.5270917712272961
2021-12-03,19264,846,287.57371697845895,397.76099934006646,500.6949226095153,0.3399216512747742,0.4701666658866034,0.5918379699876067
2021-12-04,15702,865,346.2805770105622,478.96208948084575,602.9095027501037,0.40032436648619907,0.5537133982437523,0.6970052054914493
2021-12-05,16798,815,309.1203174049627,427.56343541828846,538.209732886334,0.37928873301222416,0.5246177121696791,0.6603800403513301
2021-12-06,21165,1055,332.60888383813796,460.05192482438093,579.1057023651723,0.31526908420676586,0.43606817518898666,0.5489153576921064
2021-12-07,21522,1230,382.6264718944787,529.2343453143596,666.1913812794942,0.31107843243453553,0.430271825458829,0.5416190091703205
2021-12-08,21815,1171,360.3534834893293,498.4271970832661,627.4118560747124,0.30773141203187815,0.4256423544690573,0.5357915081765264
2021-12-09,24135,1180,334.9192949207259,463.24759733142514,583.1283617039574,0.2838299109497677,0.39258270960290265,0.49417657771521806
2021-12-10,21577,1194,370.6700366764234,512.6966600528284,645.3740184513108,0.31044391681442496,0.429394187648935,0.5405142533093056
2021-12-11,17485,1236,454.0063894190895,627.964325319895,790.4710360976558,0.3673190852905255,0.5080617518769377,0.6395396732181681
2021-12-12,18620,1338,467.35659506901527,646.4298206944519,813.7150941949797,0.34929491410240304,0.48313140560123463,0.6081577684566365
2021-12-13,24458,2016,566.1477409328194,783.0739664724905,985.7204695557883,0.28082725244683504,0.38842954686135445,0.48894864561299023
2021-12-14,24677,2604,726.0776933185915,1004.2829780392152,1264.1746898305007,0.2788316794618247,0.3856693464052286,0.4854741512405917
2021-12-15,25650,2684,725.5855403470082,1003.602250816081,1263.3178017372213,0.2703373846300329,0.3739203617049482,0.4706847249393522
2021-12-16,28097,2279,572.7859644451415,792.2557041008349,997.2782879916634,0.2513321476284079,0.3476330426067727,0.4375946853846702
2021-12-17,27425,2311,592.186687271643,819.0900441110067,1031.056908361589,0.25624694386483904,0.3544310013461734,0.44615184264889185
2021-12-18,20756,2141,685.6109436681347,948.3109130322605,1193.7179864245638,0.32022930577680275,0.44292896451763686,0.5575516050558449
2021-12-19,22122,2244,682.8720630223555,944.5225977641445,1188.949318246596,0.30431018851263614,0.42091024855799664,0.5298348120528502
2021-12-20,30784,2971,694.094519045521,960.0450709919694,1208.4887490716612,0.2336231972553083,0.323138697742164,0.4067616119393003
2021-12-21,29503,3055,738.4043978437292,1021.3328056869059,1285.6367289663876,0.2417035672156233,0.3343151573443227,0.42083035318048695
2021-12-22,30070,2737,651.5444630191632,901.1914560481268,1134.4047985876068,0.2380505893383863,0.3292624976427208,0.41447014928301307
2021-12-23,24696,2710,755.1687347855888,1044.520597274157,1314.8251349024313,0.2786600497363796,0.38543195471371106,0.4851753265322625
2021-12-24,6577,1176,944.4110322988664,1306.2733268601153,1644.3151123017044,0.803070605696315,1.1107766384864926,1.398227136310973
2021-12-25,7746,1479,1042.0347048784176,1441.3026681103745,1814.287798612034,0.7045535529941972,0.9745116079177651,1.2266989848627683
2021-12-26,8599,1985,1286.4062914129731,1779.308128037657,2239.7634432344835,0.6480636228780721,0.8963768906990716,1.1283443038964653
2021-12-27,19062,4153,1423.649770395278,1969.1380746909465,2478.7182191080137,0.3428003299771919,0.4741483444957733,0.5968500407194832
2021-12-28,20172,3913,1281.9960402997588,1773.2080368729835,2232.0847500527116,0.3276248505749448,0.4531582000697632,0.5704279964356533
2021-12-29,22115,2994,911.3354086739375,1260.524385527507,1586.7271067455995,0.3043872440460713,0.4210168288335027,0.5299689735289244
2021-12-30,21155,3052,962.5650949712359,1331.383334083706,1675.9231712727933,0.3153883011045989,0.436233071455998,0.5491229263672324
2021-12-31,5991,1276,1104.147827253295,1527.2151704334353,1922.4330259550954,0.8653196138348708,1.1968770928161718,1.5066089545102628
2022-01-01,6751,1439,1131.7286518548676,1565.363915288885,1970.454030741236,0.7864688338115827,1.0878137006872028,1.369321772579038
2022-01-02,16078,3656,1436.1393139624934,1986.4131350921339,2500.463777483516,0.39281709900505835,0.5433296321367981,0.6839342936224059
2022-01-03,20531,4570,1476.2643124363328,2041.9125029035135,2570.32545753083,0.323033766397447,0.4468079875062393,0.5624344546019322
2022-01-04,19291,4174,1417.2440924259442,1960.2779851900561,2467.56528597902,0.33954099003975663,0.4696401497819972,0.5911752002824676
2022-01-05,17831,3037,1098.19695547175,1518.984151508471,1912.0719563920413,0.3616058463851663,0.5001594176847123,0.6295923465235566
2022-01-06,18158,2603,927.6748061651215,1283.1244170707052,1615.1756501253385,0.3563867868479145,0.4929406135500213,0.6205054360834954
2022-01-07,15455,2250,912.2278228899872,1261.7587388409145,1588.2808901425508,0.40543458795110543,0.5607816617070731,0.7059026178411337
2022-01-08,12699,2260,1072.1827705863568,1483.002322968117,1866.7786297807038,0.4744171551267065,0.6561957181274853,0.8260082432657981
2022-01-09,14416,2590,1110.1967423360568,1535.581799113979,1932.9647988203528,0.4286473908633424,0.5928887255266329,0.7463184551429933
2022-01-10,18547,3468,1215.1675252352227,1680.7733831926062,2115.7295471853604,0.3503943267690953,0.4846520712781448,0.6100719570892043
2022-01-11,17257,3602,1337.0494591771899,1849.355826524478,2327.9383196829613,0.37119640732292886,0.5134247158591,0.6462904829769465
2022-01-12,17006,3481,1307.3693133408572,1808.3033805900577,2276.2621843299007,0.37557291391578773,0.5194781328899907,0.6539104235363116
2022-01-13,18058,3333,1193.096572783456,1650.2456833880399,2077.3017870066255,0.35796476831186796,0.4951232173381458,0.6232528613881265
2022-01-14,17361,3680,1359.4524836270252,1880.3428356539462,2366.9442507916438,0.36941643576821337,0.5109627270798767,0.6431913724977293
2022-01-15,14499,3776,1611.1558376511562,2228.489316792152,2805.1852440501057,0.4266832197169375,0.5901719588962266,0.7428986345471679
2022-01-16,15930,3995,1580.9573954708367,2186.7199831188077,2752.6067023486203,0.39573401638819444,0.5473642010309906,0.6890129417643605
2022-01-17,20828,5336,1704.0163958185576,2356.930499818307,2966.864866491353,0.3193434025147222,0.44170361690747884,0.5560091578881846
2022-01-18,19606,5326,1785.114044857933,2469.1016754909715,3108.0640745977926,0.33516974180584547,0.4635940059126871,0.5835644150577906
2022-01-19,19685,5180,1730.6029031040273,2393.703942878204,3013.154664278237,0.334093224537457,0.46210500827764556,0.5816900896290033
2022-01-20,19903,4504,1491.5559569128823,2063.0633224306016,2596.9497569563987,0.3311625126360751,0.4580513593318387,0.5765874238357901
2022-01-21,17908,4346,1566.1308947410928,2166.2125326850783,2726.7922652246425,0.36036145760264443,0.4984382265727285,0.627425739812389
2022-01-22,15091,4473,1848.4192653726577,2556.6630425030567,3218.284865355151,0.4132392723837822,0.5715768036000575,0.7194913626995643
2022-01-23,16298,4849,1884.1728295036544,2606.1160090263484,3280.535436143317,0.38856936059056596,0.5374543223399357,0.676538551483464
2022-01-24,20943,6020,1913.9975633114027,2647.36844352929,3332.463313776301,0.31793979457000043,0.439762199921809,0.5535653345143358
2022-01-25,17943,5233,1882.8281921437933,2604.256157904946,3278.1942865212045,0.35979900480485255,0.4976602633107101,0.6264464526124984
2022-01-26,15393,4221,1716.8515311279468,2374.6835695388963,2989.2121350384946,0.4067404717194852,0.5625879103385208,0.7081762935414582
2022-01-27,14667,3790,1602.2939019754174,2216.2318252956907,2789.7557178612888,0.42276883957135025,0.584757737545037,0.7360833028657754
2022-01-28,11857,3298,1652.900834322593,2286.2294043354177,2877.8675047843344,0.5011827878479663,0.6932169206596172,0.8726099165507382
2022-01-29,8456,2833,1860.7610150835405,2573.7336800779553,3239.773099680888,0.6568164543182282,0.9084834733773227,1.1435838685777933
2022-01-30,7174,2748,2058.655296609899,2847.4535040266264,3584.3270561925942,0.7491467600472703,1.0361912314507373,1.3043402679012353
2022-01-31,14953,5094,2120.568361124966,2933.089293946759,3692.123962570556,0.4162874678297931,0.5757929513048212,0.7247985792246872
2022-02-01,10509,3786,2089.8133513773078,2890.550137237739,3638.5763804505527,0.551984509080113,0.7634839242571947,0.9610608506208538
2022-02-02,10400,3320,1847.9380833136947,2555.9974898279074,3217.4470787301943,0.5566078564197876,0.7698787619963576,0.9691105658825886
2022-02-03,10692,3010,1638.6844742377416,2266.565877175345,2853.115384224558,0.5444134465906119,0.7530119193273572,0.9478788651908832
2022-02-04,8762,2604,1662.3956136260924,2299.362221005712,2894.3988757264015,0.6384007732819096,0.8830116056089524,1.1115203055784952
2022-02-05,6833,2474,1927.0215089981184,2665.3826685639337,3355.1393202841186,0.7789092599022306,1.077357586323336,1.356159789928908
2022-02-06,8714,3661,2347.4788487186274,3246.943227659196,4087.1980681554755,0.6412124689206848,0.8869006357987425,1.1164157520228013
2022-02-07,12455,4798,2311.858566762838,3197.6746119582317,4025.1795551127175,0.48183796722860317,0.6664599024506527,0.8389286275766398
2022-02-08,11629,4908,2498.3119258582055,3455.569788274505,4349.813708690571,0.5090285097510606,0.7040688240168103,0.8862701117951448
2022-02-09,11373,4157,2154.0510747925464,2979.4013067028886,3750.4207530585463,0.5181744226106679,0.7167191019251596,0.9021940709787217
2022-02-10,10672,3293,1795.4407626182774,2483.3851977106506,3126.0439345243285,0.5452295058057326,0.7541406613151079,0.9492997068096959
2022-02-11,7904,2613,1811.4980377413438,2505.5950083523776,3154.001274331101,0.6932636960357229,0.9588959082864056,1.2070422021933032
2022-02-12,5941,2219,1933.061466845013,2673.73690793739,3365.655497695916,0.8711408142609343,1.2049287552669625,1.5167442531302011
2022-02-13,6372,2456,2022.9434951791825,2798.0583020778336,3522.149198488935,0.8236740615550417,1.1392745529632873,1.434099836518296
2022-02-14,9297,3575,2176.5957900993358,3010.584297222629,3789.673382277899,0.6088379832445695,0.8421214817405956,1.0600484985392724
2022-02-15,8245,3604,2415.506763099795,3341.036844737911,4205.641546524248,0.6702294015260253,0.9270357504822173,1.166937166072211
2022-02-16,8101,3051,2073.8975825929265,2868.5360527676517,3610.865417489485,0.6797435537833256,0.940195363083465,1.183502267285967
2022-02-17,7841,2561,1786.8513263345512,2471.504616982062,3111.0888573339403,0.6977162539377396,0.9650545165880758,1.2147945557727218
2022-02-18,5720,1845,1656.744551190497,2291.5458869355025,2884.5598045533434,0.8979645263905134,1.2420302910219527,1.5634470485383976
2022-02-19,4617,1842,1963.2595997027818,2715.5058137675774,3418.23350083556,1.065830401575886,1.474215968386307,1.8557185129400433
2022-02-20,5419,2164,2029.074248191578,2806.5381258619395,3532.8234594656756,0.9376498374267921,1.2969214999362013,1.632543188292826
2022-02-21,7281,2418,1790.1089963416712,2476.0105019119055,3116.760790253403,0.7403263012165721,1.0239911091447085,1.2889829570940459
2022-02-22,5876,2285,2008.1529066173646,2777.600523985349,3496.3972880809915,0.8788415346246672,1.2155800980242226,1.5301519860310686
2022-02-23,5711,1968,1769.4217827999255,2447.3967370018718,3080.7422594498144,0.8990964343495556,1.2435959029481056,1.5654178147610844
2022-02-24,5703,1614,1452.7699116477168,2009.4159436394555,2529.419329849161,0.9001052736355123,1.244991290978597,1.5671743059784145
2022-02-25,4092,1158,1359.3649343162526,1880.2217407857838,2366.791818588025,1.17389027143027,1.6236802597459272,2.043861674082923
2022-02-26,2902,1029,1590.133004288582,2199.4113353440644,2768.582365198366,1.545318760241576,2.137425981869839,2.6905562344007445
2022-02-27,3463,1186,1591.1044825406054,2200.755047017099,2770.273807077424,1.3415720763411512,1.855611338125716,2.33581265352228
2022-02-28,5273,1598,1531.4631855746918,2118.2614793421494,2666.432277738649,0.9583624440392314,1.32557038757331,1.6686059310004062
2022-03-01,3976,1349,1620.4321551980383,2241.3199654912473,2821.3362509816097,1.2012099000726748,1.661467728310784,2.0914279102902964
2022-03-02,4244,1299,1481.0334054405532,2048.50893048819,2578.6289307333013,1.1401334914861843,1.5769891689670437,1.9850877064921488
2022-03-03,4299,1116,1259.3494069166047,1741.8840771564344,2192.6546711557803,1.1284492893517963,1.5608280261258372,1.964744328992635
2022-03-04,3102,912,1336.1567408601597,1848.121052590191,2326.3840068154514,1.46508414568,2.026448522576964,2.5508596565958896
2022-03-05,2270,732,1376.7858655912664,1904.3177086168885,2397.1234216572375,1.8808550076383421,2.6015269243400114,3.274758772755789
2022-03-06,2921,915,1406.6040125072047,1945.5610323822552,2449.0398308454714,1.5372721448166173,2.1262962102538308,2.6765462632190946
2022-03-07,3315,942,1308.6999326699356,1810.1438425058284,2278.578927142825,1.3892780601591674,1.9215964357811344,2.41887359569302
