,Dato,0-9,10-19,20-29,30-39,40-49,50-59,60-69,70-79,80-89,90+,I alt
0,2020-05-07,10.0,9.0,18.0,20.0,31.0,23.0,13.0,8.0,9.0,4.0,145.0
1,2020-05-08,8.0,12.0,22.0,19.0,20.0,21.0,14.0,8.0,11.0,0.0,135.0
2,2020-05-09,5.0,6.0,21.0,12.0,16.0,16.0,13.0,10.0,2.0,0.0,101.0
3,2020-05-10,1.0,10.0,18.0,24.0,17.0,18.0,11.0,8.0,3.0,0.0,110.0
4,2020-05-11,7.0,12.0,15.0,6.0,17.0,13.0,5.0,4.0,3.0,2.0,84.0
5,2020-05-12,4.0,6.0,14.0,7.0,11.0,23.0,5.0,4.0,3.0,1.0,78.0
6,2020-05-13,5.0,10.0,7.0,19.0,15.0,12.0,5.0,1.0,1.0,1.0,76.0
7,2020-05-14,1.0,3.0,7.0,14.0,4.0,12.0,3.0,0.0,2.0,0.0,46.0
8,2020-05-15,5.0,8.0,10.0,12.0,13.0,11.0,9.0,5.0,2.0,3.0,78.0
9,2020-05-16,5.0,9.0,8.0,14.0,7.0,6.0,6.0,7.0,4.0,1.0,67.0
10,2020-05-17,3.0,3.0,14.0,18.0,7.0,7.0,11.0,2.0,4.0,0.0,69.0
11,2020-05-18,4.0,6.0,7.0,9.0,1.0,8.0,3.0,2.0,1.0,0.0,41.0
12,2020-05-19,8.0,4.0,14.0,14.0,11.0,6.0,12.0,5.0,2.0,0.0,76.0
13,2020-05-20,5.0,5.0,14.0,13.0,14.0,10.0,5.0,2.0,3.0,2.0,73.0
14,2020-05-21,6.0,5.0,12.0,10.0,5.5,9.5,5.5,2.0,1.0,0.0,56.5
15,2020-05-22,6.0,5.0,12.0,10.0,5.5,9.5,5.5,2.0,1.0,0.0,56.5
16,2020-05-23,2.6666666666666665,3.0,9.333333333333334,8.666666666666666,9.0,9.666666666666666,3.0,3.0,2.6666666666666665,1.3333333333333333,52.333333333333336
17,2020-05-24,2.6666666666666665,3.0,9.333333333333334,8.666666666666666,9.0,9.666666666666666,3.0,3.0,2.6666666666666665,1.3333333333333333,52.333333333333336
18,2020-05-25,2.6666666666666665,3.0,9.333333333333334,8.666666666666666,9.0,9.666666666666666,3.0,3.0,2.6666666666666665,1.3333333333333333,52.333333333333336
19,2020-05-26,2.0,4.0,8.0,6.0,6.0,7.0,1.0,3.0,4.0,0.0,41.0
20,2020-05-27,3.0,8.0,8.0,9.0,7.0,7.0,2.0,3.0,4.0,1.0,52.0
21,2020-05-28,2.0,3.0,10.0,3.0,2.0,4.0,4.0,3.0,1.0,0.0,32.0
22,2020-05-29,6.0,6.0,12.0,13.0,9.0,7.0,8.0,12.0,5.0,3.0,81.0
23,2020-05-30,1.25,3.5,6.0,5.0,5.5,4.5,4.5,2.75,2.0,0.25,35.25
24,2020-05-31,1.25,3.5,6.0,5.0,5.5,4.5,4.5,2.75,2.0,0.25,35.25
25,2020-06-01,1.25,3.5,6.0,5.0,5.5,4.5,4.5,2.75,2.0,0.25,35.25
26,2020-06-02,1.25,3.5,6.0,5.0,5.5,4.5,4.5,2.75,2.0,0.25,35.25
27,2020-06-03,2.0,3.0,8.0,7.0,2.0,7.0,5.0,1.0,1.0,1.0,37.0
28,2020-06-04,4.0,3.0,6.0,3.0,9.0,7.0,6.0,2.0,0.0,0.0,40.0
29,2020-06-05,2.5,3.0,7.25,6.25,4.25,6.75,3.25,2.5,1.5,0.5,37.75
30,2020-06-06,2.5,3.0,7.25,6.25,4.25,6.75,3.25,2.5,1.5,0.5,37.75
31,2020-06-07,2.5,3.0,7.25,6.25,4.25,6.75,3.25,2.5,1.5,0.5,37.75
32,2020-06-08,2.5,3.0,7.25,6.25,4.25,6.75,3.25,2.5,1.5,0.5,37.75
33,2020-06-09,2.5,5.0,5.5,4.0,2.0,4.5,2.0,1.5,0.0,0.0,27.0
34,2020-06-10,2.5,5.0,5.5,4.0,2.0,4.5,2.0,1.5,0.0,0.0,27.0
35,2020-06-11,2.0,2.0,1.0,5.0,2.0,3.0,1.0,0.0,3.0,0.0,19.0
36,2020-06-12,8.0,3.0,14.0,10.0,10.0,7.0,5.0,5.0,2.0,0.0,64.0
37,2020-06-13,2.3333333333333335,2.6666666666666665,4.0,7.333333333333333,5.666666666666667,5.333333333333333,4.0,5.0,3.0,0.0,39.333333333333336
38,2020-06-14,2.3333333333333335,2.6666666666666665,4.0,7.333333333333333,5.666666666666667,5.333333333333333,4.0,5.0,3.0,0.0,39.333333333333336
39,2020-06-15,2.3333333333333335,2.6666666666666665,4.0,7.333333333333333,5.666666666666667,5.333333333333333,4.0,5.0,3.0,0.0,39.333333333333336
40,2020-06-16,3.0,2.0,5.0,5.0,6.0,3.0,4.0,2.0,2.0,1.0,33.0
41,2020-06-17,1.0,2.0,8.0,8.0,9.0,8.0,2.0,3.0,2.0,1.0,44.0
42,2020-06-18,4.0,6.0,6.0,5.0,8.0,12.0,3.0,6.0,0.0,0.0,50.0
43,2020-06-19,2.0,4.0,7.0,8.0,10.0,10.0,6.0,0.0,0.0,0.0,47.0
44,2020-06-20,2.0,5.0,7.666666666666667,6.666666666666667,8.0,8.0,2.6666666666666665,3.6666666666666665,1.3333333333333333,0.3333333333333333,45.333333333333336
45,2020-06-21,2.0,5.0,7.666666666666667,6.666666666666667,8.0,8.0,2.6666666666666665,3.6666666666666665,1.3333333333333333,0.3333333333333333,45.333333333333336
46,2020-06-22,2.0,5.0,7.666666666666667,6.666666666666667,8.0,8.0,2.6666666666666665,3.6666666666666665,1.3333333333333333,0.3333333333333333,45.333333333333336
47,2020-06-23,1.0,4.0,10.0,5.0,5.0,3.0,2.0,3.0,1.0,0.0,34.0
48,2020-06-24,8.0,8.0,2.0,9.0,9.0,5.0,6.0,5.0,2.0,0.0,54.0
49,2020-06-25,1.0,4.0,6.0,2.0,2.0,0.0,2.0,2.0,1.0,1.0,21.0
50,2020-06-26,0.0,0.0,3.0,7.0,5.0,4.0,7.0,10.0,2.0,1.0,39.0
51,2020-06-27,3.0,2.0,4.0,3.6666666666666665,3.0,3.0,1.3333333333333333,2.6666666666666665,2.6666666666666665,0.0,25.333333333333332
52,2020-06-28,3.0,2.0,4.0,3.6666666666666665,3.0,3.0,1.3333333333333333,2.6666666666666665,2.6666666666666665,0.0,25.333333333333332
53,2020-06-29,3.0,2.0,4.0,3.6666666666666665,3.0,3.0,1.3333333333333333,2.6666666666666665,2.6666666666666665,0.0,25.333333333333332
54,2020-06-30,1.0,1.0,5.0,3.0,2.0,1.0,1.0,3.0,0.0,0.0,17.0
55,2020-07-01,2.0,2.0,6.0,8.0,2.0,4.0,2.0,0.0,0.0,0.0,26.0
56,2020-07-02,0.0,2.0,2.0,4.0,3.0,3.0,4.0,2.0,1.0,0.0,21.0
57,2020-07-03,2.0,0.0,6.0,1.0,3.0,1.0,1.0,2.0,1.0,0.0,17.0
58,2020-07-04,2.0,1.6666666666666667,2.0,3.3333333333333335,2.0,2.6666666666666665,0.3333333333333333,0.6666666666666666,0.0,0.6666666666666666,15.333333333333334
59,2020-07-05,2.0,1.6666666666666667,2.0,3.3333333333333335,2.0,2.6666666666666665,0.3333333333333333,0.6666666666666666,0.0,0.6666666666666666,15.333333333333334
60,2020-07-06,2.0,1.6666666666666667,2.0,3.3333333333333335,2.0,2.6666666666666665,0.3333333333333333,0.6666666666666666,0.0,0.6666666666666666,15.333333333333334
61,2020-07-07,0.0,0.0,2.0,1.0,0.0,4.0,2.0,1.0,0.0,0.0,10.0
62,2020-07-08,0.0,0.0,2.0,1.0,5.0,2.0,0.0,1.0,0.0,1.0,12.0
63,2020-07-09,1.0,0.0,2.0,3.0,2.0,6.0,0.0,2.0,0.0,0.0,16.0
64,2020-07-10,1.0,0.0,9.0,4.0,2.0,8.0,4.0,1.0,0.0,1.0,30.0
65,2020-07-11,1.0,5.0,9.333333333333334,5.333333333333333,3.6666666666666665,2.6666666666666665,1.6666666666666667,1.3333333333333333,0.3333333333333333,0.0,30.333333333333332
66,2020-07-12,1.0,5.0,9.333333333333334,5.333333333333333,3.6666666666666665,2.6666666666666665,1.6666666666666667,1.3333333333333333,0.3333333333333333,0.0,30.333333333333332
67,2020-07-13,1.0,5.0,9.333333333333334,5.333333333333333,3.6666666666666665,2.6666666666666665,1.6666666666666667,1.3333333333333333,0.3333333333333333,0.0,30.333333333333332
68,2020-07-14,1.0,6.0,4.0,2.0,3.0,6.0,2.0,0.0,0.0,0.0,24.0
69,2020-07-15,1.0,8.0,9.0,1.0,4.0,4.0,3.0,0.0,0.0,1.0,31.0
70,2020-07-16,0.0,5.0,4.0,3.0,5.0,8.0,4.0,1.0,0.0,2.0,32.0
71,2020-07-17,2.0,7.0,7.0,9.0,12.0,4.0,4.0,2.0,1.0,1.0,49.0
72,2020-07-18,2.3333333333333335,3.3333333333333335,6.0,4.333333333333333,5.666666666666667,2.3333333333333335,2.0,2.0,1.3333333333333333,0.3333333333333333,29.666666666666668
73,2020-07-19,2.3333333333333335,3.3333333333333335,6.0,4.333333333333333,5.666666666666667,2.3333333333333335,2.0,2.0,1.3333333333333333,0.3333333333333333,29.666666666666668
74,2020-07-20,2.3333333333333335,3.3333333333333335,6.0,4.333333333333333,5.666666666666667,2.3333333333333335,2.0,2.0,1.3333333333333333,0.3333333333333333,29.666666666666668
75,2020-07-21,0.0,6.0,6.0,8.0,10.0,6.0,3.0,1.0,0.0,0.0,40.0
76,2020-07-22,5.0,9.0,10.0,5.0,8.0,4.0,3.0,2.0,2.0,0.0,48.0
77,2020-07-23,1.0,4.0,9.0,5.0,4.0,9.0,7.0,3.0,0.0,0.0,42.0
78,2020-07-24,3.0,10.0,12.0,2.0,6.0,5.0,5.0,2.0,1.0,0.0,46.0
79,2020-07-25,1.0,3.6666666666666665,5.333333333333333,3.6666666666666665,8.0,9.666666666666666,2.3333333333333335,2.0,0.3333333333333333,0.3333333333333333,36.333333333333336
80,2020-07-26,1.0,3.6666666666666665,5.333333333333333,3.6666666666666665,8.0,9.666666666666666,2.3333333333333335,2.0,0.3333333333333333,0.3333333333333333,36.333333333333336
81,2020-07-27,1.0,3.6666666666666665,5.333333333333333,3.6666666666666665,8.0,9.666666666666666,2.3333333333333335,2.0,0.3333333333333333,0.3333333333333333,36.333333333333336
82,2020-07-28,3.0,5.0,4.0,2.0,5.0,3.0,5.0,2.0,1.0,0.0,30.0
83,2020-07-29,3.0,4.0,11.0,9.0,13.0,11.0,3.0,3.0,0.0,0.0,57.0
84,2020-07-30,0.0,3.0,21.0,29.0,16.0,8.0,7.0,4.0,3.0,0.0,91.0
85,2020-07-31,3.0,3.0,21.0,10.0,16.0,6.0,3.0,1.0,1.0,0.0,64.0
86,2020-08-01,2.0,8.0,14.0,12.666666666666666,14.0,9.666666666666666,5.0,3.0,0.6666666666666666,0.0,69.0
87,2020-08-02,2.0,8.0,14.0,12.666666666666666,14.0,9.666666666666666,5.0,3.0,0.6666666666666666,0.0,69.0
88,2020-08-03,2.0,8.0,14.0,12.666666666666666,14.0,9.666666666666666,5.0,3.0,0.6666666666666666,0.0,69.0
89,2020-08-04,1.0,12.0,21.0,15.0,9.0,9.0,6.0,3.0,1.0,0.0,77.0
90,2020-08-05,5.0,18.0,22.0,19.0,20.0,20.0,5.0,3.0,0.0,0.0,112.0
91,2020-08-06,4.0,16.0,24.0,21.0,16.0,26.0,6.0,7.0,1.0,0.0,121.0
92,2020-08-07,10.0,19.0,30.0,22.0,17.0,19.0,11.0,6.0,1.0,1.0,136.0
93,2020-08-08,7.333333333333333,23.0,27.0,19.666666666666668,14.666666666666666,22.333333333333332,9.0,1.0,0.0,0.3333333333333333,124.33333333333333
94,2020-08-09,7.333333333333333,23.0,27.0,19.666666666666668,14.666666666666666,22.333333333333332,9.0,1.0,0.0,0.3333333333333333,124.33333333333333
95,2020-08-10,7.333333333333333,23.0,27.0,19.666666666666668,14.666666666666666,22.333333333333332,9.0,1.0,0.0,0.3333333333333333,124.33333333333333
96,2020-08-11,14.0,24.0,42.0,19.0,14.0,17.0,6.0,7.0,1.0,0.0,144.0
97,2020-08-12,6.0,19.0,24.0,17.0,17.0,18.0,7.0,3.0,0.0,0.0,111.0
98,2020-08-13,14.0,27.0,38.0,15.0,16.0,23.0,7.0,4.0,0.0,0.0,144.0
99,2020-08-14,8.0,30.0,53.0,26.0,18.0,20.0,7.0,2.0,1.0,0.0,165.0
100,2020-08-15,6.333333333333333,27.0,27.333333333333332,20.0,16.333333333333332,13.333333333333334,5.666666666666667,2.6666666666666665,1.3333333333333333,0.3333333333333333,120.33333333333333
101,2020-08-16,6.333333333333333,27.0,27.333333333333332,20.0,16.333333333333332,13.333333333333334,5.666666666666667,2.6666666666666665,1.3333333333333333,0.3333333333333333,120.33333333333333
102,2020-08-17,6.333333333333333,27.0,27.333333333333332,20.0,16.333333333333332,13.333333333333334,5.666666666666667,2.6666666666666665,1.3333333333333333,0.3333333333333333,120.33333333333333
103,2020-08-18,14.0,29.0,26.0,15.0,15.0,10.0,2.0,2.0,1.0,1.0,115.0
104,2020-08-19,12.0,17.0,18.0,11.0,7.0,13.0,4.0,3.0,0.0,0.0,85.0
105,2020-08-20,6.0,22.0,36.0,20.0,12.0,10.0,6.0,2.0,1.0,1.0,116.0
106,2020-08-21,5.0,11.0,22.0,7.0,6.0,8.0,9.0,1.0,2.0,0.0,71.0
107,2020-08-22,8.0,19.333333333333332,24.0,11.333333333333334,9.333333333333334,10.666666666666666,5.333333333333333,1.6666666666666667,0.3333333333333333,0.0,90.0
108,2020-08-23,8.0,19.333333333333332,24.0,11.333333333333334,9.333333333333334,10.666666666666666,5.333333333333333,1.6666666666666667,0.3333333333333333,0.0,90.0
109,2020-08-24,8.0,19.333333333333332,24.0,11.333333333333334,9.333333333333334,10.666666666666666,5.333333333333333,1.6666666666666667,0.3333333333333333,0.0,90.0
110,2020-08-25,4.0,20.0,32.0,9.0,7.0,3.0,3.0,3.0,1.0,1.0,83.0
111,2020-08-26,3.0,9.0,15.0,10.0,6.0,7.0,3.0,4.0,0.0,0.0,57.0
112,2020-08-27,2.0,10.0,40.0,8.0,12.0,8.0,7.0,2.0,1.0,0.0,90.0
113,2020-08-28,4.0,16.0,16.0,15.0,6.0,8.0,2.0,4.0,1.0,1.0,73.0
114,2020-08-29,3.3333333333333335,13.333333333333334,23.0,15.333333333333334,16.666666666666668,12.0,7.333333333333333,2.3333333333333335,1.3333333333333333,0.3333333333333333,95.0
115,2020-08-30,3.3333333333333335,13.333333333333334,23.0,15.333333333333334,16.666666666666668,12.0,7.333333333333333,2.3333333333333335,1.3333333333333333,0.3333333333333333,95.0
116,2020-08-31,3.3333333333333335,13.333333333333334,23.0,15.333333333333334,16.666666666666668,12.0,7.333333333333333,2.3333333333333335,1.3333333333333333,0.3333333333333333,95.0
117,2020-09-01,5.0,12.0,25.0,16.0,17.0,14.0,5.0,5.0,0.0,0.0,99.0
118,2020-09-02,3.0,14.0,29.0,15.0,18.0,11.0,16.0,4.0,1.0,0.0,111.0
119,2020-09-03,5.0,20.0,66.0,28.0,27.0,24.0,4.0,4.0,1.0,0.0,179.0
120,2020-09-04,9.0,19.0,51.0,29.0,28.0,12.0,16.0,7.0,1.0,1.0,173.0
121,2020-09-05,8.0,25.333333333333332,46.666666666666664,34.333333333333336,28.666666666666668,23.333333333333332,12.666666666666666,6.666666666666667,2.6666666666666665,0.3333333333333333,188.66666666666666
122,2020-09-06,8.0,25.333333333333332,46.666666666666664,34.333333333333336,28.666666666666668,23.333333333333332,12.666666666666666,6.666666666666667,2.6666666666666665,0.3333333333333333,188.66666666666666
123,2020-09-07,8.0,25.333333333333332,46.666666666666664,34.333333333333336,28.666666666666668,23.333333333333332,12.666666666666666,6.666666666666667,2.6666666666666665,0.3333333333333333,188.66666666666666
124,2020-09-08,18.0,39.0,55.0,39.0,34.0,34.0,15.0,7.0,2.0,0.0,243.0
125,2020-09-09,17.0,53.0,43.0,33.0,39.0,26.0,24.0,14.0,2.0,0.0,251.0
126,2020-09-10,19.0,55.0,65.0,52.0,30.0,52.0,23.0,15.0,6.0,0.0,317.0
127,2020-09-11,18.0,47.0,58.0,40.0,43.0,47.0,20.0,13.0,6.0,0.0,292.0
128,2020-09-12,17.333333333333332,59.666666666666664,69.66666666666667,42.0,50.0,52.666666666666664,26.333333333333332,14.333333333333334,6.333333333333333,2.0,340.3333333333333
129,2020-09-13,17.333333333333332,59.666666666666664,69.66666666666667,42.0,50.0,52.666666666666664,26.333333333333332,14.333333333333334,6.333333333333333,2.0,340.3333333333333
130,2020-09-14,17.333333333333332,59.666666666666664,69.66666666666667,42.0,50.0,52.666666666666664,26.333333333333332,14.333333333333334,6.333333333333333,2.0,340.3333333333333
131,2020-09-15,14.0,54.0,71.0,36.0,59.0,45.0,23.0,26.0,5.0,1.0,334.0
132,2020-09-16,13.5,64.0,90.5,67.5,56.0,64.5,35.0,14.5,5.0,0.5,411.0
133,2020-09-17,13.5,64.0,90.5,67.5,56.0,64.5,35.0,14.5,5.0,0.5,411.0
134,2020-09-18,9.0,76.0,106.0,61.0,69.0,71.0,32.0,14.0,10.0,6.0,454.0
135,2020-09-19,21.0,79.66666666666667,124.0,58.0,72.0,70.0,30.0,25.666666666666668,10.0,1.6666666666666667,492.0
136,2020-09-20,21.0,79.66666666666667,124.0,58.0,72.0,70.0,30.0,25.666666666666668,10.0,1.6666666666666667,492.0
137,2020-09-21,21.0,79.66666666666667,124.0,58.0,72.0,70.0,30.0,25.666666666666668,10.0,1.6666666666666667,492.0
138,2020-09-22,25.0,79.0,103.0,66.0,75.0,68.0,40.0,11.0,7.0,2.0,476.0
139,2020-09-23,19.0,100.0,141.0,57.0,90.0,76.0,46.0,26.0,2.0,1.0,558.0
140,2020-09-24,35.0,105.0,127.0,62.0,72.0,79.0,41.0,26.0,8.0,4.0,559.0
141,2020-09-25,39.0,129.0,171.0,87.0,92.0,88.0,40.0,16.0,14.0,2.0,678.0
142,2020-09-26,26.0,100.0,117.0,59.666666666666664,64.33333333333333,63.666666666666664,31.666666666666668,17.666666666666668,9.333333333333334,3.3333333333333335,492.6666666666667
143,2020-09-27,26.0,100.0,117.0,59.666666666666664,64.33333333333333,63.666666666666664,31.666666666666668,17.666666666666668,9.333333333333334,3.3333333333333335,492.6666666666667
144,2020-09-28,26.0,100.0,117.0,59.666666666666664,64.33333333333333,63.666666666666664,31.666666666666668,17.666666666666668,9.333333333333334,3.3333333333333335,492.6666666666667
145,2020-09-29,18.0,82.0,84.0,56.0,56.0,49.0,29.0,11.0,5.0,2.0,392.0
146,2020-09-30,29.0,106.0,126.0,72.0,80.0,54.0,39.0,25.0,3.0,0.0,534.0
147,2020-10-01,29.0,80.0,82.0,38.0,64.0,64.0,23.0,15.0,3.0,0.0,398.0
148,2020-10-02,28.0,87.0,112.0,65.0,91.0,69.0,46.0,23.0,12.0,3.0,536.0
149,2020-10-03,28.0,72.0,70.0,50.333333333333336,56.666666666666664,54.666666666666664,22.333333333333332,16.666666666666668,3.3333333333333335,1.0,375.0
150,2020-10-04,28.0,72.0,70.0,50.333333333333336,56.666666666666664,54.666666666666664,22.333333333333332,16.666666666666668,3.3333333333333335,1.0,375.0
151,2020-10-05,28.0,72.0,70.0,50.333333333333336,56.666666666666664,54.666666666666664,22.333333333333332,16.666666666666668,3.3333333333333335,1.0,375.0
152,2020-10-06,27.0,49.0,54.0,43.0,45.0,61.0,21.0,13.0,6.0,3.0,322.0
153,2020-10-07,13.0,63.0,69.0,37.0,60.0,46.0,18.0,19.0,5.0,1.0,331.0
154,2020-10-08,29.0,83.0,101.0,53.0,61.0,56.0,26.0,23.0,13.0,1.0,446.0
155,2020-10-09,20.0,74.0,100.0,66.0,80.0,78.0,29.0,21.0,10.0,4.0,482.0
156,2020-10-10,19.0,73.0,71.66666666666667,47.666666666666664,59.333333333333336,58.666666666666664,33.0,19.666666666666668,8.333333333333334,0.6666666666666666,391.0
157,2020-10-11,19.0,73.0,71.66666666666667,47.666666666666664,59.333333333333336,58.666666666666664,33.0,19.666666666666668,8.333333333333334,0.6666666666666666,391.0
158,2020-10-12,19.0,73.0,71.66666666666667,47.666666666666664,59.333333333333336,58.666666666666664,33.0,19.666666666666668,8.333333333333334,0.6666666666666666,391.0
159,2020-10-13,27.0,44.0,57.0,35.0,37.0,35.0,25.0,20.0,9.0,1.0,290.0
160,2020-10-14,22.0,56.0,96.0,68.0,77.0,73.0,51.0,40.0,7.0,2.0,492.0
161,2020-10-15,24.0,59.0,84.0,69.0,55.0,66.0,38.0,25.0,8.0,2.0,430.0
162,2020-10-16,21.0,46.0,96.0,55.0,54.0,78.0,34.0,17.0,15.0,2.0,418.0
163,2020-10-17,24.666666666666668,79.66666666666667,96.0,68.66666666666667,62.666666666666664,69.0,34.333333333333336,22.333333333333332,8.333333333333334,2.0,467.6666666666667
164,2020-10-18,24.666666666666668,79.66666666666667,96.0,68.66666666666667,62.666666666666664,69.0,34.333333333333336,22.333333333333332,8.333333333333334,2.0,467.6666666666667
165,2020-10-19,24.666666666666668,79.66666666666667,96.0,68.66666666666667,62.666666666666664,69.0,34.333333333333336,22.333333333333332,8.333333333333334,2.0,467.6666666666667
166,2020-10-20,23.0,106.0,95.0,86.0,86.0,80.0,22.0,20.0,8.0,3.0,529.0
167,2020-10-21,30.0,86.0,126.0,109.0,105.0,103.0,44.0,20.0,6.0,1.0,630.0
168,2020-10-22,37.0,133.0,161.0,100.0,117.0,100.0,60.0,37.0,11.0,4.0,760.0
169,2020-10-23,49.0,181.0,177.0,119.0,106.0,123.0,67.0,24.0,10.0,3.0,859.0
170,2020-10-24,46.0,172.33333333333334,197.33333333333334,134.33333333333334,129.66666666666666,131.0,64.33333333333333,41.333333333333336,10.666666666666666,3.0,930.0
171,2020-10-25,46.0,172.33333333333334,197.33333333333334,134.33333333333334,129.66666666666666,131.0,64.33333333333333,41.333333333333336,10.666666666666666,3.0,930.0
172,2020-10-26,46.0,172.33333333333334,197.33333333333334,134.33333333333334,129.66666666666666,131.0,64.33333333333333,41.333333333333336,10.666666666666666,3.0,930.0
173,2020-10-27,52.0,141.0,154.0,105.0,124.0,86.0,46.0,29.0,7.0,1.0,745.0
174,2020-10-28,57.0,235.0,185.0,151.0,153.0,127.0,71.0,26.0,12.0,0.0,1017.0
175,2020-10-29,44.0,147.0,188.0,122.0,136.0,123.0,48.0,30.0,17.0,5.0,860.0
176,2020-10-30,73.0,233.0,245.0,158.0,188.0,153.0,81.0,41.0,14.0,5.0,1191.0
177,2020-10-31,56.0,192.33333333333334,199.33333333333334,139.33333333333334,157.33333333333334,135.66666666666666,67.0,42.333333333333336,10.333333333333334,5.666666666666667,1005.3333333333334
178,2020-11-01,56.0,192.33333333333334,199.33333333333334,139.33333333333334,157.33333333333334,135.66666666666666,67.0,42.333333333333336,10.333333333333334,5.666666666666667,1005.3333333333334
179,2020-11-02,56.0,192.33333333333334,199.33333333333334,139.33333333333334,157.33333333333334,135.66666666666666,67.0,42.333333333333336,10.333333333333334,5.666666666666667,1005.3333333333334
180,2020-11-03,91.0,277.0,230.0,180.0,211.0,200.0,85.0,56.0,21.0,2.0,1353.0
181,2020-11-04,80.0,152.0,166.0,125.0,160.0,130.0,65.0,40.0,15.0,3.0,936.0
182,2020-11-05,90.0,216.0,220.0,152.0,200.0,190.0,82.0,53.0,18.0,2.0,1223.0
183,2020-11-06,100.0,289.0,289.0,189.0,192.0,194.0,98.0,61.0,14.0,1.0,1427.0
184,2020-11-07,63.333333333333336,166.33333333333334,179.0,110.0,131.33333333333334,132.66666666666666,69.0,38.0,11.0,3.3333333333333335,904.0
185,2020-11-08,63.333333333333336,166.33333333333334,179.0,110.0,131.33333333333334,132.66666666666666,69.0,38.0,11.0,3.3333333333333335,904.0
186,2020-11-09,63.333333333333336,166.33333333333334,179.0,110.0,131.33333333333334,132.66666666666666,69.0,38.0,11.0,3.3333333333333335,904.0
187,2020-11-10,78.0,202.0,221.0,150.0,144.0,139.0,80.0,33.0,16.0,3.0,1066.0
188,2020-11-11,66.0,170.0,182.0,127.0,158.0,156.0,72.0,43.0,18.0,2.0,994.0
189,2020-11-12,71.0,194.0,205.0,129.0,148.0,142.0,66.0,29.0,20.0,7.0,1011.0
190,2020-11-13,66.0,178.0,202.0,149.0,153.0,153.0,84.0,38.0,12.0,2.0,1037.0
191,2020-11-14,75.0,203.33333333333334,215.66666666666666,146.33333333333334,162.66666666666666,163.0,80.33333333333333,41.333333333333336,16.666666666666668,6.0,1110.3333333333333
192,2020-11-15,75.0,203.33333333333334,215.66666666666666,146.33333333333334,162.66666666666666,163.0,80.33333333333333,41.333333333333336,16.666666666666668,6.0,1110.3333333333333
193,2020-11-16,75.0,203.33333333333334,215.66666666666666,146.33333333333334,162.66666666666666,163.0,80.33333333333333,41.333333333333336,16.666666666666668,6.0,1110.3333333333333
194,2020-11-17,74.0,224.0,240.0,165.0,203.0,170.0,87.0,41.0,13.0,3.0,1220.0
195,2020-11-18,90.0,265.0,212.0,137.0,178.0,184.0,121.0,55.0,11.0,4.0,1257.0
196,2020-11-19,88.0,243.0,266.0,173.0,180.0,189.0,88.0,40.0,27.0,3.0,1297.0
197,2020-11-20,76.0,211.0,250.0,195.0,191.0,167.0,88.0,52.0,20.0,7.0,1257.0
198,2020-11-21,70.66666666666667,202.0,194.33333333333334,150.33333333333334,161.33333333333334,159.66666666666666,76.0,49.333333333333336,27.0,6.666666666666667,1097.3333333333333
199,2020-11-22,70.66666666666667,202.0,194.33333333333334,150.33333333333334,161.33333333333334,159.66666666666666,76.0,49.333333333333336,27.0,6.666666666666667,1097.3333333333333
200,2020-11-23,70.66666666666667,202.0,194.33333333333334,150.33333333333334,161.33333333333334,159.66666666666666,76.0,49.333333333333336,27.0,6.666666666666667,1097.3333333333333
201,2020-11-24,84.0,282.0,234.0,181.0,202.0,189.0,115.0,46.0,26.0,8.0,1367.0
202,2020-11-25,60.0,237.0,215.0,156.0,184.0,164.0,82.0,60.0,19.0,6.0,1183.0
203,2020-11-26,61.0,250.0,202.0,164.0,161.0,170.0,85.0,64.0,24.0,10.0,1191.0
204,2020-11-27,82.0,234.0,266.0,181.0,211.0,182.0,88.0,52.0,25.0,2.0,1323.0
205,2020-11-28,91.66666666666667,239.33333333333334,239.0,164.66666666666666,179.0,166.66666666666666,88.0,56.0,23.333333333333332,6.666666666666667,1254.3333333333333
206,2020-11-29,91.66666666666667,239.33333333333334,239.0,164.66666666666666,179.0,166.66666666666666,88.0,56.0,23.333333333333332,6.666666666666667,1254.3333333333333
207,2020-11-30,91.66666666666667,239.33333333333334,239.0,164.66666666666666,179.0,166.66666666666666,88.0,56.0,23.333333333333332,6.666666666666667,1254.3333333333333
208,2020-12-01,101.0,300.0,268.0,172.0,216.0,212.0,122.0,52.0,20.0,5.0,1468.0
209,2020-12-02,99.0,313.0,310.0,207.0,244.0,225.0,90.0,54.0,29.0,15.0,1586.0
210,2020-12-03,104.0,357.0,316.0,189.0,239.0,212.0,96.0,69.0,18.0,5.0,1605.0
211,2020-12-04,81.0,315.0,331.0,199.0,242.0,239.0,98.0,66.0,25.0,7.0,1603.0
212,2020-12-05,115.66666666666667,417.3333333333333,398.0,250.0,290.0,255.0,121.66666666666667,81.33333333333333,30.333333333333332,9.333333333333334,1968.6666666666667
213,2020-12-06,115.66666666666667,417.3333333333333,398.0,250.0,290.0,255.0,121.66666666666667,81.33333333333333,30.333333333333332,9.333333333333334,1968.6666666666667
214,2020-12-07,115.66666666666667,417.3333333333333,398.0,250.0,290.0,255.0,121.66666666666667,81.33333333333333,30.333333333333332,9.333333333333334,1968.6666666666667
215,2020-12-08,126.0,475.0,372.0,310.0,322.0,294.0,132.0,78.0,32.0,9.0,2150.0
216,2020-12-09,150.0,487.0,521.0,340.0,378.0,345.0,176.0,94.0,47.0,20.0,2558.0
217,2020-12-10,191.0,640.0,671.0,388.0,456.0,433.0,212.0,99.0,34.0,8.0,3132.0
218,2020-12-11,185.0,525.0,722.0,409.0,462.0,394.0,216.0,96.0,55.0,11.0,3075.0
219,2020-12-12,184.66666666666666,551.6666666666666,676.6666666666666,458.3333333333333,448.3333333333333,448.6666666666667,221.0,114.33333333333333,57.0,16.333333333333332,3177.0
220,2020-12-13,184.66666666666666,551.6666666666666,676.6666666666666,458.3333333333333,448.3333333333333,448.6666666666667,221.0,114.33333333333333,57.0,16.333333333333332,3177.0
221,2020-12-14,184.66666666666666,551.6666666666666,676.6666666666666,458.3333333333333,448.3333333333333,448.6666666666667,221.0,114.33333333333333,57.0,16.333333333333332,3177.0
222,2020-12-15,199.0,529.0,625.0,403.0,444.0,407.0,224.0,114.0,30.0,17.0,2992.0
223,2020-12-16,248.0,631.0,744.0,486.0,519.0,522.0,285.0,172.0,68.0,17.0,3692.0
224,2020-12-17,240.0,696.0,820.0,542.0,580.0,581.0,302.0,186.0,60.0,27.0,4034.0
225,2020-12-18,334.0,734.0,957.0,580.0,611.0,645.0,345.0,214.0,69.0,19.0,4508.0
226,2020-12-19,252.0,479.6666666666667,568.3333333333334,417.6666666666667,456.6666666666667,423.6666666666667,256.3333333333333,157.33333333333334,70.33333333333333,21.666666666666668,3103.6666666666665
227,2020-12-20,252.0,479.6666666666667,568.3333333333334,417.6666666666667,456.6666666666667,423.6666666666667,256.3333333333333,157.33333333333334,70.33333333333333,21.666666666666668,3103.6666666666665
228,2020-12-21,252.0,479.6666666666667,568.3333333333334,417.6666666666667,456.6666666666667,423.6666666666667,256.3333333333333,157.33333333333334,70.33333333333333,21.666666666666668,3103.6666666666665
229,2020-12-22,223.0,402.0,429.0,357.0,383.0,380.0,167.0,135.0,56.0,11.0,2543.0
230,2020-12-23,317.0,410.0,537.0,425.0,538.0,458.0,256.0,187.0,128.0,41.0,3297.0
231,2020-12-24,290.0,361.0,497.0,376.0,407.0,457.0,213.0,152.0,78.0,38.0,2869.0
232,2020-12-25,218.75,320.5,387.25,336.0,349.75,344.25,190.0,128.0,72.25,24.5,2371.25
233,2020-12-26,218.75,320.5,387.25,336.0,349.75,344.25,190.0,128.0,72.25,24.5,2371.25
234,2020-12-27,218.75,320.5,387.25,336.0,349.75,344.25,190.0,128.0,72.25,24.5,2371.25
235,2020-12-28,218.75,320.5,387.25,336.0,349.75,344.25,190.0,128.0,72.25,24.5,2371.25
236,2020-12-29,183.0,305.0,472.0,374.0,348.0,378.0,252.0,173.0,109.0,27.0,2621.0
237,2020-12-30,198.0,352.0,457.0,393.0,363.0,424.0,255.0,195.0,116.0,30.0,2783.0
238,2020-12-31,154.0,297.0,395.0,310.0,313.0,296.0,209.0,157.0,89.0,29.0,2249.0
239,2021-01-01,131.5,238.0,315.5,294.0,267.0,310.5,218.5,134.5,93.5,28.0,2031.0
240,2021-01-02,131.5,238.0,315.5,294.0,267.0,310.5,218.5,134.5,93.5,28.0,2031.0
241,2021-01-03,116.5,198.5,306.5,207.5,211.0,231.0,154.5,99.0,73.0,25.5,1623.0
242,2021-01-04,116.5,198.5,306.5,207.5,211.0,231.0,154.5,99.0,73.0,25.5,1623.0
243,2021-01-05,133.0,232.0,419.0,278.0,281.0,275.0,152.0,127.0,65.0,30.0,1992.0
244,2021-01-06,129.0,303.0,469.0,264.0,283.0,308.0,186.0,143.0,94.0,37.0,2216.0
245,2021-01-07,111.0,241.0,358.0,244.0,242.0,289.0,184.0,92.0,62.0,19.0,1842.0
246,2021-01-08,118.0,205.0,315.0,189.0,195.0,232.0,161.0,108.0,93.0,44.0,1660.0
247,2021-01-09,110.33333333333333,169.66666666666666,232.0,187.33333333333334,182.0,221.33333333333334,121.0,91.33333333333333,70.0,24.333333333333332,1409.3333333333333
248,2021-01-10,110.33333333333333,169.66666666666666,232.0,187.33333333333334,182.0,221.33333333333334,121.0,91.33333333333333,70.0,24.333333333333332,1409.3333333333333
249,2021-01-11,110.33333333333333,169.66666666666666,232.0,187.33333333333334,182.0,221.33333333333334,121.0,91.33333333333333,70.0,24.333333333333332,1409.3333333333333
250,2021-01-12,84.0,114.0,159.0,148.0,160.0,167.0,106.0,72.0,51.0,15.0,1076.0
251,2021-01-13,91.0,126.0,213.0,173.0,216.0,217.0,130.0,77.0,81.0,34.0,1358.0
252,2021-01-14,74.0,117.5,188.0,132.0,153.0,163.0,98.0,73.5,59.5,22.0,1080.5
253,2021-01-15,74.0,117.5,188.0,132.0,153.0,163.0,98.0,73.5,59.5,22.0,1080.5
254,2021-01-16,65.66666666666667,96.0,123.0,126.0,122.33333333333333,137.66666666666666,73.33333333333333,51.666666666666664,44.666666666666664,18.0,858.3333333333334
255,2021-01-17,65.66666666666667,96.0,123.0,126.0,122.33333333333333,137.66666666666666,73.33333333333333,51.666666666666664,44.666666666666664,18.0,858.3333333333334
256,2021-01-18,65.66666666666667,96.0,123.0,126.0,122.33333333333333,137.66666666666666,73.33333333333333,51.666666666666664,44.666666666666664,18.0,858.3333333333334
257,2021-01-19,62.0,70.0,97.0,95.0,105.0,102.0,77.0,48.0,45.0,23.0,724.0
258,2021-01-20,81.0,73.0,129.0,127.0,130.0,140.0,93.0,57.0,44.0,12.0,886.0
259,2021-01-21,52.0,66.0,130.0,133.0,108.0,112.0,74.0,42.0,32.0,11.0,760.0
260,2021-01-22,52.0,76.0,113.0,121.0,100.0,123.0,92.0,55.0,30.0,11.0,773.0
261,2021-01-23,58.333333333333336,83.33333333333333,125.33333333333333,100.33333333333333,109.0,114.33333333333333,75.33333333333333,41.666666666666664,37.0,8.0,752.6666666666666
262,2021-01-24,58.333333333333336,83.33333333333333,125.33333333333333,100.33333333333333,109.0,114.33333333333333,75.33333333333333,41.666666666666664,37.0,8.0,752.6666666666666
263,2021-01-25,58.333333333333336,83.33333333333333,125.33333333333333,100.33333333333333,109.0,114.33333333333333,75.33333333333333,41.666666666666664,37.0,8.0,752.6666666666666
264,2021-01-26,63.0,69.0,115.0,88.0,115.0,89.0,45.0,29.0,32.0,7.0,652.0
265,2021-01-27,57.0,47.0,93.0,81.0,91.0,87.0,71.0,37.0,18.0,10.0,592.0
266,2021-01-28,44.0,67.0,101.0,112.0,104.0,96.0,69.0,39.0,20.0,16.0,668.0
267,2021-01-29,55.0,60.0,59.0,82.0,61.0,54.0,27.0,26.0,26.0,6.0,456.0
268,2021-01-30,41.666666666666664,49.0,69.66666666666667,50.333333333333336,64.66666666666667,65.0,36.333333333333336,28.666666666666668,18.666666666666668,8.0,432.0
269,2021-01-31,41.666666666666664,49.0,69.66666666666667,50.333333333333336,64.66666666666667,65.0,36.333333333333336,28.666666666666668,18.666666666666668,8.0,432.0
270,2021-02-01,41.666666666666664,49.0,69.66666666666667,50.333333333333336,64.66666666666667,65.0,36.333333333333336,28.666666666666668,18.666666666666668,8.0,432.0
271,2021-02-02,33.0,59.0,57.0,65.0,53.0,47.0,44.0,24.0,11.0,4.0,397.0
272,2021-02-03,36.0,38.0,75.0,70.0,62.0,49.0,37.0,36.0,15.0,7.0,425.0
273,2021-02-04,52.0,60.0,106.0,76.0,79.0,86.0,37.0,37.0,16.0,4.0,553.0
274,2021-02-05,31.0,51.0,70.0,63.0,74.0,58.0,38.0,31.0,13.0,9.0,438.0
275,2021-02-06,41.333333333333336,48.666666666666664,78.0,59.333333333333336,57.333333333333336,57.333333333333336,42.0,23.333333333333332,14.0,4.666666666666667,426.0
276,2021-02-07,41.333333333333336,48.666666666666664,78.0,59.333333333333336,57.333333333333336,57.333333333333336,42.0,23.333333333333332,14.0,4.666666666666667,426.0
277,2021-02-08,41.333333333333336,48.666666666666664,78.0,59.333333333333336,57.333333333333336,57.333333333333336,42.0,23.333333333333332,14.0,4.666666666666667,426.0
278,2021-02-09,22.0,39.0,60.0,47.0,51.0,75.0,34.0,26.0,7.0,5.0,366.0
279,2021-02-10,31.0,52.0,68.0,79.0,69.0,75.0,52.0,24.0,15.0,5.0,470.0
280,2021-02-11,29.0,77.0,83.0,64.0,95.0,58.0,46.0,17.0,7.0,2.0,478.0
281,2021-02-12,49.0,66.0,68.0,63.0,59.0,59.0,35.0,18.0,9.0,2.0,428.0
282,2021-02-13,40.666666666666664,47.666666666666664,60.666666666666664,42.666666666666664,43.0,45.666666666666664,32.333333333333336,14.666666666666666,4.666666666666667,3.3333333333333335,335.3333333333333
283,2021-02-14,40.666666666666664,47.666666666666664,60.666666666666664,42.666666666666664,43.0,45.666666666666664,32.333333333333336,14.666666666666666,4.666666666666667,3.3333333333333335,335.3333333333333
284,2021-02-15,40.666666666666664,47.666666666666664,60.666666666666664,42.666666666666664,43.0,45.666666666666664,32.333333333333336,14.666666666666666,4.666666666666667,3.3333333333333335,335.3333333333333
285,2021-02-16,44.0,38.0,72.0,71.0,64.0,56.0,21.0,13.0,4.0,1.0,384.0
286,2021-02-17,75.0,39.0,62.0,67.0,61.0,58.0,28.0,15.0,9.0,0.0,414.0
287,2021-02-18,55.0,62.0,77.0,80.0,67.0,65.0,33.0,20.0,9.0,0.0,468.0
288,2021-02-19,87.0,75.0,87.0,90.0,72.0,73.0,42.0,17.0,8.0,1.0,552.0
289,2021-02-20,56.333333333333336,68.33333333333333,84.66666666666667,73.33333333333333,62.666666666666664,63.666666666666664,35.0,18.333333333333332,6.333333333333333,1.3333333333333333,470.0
290,2021-02-21,56.333333333333336,68.33333333333333,84.66666666666667,73.33333333333333,62.666666666666664,63.666666666666664,35.0,18.333333333333332,6.333333333333333,1.3333333333333333,470.0
291,2021-02-22,56.333333333333336,68.33333333333333,84.66666666666667,73.33333333333333,62.666666666666664,63.666666666666664,35.0,18.333333333333332,6.333333333333333,1.3333333333333333,470.0
292,2021-02-23,54.0,89.0,96.0,77.0,73.0,79.0,33.0,19.0,7.0,2.0,529.0
293,2021-02-24,51.0,65.0,103.0,92.0,71.0,73.0,28.0,20.0,16.0,4.0,523.0
294,2021-02-25,74.0,87.0,116.0,81.0,103.0,70.0,35.0,27.0,10.0,0.0,603.0
295,2021-02-26,67.0,82.0,91.0,78.0,83.0,52.0,49.0,17.0,7.0,4.0,530.0
296,2021-02-27,60.0,72.33333333333333,79.66666666666667,81.66666666666667,72.0,60.0,34.333333333333336,22.0,9.666666666666666,1.6666666666666667,493.3333333333333
297,2021-02-28,60.0,72.33333333333333,79.66666666666667,81.66666666666667,72.0,60.0,34.333333333333336,22.0,9.666666666666666,1.6666666666666667,493.3333333333333
298,2021-03-01,60.0,72.33333333333333,79.66666666666667,81.66666666666667,72.0,60.0,34.333333333333336,22.0,9.666666666666666,1.6666666666666667,493.3333333333333
299,2021-03-02,70.0,71.0,72.0,106.0,85.0,61.0,43.0,17.0,7.0,0.0,532.0
300,2021-03-03,64.0,80.0,100.0,99.0,76.0,76.0,42.0,22.0,12.0,3.0,574.0
301,2021-03-04,57.0,97.0,97.0,74.0,62.0,68.0,31.0,18.0,12.0,4.0,520.0
302,2021-03-05,80.0,86.0,112.0,100.0,84.0,71.0,44.0,30.0,6.0,1.0,614.0
303,2021-03-06,66.0,69.66666666666667,72.0,64.66666666666667,64.33333333333333,64.33333333333333,26.333333333333332,10.333333333333334,5.666666666666667,0.6666666666666666,444.0
304,2021-03-07,66.0,69.66666666666667,72.0,64.66666666666667,64.33333333333333,64.33333333333333,26.333333333333332,10.333333333333334,5.666666666666667,0.6666666666666666,444.0
305,2021-03-08,66.0,69.66666666666667,72.0,64.66666666666667,64.33333333333333,64.33333333333333,26.333333333333332,10.333333333333334,5.666666666666667,0.6666666666666666,444.0
306,2021-03-09,77.0,82.0,85.0,76.0,80.0,65.0,42.0,14.0,4.0,2.0,527.0
307,2021-03-10,76.0,274.0,406.0,326.0,329.0,280.0,194.0,91.0,28.0,3.0,2007.0
308,2021-03-11,87.0,137.0,146.0,128.0,124.0,116.0,72.0,41.0,11.0,0.0,862.0
309,2021-03-12,59.0,99.0,120.0,94.0,93.0,80.0,61.0,24.0,16.0,-1.0,645.0
310,2021-03-13,67.66666666666667,99.33333333333333,104.66666666666667,85.0,89.33333333333333,78.0,34.666666666666664,23.666666666666668,6.333333333333333,0.0,588.6666666666666
311,2021-03-14,67.66666666666667,99.33333333333333,104.66666666666667,85.0,89.33333333333333,78.0,34.666666666666664,23.666666666666668,6.333333333333333,0.0,588.6666666666666
312,2021-03-15,67.66666666666667,99.33333333333333,104.66666666666667,85.0,89.33333333333333,78.0,34.666666666666664,23.666666666666668,6.333333333333333,0.0,588.6666666666666
313,2021-03-16,74.0,129.0,153.0,127.0,113.0,90.0,46.0,32.0,7.0,0.0,771.0
314,2021-03-17,85.0,135.0,136.0,117.0,114.0,107.0,55.0,24.0,12.0,2.0,787.0
315,2021-03-18,102.0,156.0,145.0,110.0,103.0,95.0,46.0,24.0,5.0,0.0,786.0
316,2021-03-19,102.0,156.0,153.0,126.0,124.0,108.0,46.0,21.0,6.0,1.0,843.0
317,2021-03-20,71.66666666666667,122.66666666666667,125.0,101.0,103.0,81.33333333333333,41.333333333333336,21.0,5.333333333333333,0.6666666666666666,673.0
318,2021-03-21,71.66666666666667,122.66666666666667,125.0,101.0,103.0,81.33333333333333,41.333333333333336,21.0,5.333333333333333,0.6666666666666666,673.0
319,2021-03-22,71.66666666666667,122.66666666666667,125.0,101.0,103.0,81.33333333333333,41.333333333333336,21.0,5.333333333333333,0.6666666666666666,673.0
320,2021-03-23,69.0,134.0,139.0,111.0,111.0,104.0,56.0,25.0,4.0,1.0,754.0
321,2021-03-24,92.0,151.0,150.0,133.0,134.0,122.0,47.0,25.0,9.0,0.0,863.0
322,2021-03-25,85.0,-350.0,-415.0,-332.0,-310.0,-300.0,-244.0,-145.0,-41.0,2.0,-2050.0
323,2021-03-26,93.0,120.0,144.0,114.0,113.0,107.0,59.0,25.0,12.0,2.0,789.0
324,2021-03-27,78.0,104.33333333333333,130.33333333333334,106.66666666666667,102.33333333333333,89.0,46.666666666666664,22.666666666666668,5.333333333333333,1.0,686.3333333333334
325,2021-03-28,78.0,104.33333333333333,130.33333333333334,106.66666666666667,102.33333333333333,89.0,46.666666666666664,22.666666666666668,5.333333333333333,1.0,686.3333333333334
326,2021-03-29,78.0,104.33333333333333,130.33333333333334,106.66666666666667,102.33333333333333,89.0,46.666666666666664,22.666666666666668,5.333333333333333,1.0,686.3333333333334
327,2021-03-30,107.0,118.0,224.0,193.0,210.0,230.0,85.0,31.0,7.0,5.0,1210.0
328,2021-03-31,68.0,82.0,133.0,115.0,113.0,96.0,51.0,32.0,10.0,1.0,701.0
329,2021-04-01,67.66666666666667,117.66666666666667,132.66666666666666,114.66666666666667,109.0,86.33333333333333,44.666666666666664,24.666666666666668,7.0,0.6666666666666666,705.0
330,2021-04-02,67.66666666666667,117.66666666666667,132.66666666666666,114.66666666666667,109.0,86.33333333333333,44.666666666666664,24.666666666666668,7.0,0.6666666666666666,705.0
331,2021-04-03,67.66666666666667,117.66666666666667,132.66666666666666,114.66666666666667,109.0,86.33333333333333,44.666666666666664,24.666666666666668,7.0,0.6666666666666666,705.0
332,2021-04-04,49.666666666666664,101.33333333333333,91.66666666666667,80.33333333333333,86.33333333333333,74.0,30.0,14.0,4.333333333333333,1.3333333333333333,533.0
333,2021-04-05,49.666666666666664,101.33333333333333,91.66666666666667,80.33333333333333,86.33333333333333,74.0,30.0,14.0,4.333333333333333,1.3333333333333333,533.0
334,2021-04-06,49.666666666666664,101.33333333333333,91.66666666666667,80.33333333333333,86.33333333333333,74.0,30.0,14.0,4.333333333333333,1.3333333333333333,533.0
335,2021-04-07,61.0,124.0,101.0,86.0,100.0,67.0,45.0,24.0,6.0,0.0,614.0
336,2021-04-08,41.0,160.0,138.0,117.0,94.0,82.0,49.0,29.0,6.0,1.0,717.0
337,2021-04-09,50.0,131.0,153.0,102.0,91.0,103.0,44.0,17.0,6.0,1.0,698.0
338,2021-04-10,59.0,116.33333333333333,143.0,93.33333333333333,92.0,85.33333333333333,31.333333333333332,23.333333333333332,8.333333333333334,1.3333333333333333,653.3333333333334
339,2021-04-11,59.0,116.33333333333333,143.0,93.33333333333333,92.0,85.33333333333333,31.333333333333332,23.333333333333332,8.333333333333334,1.3333333333333333,653.3333333333334
340,2021-04-12,59.0,116.33333333333333,143.0,93.33333333333333,92.0,85.33333333333333,31.333333333333332,23.333333333333332,8.333333333333334,1.3333333333333333,653.3333333333334
341,2021-04-13,67.0,93.0,118.0,77.0,77.0,67.0,39.0,22.0,2.0,1.0,563.0
342,2021-04-14,79.0,114.0,148.0,105.0,83.0,76.0,37.0,13.0,4.0,4.0,663.0
343,2021-04-15,88.0,143.0,158.0,117.0,115.0,99.0,53.0,23.0,2.0,0.0,798.0
344,2021-04-16,69.0,126.0,114.0,107.0,115.0,80.0,41.0,23.0,0.0,2.0,677.0
345,2021-04-17,89.66666666666667,161.0,149.33333333333334,120.66666666666667,107.66666666666667,95.66666666666667,38.666666666666664,21.0,4.0,1.3333333333333333,789.0
346,2021-04-18,89.66666666666667,161.0,149.33333333333334,120.66666666666667,107.66666666666667,95.66666666666667,38.666666666666664,21.0,4.0,1.3333333333333333,789.0
347,2021-04-19,89.66666666666667,161.0,149.33333333333334,120.66666666666667,107.66666666666667,95.66666666666667,38.666666666666664,21.0,4.0,1.3333333333333333,789.0
348,2021-04-20,77.0,122.0,114.0,94.0,110.0,102.0,54.0,15.0,3.0,0.0,691.0
349,2021-04-21,88.0,149.0,146.0,128.0,117.0,103.0,53.0,12.0,5.0,2.0,803.0
350,2021-04-22,117.0,155.0,170.0,128.0,128.0,120.0,46.0,23.0,4.0,2.0,893.0
351,2021-04-23,65.0,132.0,135.0,119.0,96.0,88.0,41.0,21.0,5.0,0.0,702.0
352,2021-04-24,64.33333333333333,120.66666666666667,106.33333333333333,86.66666666666667,101.33333333333333,84.33333333333333,37.0,15.0,5.333333333333333,0.0,621.0
353,2021-04-25,64.33333333333333,120.66666666666667,106.33333333333333,86.66666666666667,101.33333333333333,84.33333333333333,37.0,15.0,5.333333333333333,0.0,621.0
354,2021-04-26,64.33333333333333,120.66666666666667,106.33333333333333,86.66666666666667,101.33333333333333,84.33333333333333,37.0,15.0,5.333333333333333,0.0,621.0
355,2021-04-27,57.0,108.0,119.0,89.0,110.0,92.0,38.0,11.0,0.0,0.0,624.0
356,2021-04-28,66.0,158.0,189.0,119.0,121.0,115.0,49.0,12.0,4.0,2.0,835.0
357,2021-04-29,67.0,150.0,183.0,103.0,106.0,86.0,52.0,17.0,5.0,0.0,769.0
358,2021-04-30,71.0,131.25,166.0,121.0,116.75,100.75,52.0,18.75,1.5,0.75,779.75
359,2021-05-01,71.0,131.25,166.0,121.0,116.75,100.75,52.0,18.75,1.5,0.75,779.75
360,2021-05-02,71.0,131.25,166.0,121.0,116.75,100.75,52.0,18.75,1.5,0.75,779.75
361,2021-05-03,71.0,131.25,166.0,121.0,116.75,100.75,52.0,18.75,1.5,0.75,779.75
362,2021-05-04,60.0,142.0,168.0,130.0,133.0,95.0,63.0,16.0,1.0,1.0,809.0
363,2021-05-05,78.0,207.0,214.0,150.0,132.0,126.0,63.0,15.0,3.0,0.0,988.0
364,2021-05-06,70.0,206.0,247.0,146.0,140.0,123.0,57.0,16.0,7.0,0.0,1012.0
365,2021-05-07,56.0,203.0,261.0,155.0,147.0,124.0,55.0,20.0,2.0,0.0,1023.0
366,2021-05-08,66.33333333333333,178.33333333333334,174.0,118.0,122.66666666666667,104.33333333333333,47.333333333333336,14.0,2.6666666666666665,0.0,827.6666666666666
367,2021-05-09,66.33333333333333,178.33333333333334,174.0,118.0,122.66666666666667,104.33333333333333,47.333333333333336,14.0,2.6666666666666665,0.0,827.6666666666666
368,2021-05-10,66.33333333333333,178.33333333333334,174.0,118.0,122.66666666666667,104.33333333333333,47.333333333333336,14.0,2.6666666666666665,0.0,827.6666666666666
369,2021-05-11,100.0,196.0,172.0,137.0,139.0,100.0,60.0,14.0,6.0,1.0,925.0
370,2021-05-12,103.0,315.0,256.0,176.0,151.0,153.0,69.0,19.0,3.0,1.0,1246.0
371,2021-05-13,85.0,269.0,278.0,157.5,154.0,131.5,57.5,17.0,2.0,1.5,1153.0
372,2021-05-14,85.0,269.0,278.0,157.5,154.0,131.5,57.5,17.0,2.0,1.5,1153.0
373,2021-05-15,76.0,205.0,235.66666666666666,137.33333333333334,142.0,103.0,43.666666666666664,11.333333333333334,3.0,1.0,958.0
374,2021-05-16,76.0,205.0,235.66666666666666,137.33333333333334,142.0,103.0,43.666666666666664,11.333333333333334,3.0,1.0,958.0
375,2021-05-17,76.0,205.0,235.66666666666666,137.33333333333334,142.0,103.0,43.666666666666664,11.333333333333334,3.0,1.0,958.0
376,2021-05-18,68.0,249.0,229.0,96.0,124.0,98.0,39.0,12.0,1.0,0.0,916.0
377,2021-05-19,75.66666666666667,258.6666666666667,338.6666666666667,161.33333333333334,176.33333333333334,142.66666666666666,52.666666666666664,10.333333333333334,1.0,0.3333333333333333,1217.6666666666667
378,2021-05-20,75.66666666666667,258.6666666666667,338.6666666666667,161.33333333333334,176.33333333333334,142.66666666666666,52.666666666666664,10.333333333333334,1.0,0.3333333333333333,1217.6666666666667
379,2021-05-21,75.66666666666667,258.6666666666667,338.6666666666667,161.33333333333334,176.33333333333334,142.66666666666666,52.666666666666664,10.333333333333334,1.0,0.3333333333333333,1217.6666666666667
380,2021-05-22,55.25,191.0,216.0,99.75,116.25,97.25,40.25,8.5,0.5,0.0,824.75
381,2021-05-23,55.25,191.0,216.0,99.75,116.25,97.25,40.25,8.5,0.5,0.0,824.75
382,2021-05-24,55.25,191.0,216.0,99.75,116.25,97.25,40.25,8.5,0.5,0.0,824.75
383,2021-05-25,55.25,191.0,216.0,99.75,116.25,97.25,40.25,8.5,0.5,0.0,824.75
384,2021-05-26,66.0,254.0,288.0,126.0,164.0,137.0,32.0,4.0,2.0,0.0,1073.0
385,2021-05-27,67.0,258.0,339.0,124.0,145.0,143.0,36.0,6.0,1.0,0.0,1119.0
386,2021-05-28,58.0,219.0,297.0,125.0,141.0,104.0,44.0,6.0,2.0,1.0,997.0
387,2021-05-29,66.33333333333333,173.66666666666666,267.6666666666667,139.0,140.33333333333334,109.66666666666667,36.0,6.333333333333333,3.6666666666666665,1.0,943.6666666666666
388,2021-05-30,66.33333333333333,173.66666666666666,267.6666666666667,139.0,140.33333333333334,109.66666666666667,36.0,6.333333333333333,3.6666666666666665,1.0,943.6666666666666
389,2021-05-31,66.33333333333333,173.66666666666666,267.6666666666667,139.0,140.33333333333334,109.66666666666667,36.0,6.333333333333333,3.6666666666666665,1.0,943.6666666666666
390,2021-06-01,77.0,198.0,262.0,107.0,134.0,95.0,25.0,6.0,4.0,0.0,908.0
391,2021-06-02,55.0,250.0,273.0,116.0,119.0,105.0,31.0,5.0,0.0,0.0,954.0
392,2021-06-03,84.0,268.0,304.0,135.0,122.0,85.0,26.0,3.0,0.0,1.0,1028.0
393,2021-06-04,65.0,198.0,280.0,131.0,131.0,95.0,22.0,4.0,1.0,0.0,927.0
394,2021-06-05,46.666666666666664,159.33333333333334,176.33333333333334,80.0,84.66666666666667,61.0,16.333333333333332,5.333333333333333,3.6666666666666665,1.3333333333333333,634.6666666666666
395,2021-06-06,46.666666666666664,159.33333333333334,176.33333333333334,80.0,84.66666666666667,61.0,16.333333333333332,5.333333333333333,3.6666666666666665,1.3333333333333333,634.6666666666666
396,2021-06-07,46.666666666666664,159.33333333333334,176.33333333333334,80.0,84.66666666666667,61.0,16.333333333333332,5.333333333333333,3.6666666666666665,1.3333333333333333,634.6666666666666
397,2021-06-08,19.0,106.0,105.0,33.0,53.0,50.0,9.0,1.0,0.0,1.0,377.0
398,2021-06-09,55.0,204.0,275.0,123.0,129.0,86.0,24.0,6.0,1.0,1.0,904.0
399,2021-06-10,27.0,103.0,149.0,68.0,62.0,49.0,11.0,4.0,2.0,0.0,475.0
400,2021-06-11,31.0,72.0,143.0,62.0,55.0,39.0,13.0,1.0,1.0,1.0,418.0
401,2021-06-12,23.666666666666668,62.666666666666664,109.66666666666667,45.666666666666664,48.333333333333336,24.666666666666668,11.666666666666666,3.0,0.3333333333333333,0.0,329.6666666666667
402,2021-06-13,23.666666666666668,62.666666666666664,109.66666666666667,45.666666666666664,48.333333333333336,24.666666666666668,11.666666666666666,3.0,0.3333333333333333,0.0,329.6666666666667
403,2021-06-14,23.666666666666668,62.666666666666664,109.66666666666667,45.666666666666664,48.333333333333336,24.666666666666668,11.666666666666666,3.0,0.3333333333333333,0.0,329.6666666666667
404,2021-06-15,17.0,51.0,55.0,39.0,30.0,18.0,11.0,1.0,0.0,0.0,222.0
405,2021-06-16,25.0,90.0,96.0,53.0,47.0,33.0,7.0,2.0,0.0,0.0,353.0
406,2021-06-17,25.0,66.0,90.0,61.0,52.0,23.0,9.0,4.0,1.0,0.0,331.0
407,2021-06-18,12.0,41.0,65.0,31.0,25.0,19.0,6.0,2.0,1.0,1.0,203.0
408,2021-06-19,13.0,34.333333333333336,61.666666666666664,32.333333333333336,28.666666666666668,16.333333333333332,3.3333333333333335,1.3333333333333333,2.6666666666666665,0.0,193.66666666666666
409,2021-06-20,13.0,34.333333333333336,61.666666666666664,32.333333333333336,28.666666666666668,16.333333333333332,3.3333333333333335,1.3333333333333333,2.6666666666666665,0.0,193.66666666666666
410,2021-06-21,13.0,34.333333333333336,61.666666666666664,32.333333333333336,28.666666666666668,16.333333333333332,3.3333333333333335,1.3333333333333333,2.6666666666666665,0.0,193.66666666666666
411,2021-06-22,9.0,25.0,50.0,24.0,22.0,20.0,2.0,1.0,2.0,0.0,155.0
412,2021-06-23,19.0,21.0,83.0,51.0,27.0,16.0,4.0,2.0,0.0,0.0,223.0
413,2021-06-24,18.0,19.0,61.0,30.0,30.0,11.0,3.0,0.0,0.0,1.0,173.0
414,2021-06-25,7.0,37.0,75.0,56.0,22.0,17.0,6.0,2.0,0.0,0.0,222.0
415,2021-06-26,13.666666666666666,25.333333333333332,61.666666666666664,32.333333333333336,23.666666666666668,11.666666666666666,2.6666666666666665,1.6666666666666667,0.6666666666666666,0.0,173.33333333333334
416,2021-06-27,13.666666666666666,25.333333333333332,61.666666666666664,32.333333333333336,23.666666666666668,11.666666666666666,2.6666666666666665,1.6666666666666667,0.6666666666666666,0.0,173.33333333333334
417,2021-06-28,13.666666666666666,25.333333333333332,61.666666666666664,32.333333333333336,23.666666666666668,11.666666666666666,2.6666666666666665,1.6666666666666667,0.6666666666666666,0.0,173.33333333333334
418,2021-06-29,16.0,38.0,92.0,57.0,23.0,10.0,6.0,1.0,0.0,0.0,243.0
419,2021-06-30,24.0,56.0,138.0,62.0,32.0,25.0,2.0,1.0,0.0,0.0,340.0
420,2021-07-01,11.0,95.0,229.0,81.0,35.0,14.0,6.0,3.0,1.0,0.0,475.0
