"dato";"Regionsnavn";"sex";"Paabegyndt vacc. idag";"Faerdigvacc. idag";"Paabegyndt vacc. igaar";"Faerdigvacc. igaar";"Paabegyndt vacc. difference";"Faerdigvaccineret difference"
2021-09-01;Hovedstaden;K;703082;668479;702489;665832;593;2647
2021-09-01;Hovedstaden;M;660962;629651;660394;627219;568;2432
2021-09-01;Midtjylland;K;515727;491480;515228;489169;499;2311
2021-09-01;Midtjylland;M;504504;480937;504094;478663;410;2274
2021-09-01;Nordjylland;K;229106;220560;228907;219470;199;1090
2021-09-01;Nordjylland;M;228190;218927;227933;217702;257;1225
2021-09-01;Sj�lland;K;323974;311788;323779;310973;195;815
2021-09-01;Sj�lland;M;312713;300696;312531;299921;182;775
2021-09-01;Syddanmark;K;471513;450641;471238;449016;275;1625
2021-09-01;Syddanmark;M;459644;437732;459346;435952;298;1780
