"dato","Regionsnavn","sex","Paabegyndt vacc. idag","Faerdigvacc. idag","Paabegyndt vacc. igaar","Faerdigvacc. igaar","Paabegyndt vacc. difference","Faerdigvaccineret difference"
2021-06-26,Hovedstaden,K,528105,305233,523882,301638,4223,3595
2021-06-26,Hovedstaden,M,483004,247605,478854,243064,4150,4541
2021-06-26,Midtjylland,K,376304,226817,372894,223065,3410,3752
2021-06-26,Midtjylland,M,346006,177742,341623,173399,4383,4343
2021-06-26,Nordjylland,K,171100,101270,169868,99094,1232,2176
2021-06-26,Nordjylland,M,158073,77597,156455,75159,1618,2438
2021-06-26,Sj�lland,K,257122,159136,255974,156148,1148,2988
2021-06-26,Sj�lland,M,236194,127646,234783,124296,1411,3350
2021-06-26,Syddanmark,K,344882,212140,341299,209648,3583,2492
2021-06-26,Syddanmark,M,314649,168094,310522,165060,4127,3034
