﻿Uge;Aldersgruppe;Klassifikation;Procent af indlæggelser
uge 28 2022;0-59;Covid-19 diagnose;44,6
uge 29 2022;0-59;Covid-19 diagnose;41,9
uge 30 2022;0-59;Covid-19 diagnose;47,8
uge 31 2022;0-59;Covid-19 diagnose;43,0
uge 32 2022;0-59;Covid-19 diagnose;51,9
uge 33 2022;0-59;Covid-19 diagnose;47,1
uge 34 2022;0-59;Covid-19 diagnose;40,0
uge 35 2022;0-59;Covid-19 diagnose;50,0
uge 28 2022;60+;Covid-19 diagnose;67,1
uge 29 2022;60+;Covid-19 diagnose;60,2
uge 30 2022;60+;Covid-19 diagnose;62,1
uge 31 2022;60+;Covid-19 diagnose;65,0
uge 32 2022;60+;Covid-19 diagnose;67,5
uge 33 2022;60+;Covid-19 diagnose;65,4
uge 34 2022;60+;Covid-19 diagnose;64,6
uge 35 2022;60+;Covid-19 diagnose;65,2
uge 28 2022;0-59;Luftvejs- eller obsdiagnose;6,7
uge 29 2022;0-59;Luftvejs- eller obsdiagnose;8,1
uge 30 2022;0-59;Luftvejs- eller obsdiagnose;5,7
uge 31 2022;0-59;Luftvejs- eller obsdiagnose;9,9
uge 32 2022;0-59;Luftvejs- eller obsdiagnose;9,9
uge 33 2022;0-59;Luftvejs- eller obsdiagnose;11,0
uge 34 2022;0-59;Luftvejs- eller obsdiagnose;13,6
uge 35 2022;0-59;Luftvejs- eller obsdiagnose;11,6
uge 28 2022;60+;Luftvejs- eller obsdiagnose;5,7
uge 29 2022;60+;Luftvejs- eller obsdiagnose;9,3
uge 30 2022;60+;Luftvejs- eller obsdiagnose;8,2
uge 31 2022;60+;Luftvejs- eller obsdiagnose;6,8
uge 32 2022;60+;Luftvejs- eller obsdiagnose;4,7
uge 33 2022;60+;Luftvejs- eller obsdiagnose;9,7
uge 34 2022;60+;Luftvejs- eller obsdiagnose;6,9
uge 35 2022;60+;Luftvejs- eller obsdiagnose;10,4
uge 28 2022;0-59;Anden diagnose;48,7
uge 29 2022;0-59;Anden diagnose;50,0
uge 30 2022;0-59;Anden diagnose;46,5
uge 31 2022;0-59;Anden diagnose;47,0
uge 32 2022;0-59;Anden diagnose;38,3
uge 33 2022;0-59;Anden diagnose;41,9
uge 34 2022;0-59;Anden diagnose;46,4
uge 35 2022;0-59;Anden diagnose;38,4
uge 28 2022;60+;Anden diagnose;27,2
uge 29 2022;60+;Anden diagnose;30,5
uge 30 2022;60+;Anden diagnose;29,7
uge 31 2022;60+;Anden diagnose;28,2
uge 32 2022;60+;Anden diagnose;27,8
uge 33 2022;60+;Anden diagnose;24,9
uge 34 2022;60+;Anden diagnose;28,5
uge 35 2022;60+;Anden diagnose;24,4
