Aldersgruppe;Uge 16-2022_Ingen vaccination;Uge 16-2022_Første vaccination;Uge 16-2022_Anden vaccination;Uge 16-2022_Fuld effekt efter primært forløb;Uge 16-2022_Fuld effekt efter revaccination;Uge 15-2022_Ingen vaccination;Uge 15-2022_Første vaccination;Uge 15-2022_Anden vaccination;Uge 15-2022_Fuld effekt efter primært forløb;Uge 15-2022_Fuld effekt efter revaccination;Uge 14-2022_Ingen vaccination;Uge 14-2022_Første vaccination;Uge 14-2022_Anden vaccination;Uge 14-2022_Fuld effekt efter primært forløb;Uge 14-2022_Fuld effekt efter revaccination;Uge 13-2022_Ingen vaccination;Uge 13-2022_Første vaccination;Uge 13-2022_Anden vaccination;Uge 13-2022_Fuld effekt efter primært forløb;Uge 13-2022_Fuld effekt efter revaccination;Uge 12-2022_Ingen vaccination;Uge 12-2022_Første vaccination;Uge 12-2022_Anden vaccination;Uge 12-2022_Fuld effekt efter primært forløb;Uge 12-2022_Fuld effekt efter revaccination;Uge 11-2022_Ingen vaccination;Uge 11-2022_Første vaccination;Uge 11-2022_Anden vaccination;Uge 11-2022_Fuld effekt efter primært forløb;Uge 11-2022_Fuld effekt efter revaccination;Uge 10-2022_Ingen vaccination;Uge 10-2022_Første vaccination;Uge 10-2022_Anden vaccination;Uge 10-2022_Fuld effekt efter primært forløb;Uge 10-2022_Fuld effekt efter revaccination;Uge 09-2022_Ingen vaccination;Uge 09-2022_Første vaccination;Uge 09-2022_Anden vaccination;Uge 09-2022_Fuld effekt efter primært forløb;Uge 09-2022_Fuld effekt efter revaccination;Uge 08-2022_Ingen vaccination;Uge 08-2022_Første vaccination;Uge 08-2022_Anden vaccination;Uge 08-2022_Fuld effekt efter primært forløb;Uge 08-2022_Fuld effekt efter revaccination;Uge 07-2022_Ingen vaccination;Uge 07-2022_Første vaccination;Uge 07-2022_Anden vaccination;Uge 07-2022_Fuld effekt efter primært forløb;Uge 07-2022_Fuld effekt efter revaccination;Uge 06-2022_Ingen vaccination;Uge 06-2022_Første vaccination;Uge 06-2022_Anden vaccination;Uge 06-2022_Fuld effekt efter primært forløb;Uge 06-2022_Fuld effekt efter revaccination;Uge 05-2022_Ingen vaccination;Uge 05-2022_Første vaccination;Uge 05-2022_Anden vaccination;Uge 05-2022_Fuld effekt efter primært forløb;Uge 05-2022_Fuld effekt efter revaccination;Uge 04-2022_Ingen vaccination;Uge 04-2022_Første vaccination;Uge 04-2022_Anden vaccination;Uge 04-2022_Fuld effekt efter primært forløb;Uge 04-2022_Fuld effekt efter revaccination;Uge 03-2022_Ingen vaccination;Uge 03-2022_Første vaccination;Uge 03-2022_Anden vaccination;Uge 03-2022_Fuld effekt efter primært forløb;Uge 03-2022_Fuld effekt efter revaccination;Uge 02-2022_Ingen vaccination;Uge 02-2022_Første vaccination;Uge 02-2022_Anden vaccination;Uge 02-2022_Fuld effekt efter primært forløb;Uge 02-2022_Fuld effekt efter revaccination;Uge 01-2022_Ingen vaccination;Uge 01-2022_Første vaccination;Uge 01-2022_Anden vaccination;Uge 01-2022_Fuld effekt efter primært forløb;Uge 01-2022_Fuld effekt efter revaccination
0-5;32,4;61;107,4;107,7;0;47,7;60,9;30,6;30,6;0;62,4;120,5;105,4;105,7;0;81,2;58,7;102,5;102,9;0;161,6;169,7;210,9;212,1;0;235,6;209,4;421,1;410,8;0;550,8;448,8;949,9;959,6;0;1088,5;1249,1;1930,8;1947,3;0;1625,2;1717,9;2604,1;2653,6;0;2882,4;2728,2;4441,7;4464,5;0;4764;4995;7121,9;7249,7;0;5466,6;7017,9;8550,2;8723,4;0;5490,8;8700,7;8317,1;9633,4;0;6023,4;8935,8;8383,5;20805,9;0;4405,1;6135,9;7361;60606,1;0;2059;2498;6683,8;20000;0
6-11;66,5;35,5;117,2;117,3;0;61,5;87,9;116,2;116,3;0;123,6;103,9;168,4;166,8;0;155,9;151,3;222,1;222,4;0;241,4;193,5;417,6;418,3;0;431,6;518,5;698,5;700,1;0;923,9;942,6;1472,9;1470,1;0;1244,5;1362,6;2176,1;2178,6;0;1608,9;1352,1;2530,9;2543,5;0;3042;2292;4727,3;4737,8;0;6768;4850;8801,3;8875,2;0;10343,9;7167,3;11843,4;12122,9;0;13215,4;9816,8;12811,9;13990,6;0;14168,6;11157;12109,9;17065,1;0;8479;6698,2;7208;12079,7;0;3237,7;2407,4;3099,2;5003,7;0
12-15;123,9;0;190,3;190,1;243,9;139,2;242,7;173,5;174,7;0;209,5;79,6;279,8;281,7;0;251,3;154,4;326,3;327,1;0;325,6;223,5;634,3;635,8;220,8;636;68,3;995,3;995,8;1050,4;1028,7;1103,4;1860,3;1862,3;1796,4;1509,2;1280,9;2262,5;2267,6;1470,6;1593,1;1641;2753,2;2752,4;2916;3328,2;2601,5;4594,6;4596,6;4966,9;6726,1;5074,4;8576,5;8602,6;4561,4;10466;8054,9;11936,3;11976,8;8490,6;12865,9;10907;13469,7;13554,3;9389,7;13314,4;12439;12658,5;12800;9589;8369,3;7123,2;6898,1;6952,4;3587,4;4642,9;3318,5;3220,2;3238,2;2112,7
16-19;154,6;188;180;213,2;152,6;71,7;0;176,4;164,3;186,6;161,7;184,5;270,5;312,4;235,4;178,4;180,8;366,4;382,6;352,8;289,2;350,3;563,7;599,2;533,7;509,1;163,7;911,7;950,9;877,3;917,5;731;1702,9;1817,2;1594,6;1251,6;786,9;2274;2249,9;2300,4;1610,8;1480,6;3144,6;2850,8;3493,4;3376,3;2954,4;5338,3;4906,5;5935,5;6455,6;6004,4;9572,7;8994;10458,5;6091;5357,1;7935,6;8955,5;6151;7580,2;7197,8;8871,2;9829,7;6694,7;7730,5;7179,2;10060;11160,3;6496,6;6147,8;5526,5;6698,3;6943,5;5072,1;6111,4;5573,7;6392,6;6290,1;12384,7
20-29;191,2;261,4;316,1;237,4;343,4;153;240,3;332,1;278,6;350,8;234,4;318,9;442,9;363,1;471;317,1;357,4;513,8;431,5;541,7;530;607,6;893,9;753,7;943,9;746,3;834,4;1183,9;1070,9;1224,9;1182,5;1316;1901,7;1626,6;2002,9;1537,3;1924;2454,7;2124,2;2579,1;2243,2;2379,9;3811,4;3286,2;4018,5;4149,5;4299,5;6395;5659,3;6715,1;6108,6;6707,8;9003,2;7700,9;9690,1;4731;4580,7;5531;4791;6098,9;4709,6;4728,4;4745,3;4458,8;5106,9;4676,5;4526,5;4245,3;4154,8;4456,4;3569,9;3297,3;3211,3;3160;3432,8;3989,7;4147,2;4311,9;4286,2;4793,7
30-39;159,9;166,3;372,4;317,7;392,9;217,2;258,6;372;311,4;394,9;290,7;206,7;510,1;420,2;544,3;379,5;311,1;673,3;551,1;719,8;573,2;468,1;1014,2;843;1080,2;849,9;719,4;1385,6;1223,9;1450;1166,5;1271,8;2216,6;1947,2;2329;1569;1852,7;2948,4;2518;3133,9;2278,2;2321,5;3976,3;3414,8;4234,1;4084,2;4592;6371,7;5555,8;6789,2;5935,7;6091,4;8284,1;7430,6;8806,5;5819,3;5900,7;7647,9;6809,3;8370,4;6320;6693,6;7485,1;6854,1;8392,5;6296,5;6307,4;7151,5;6624,1;8598,7;4013,7;4001,6;4606,3;4399,2;5699,6;3162,3;3221,5;2823,9;2842,8;2686,8
40-49;221,7;273,5;437;262,1;459,1;189,2;179,7;441,8;275,3;462,8;274,9;439,2;645;427,8;672,3;405,2;472,3;796,3;454,2;839;540,1;453;1183,8;848,5;1225,5;859,7;812,7;1577,1;1091,8;1636,9;1237,4;1038,7;2307,3;1596,3;2396,9;1492,7;1186,6;2920,6;2162,7;3017,9;2230,5;2661,1;3745,8;2948,1;3852,4;3634,5;3617,4;5862,2;4580,4;6047,9;5305,2;5008,6;7306,4;6154,2;7492,5;5568,7;4929,1;7201,8;6014,3;7443,5;6241,8;5476,4;7342,8;6483,1;7585,8;5804,3;6198,5;6519,5;6060;6721,1;3699,7;3569,1;3497,2;3479,2;3508,6;2830;2699,7;2384,2;2366,4;2406,6
50-59;276,3;294,6;485,6;298,7;497,4;322,1;116,8;563,3;360,2;576,1;389,1;457,7;736,4;512,3;750,4;504,8;891,4;947,9;699,9;963,2;707,2;702,7;1313;857,8;1340,8;951;512,3;1756,2;1059,9;1798,4;1271,4;1494;2472,6;1391,5;2538,5;1704,1;1505,5;3128,2;2066,6;3193,6;2344,9;2176,7;3957,1;2662,4;4039,4;3702,7;3192,3;5456,3;3943,8;5558;4268,1;3867,6;5626,9;4467;5712,4;3880,6;3679,3;4624,9;3764,8;4702;4068,6;3394,1;3807,6;3595;3834,3;3606,6;3205,1;3031,9;3121;3018,9;2533,4;2492,9;1868,7;1940,4;1849,7;2179,9;2027,3;1605,3;1526,3;1651,2
60-64;191,5;332,2;472;276,1;480;303,2;328,4;541,6;260;553;355,3;325,7;736,7;369,8;751,5;459,3;638;907,2;516,7;922,7;617,7;1223,2;1256;618,1;1281,1;793,1;1173;1675,5;937,3;1704,4;1160,6;283,7;2342,6;1387,8;2380,4;1509,1;1227,8;3004,8;1695,9;3056,8;1991,6;3354,8;3730,3;2159,4;3794,7;3096,5;2923,3;4806;3230,9;4873,7;3564,5;2161,5;4726,4;3376,9;4788,1;2848,4;2590,7;3673,2;2815,5;3718,6;2701,2;1696,5;2694,7;2335,3;2720,6;2195,2;1978,4;1950,3;1937,3;1954,2;1783,7;1631,3;1204,8;1293;1190,8;1432,5;1864,3;1010,1;949,1;1032,6
65-69;178,8;0;364,3;198,6;368,9;259,8;0;516,9;261,6;524,1;232,8;219,3;699,4;352,9;709;366,4;430,1;859,7;407,8;872,1;604,8;1054,9;1137,2;639,2;1150,8;719,8;1204,8;1608,4;747,4;1631,4;1189,1;770,7;2140,5;1055,4;2170,1;1382,8;910,7;2751,7;1401;2788,9;1620;1721,2;3199,8;1690,9;3242,8;2350,8;2447;4061,4;2353,2;4111,9;2504;2599,4;3636,2;2147,4;3683;1959,1;2302,2;2537,2;1764,6;2564,1;1815,7;1345,9;1849;1606,7;1860,4;1366,3;1476;1261,2;1327,7;1256,5;868;1510,2;747,4;866,2;737,2;958,1;1074,2;658,8;704,4;650,1
70-79;202,4;515,5;366,6;273,6;368,4;284,1;847,5;467,4;234,2;472;306;501,7;636,2;288;643;358,2;822,4;777,2;519,3;782,2;487,9;638;1174;724,3;1182,7;737,2;616,3;1490,3;730,9;1505;831,2;447,8;1966;901,7;1986,7;1222,3;2127,7;2390,9;1142,5;2415,4;1474,4;1928,4;2713,9;1711,8;2734,7;1670,6;1179,6;3176,2;2151,5;3198,1;1620,6;2035,9;2555,3;1762;2573,3;1194,5;1328,9;1734,2;1362,8;1744,2;1043,7;1107,8;1153,8;1210,8;1152,4;876,8;278,3;755,8;902,9;750,4;571,5;1427,4;450,2;676,3;439,9;659;1059;469,6;585;461,4
80+;271,6;791,6;346;382,8;345,1;363,5;260,4;389,4;336,1;390,6;342,2;765,3;535,9;466,7;537,5;597,2;733,5;631,2;437,8;635,6;628,8;469,5;953,9;756,5;958,4;835;224,7;1272,9;983,5;1279,6;1122,6;1082,3;1610,2;1153,4;1621;1328,1;2286,9;1968,4;1314,7;1983,8;1768,6;1912;2246,4;2140,2;2249,6;1610;1607,1;2496,4;2262,3;2502,5;1313,5;1821,2;1902,3;2024,4;1899,6;1252,3;1966,7;1288,8;1484,5;1283,1;933,2;1232,9;897,1;1351,7;881,7;697,3;1174,9;566,9;918,4;552,3;774,6;457,1;426,3;566,5;419,5;819,9;1190,5;475,2;517,8;471,3
12+;196,1;237,1;386,7;252,6;406,7;211,4;228,7;443,6;257,7;471,3;278,8;309,5;605,3;371,3;640,2;374,4;419,9;750,3;457,7;794,1;549;553,3;1102,8;743,7;1157,5;797,4;685,5;1476,2;1059,1;1542,2;1158,9;1167,9;2121,3;1713,6;2191,5;1519;1638,2;2695,5;2210,8;2786;2113,9;2248,1;3451,8;2983,5;3548,2;3672,6;3747,3;5020,8;4917,4;5045,7;5382,9;5542,1;6052,5;7433,4;5699,6;5265,8;5169,3;5154;7159;4531,5;5771;5915;4826,8;7220,1;3870,5;5668,6;6082,3;4339,5;6729,4;3067,4;3883;4026,8;2692,7;4088,2;1682,4;3295,2;3402,7;2212,2;3141,3;1229,8
Alle;111,1;181;380,3;231,1;406,7;125;186,8;435,7;234,2;471,3;168,9;252,2;595;338,7;640,2;225,6;337,8;737,8;419,6;794,1;351,8;449,5;1086,4;690,8;1157,5;520,5;618,2;1457;1000,2;1542,2;876,1;1067,2;2103,2;1668,7;2191,5;1307,9;1539;2680;2202,4;2786;1849,7;1935,7;3423,2;2915,3;3548,2;3266,1;3162,2;5010,3;4886,6;5045,7;5340,3;5239,7;6139,6;7615,9;5699,6;6099,3;6085,1;5362,2;7682,5;4531,5;6779,5;7739,9;5060,2;7709,1;3870,5;7099,6;8588,1;4545,5;7039,1;3067,4;4812;5550,8;2787,6;4144,2;1682,4;2832,7;2763,4;2220,2;3142,5;1229,8
