"YoDi";"WoDi";"group";"nb";"nbc";"Pnb";"country"
2020;1;"00to19";12;12;11,30726;"Denmark"
2020;2;"00to19";7;7;11,29294;"Denmark"
2020;3;"00to19";7;7;11,27864;"Denmark"
2020;4;"00to19";19;19;11,26436;"Denmark"
2020;5;"00to19";20;20;11,2501;"Denmark"
2020;6;"00to19";13;13;11,23585;"Denmark"
2020;7;"00to19";10;10;11,22162;"Denmark"
2020;8;"00to19";10;10;11,20742;"Denmark"
2020;9;"00to19";11;11;11,19322;"Denmark"
2020;10;"00to19";13;13;11,17905;"Denmark"
2020;11;"00to19";18;18;11,1649;"Denmark"
2020;12;"00to19";10;10;11,15076;"Denmark"
2020;13;"00to19";11;11;11,13664;"Denmark"
2020;14;"00to19";12;12;11,12254;"Denmark"
2020;15;"00to19";8;8;11,10845;"Denmark"
2020;16;"00to19";13;13;11,09439;"Denmark"
2020;17;"00to19";17;17;11,08034;"Denmark"
2020;18;"00to19";13;13;11,06631;"Denmark"
2020;19;"00to19";12;12;11,05229;"Denmark"
2020;20;"00to19";13;13;11,0383;"Denmark"
2020;21;"00to19";6;6;11,02432;"Denmark"
2020;22;"00to19";8;8;11,01036;"Denmark"
2020;23;"00to19";9;9;10,99642;"Denmark"
2020;24;"00to19";14;14;10,9825;"Denmark"
2020;25;"00to19";10;10;10,96859;"Denmark"
2020;26;"00to19";13;13;10,9547;"Denmark"
2020;27;"00to19";14;14;10,94083;"Denmark"
2020;28;"00to19";9;9;10,92698;"Denmark"
2020;29;"00to19";10;10;10,91314;"Denmark"
2020;30;"00to19";22;22;10,89932;"Denmark"
2020;31;"00to19";13;13;10,88552;"Denmark"
2020;32;"00to19";10;10;10,87174;"Denmark"
2020;33;"00to19";12;12;10,85797;"Denmark"
2020;34;"00to19";12;12;10,84422;"Denmark"
2020;35;"00to19";18;18;10,83049;"Denmark"
2020;36;"00to19";14;14;10,81678;"Denmark"
2020;37;"00to19";15;15;10,80308;"Denmark"
2020;38;"00to19";12;12;10,7894;"Denmark"
2020;39;"00to19";6;6;10,77574;"Denmark"
2020;40;"00to19";14;14;10,76209;"Denmark"
2020;41;"00to19";9;9;10,74846;"Denmark"
2020;42;"00to19";11;11;10,73485;"Denmark"
2020;43;"00to19";13;13;10,72126;"Denmark"
2020;44;"00to19";9;9;10,70769;"Denmark"
2020;45;"00to19";20;20;10,69413;"Denmark"
2020;46;"00to19";11;11;10,68059;"Denmark"
2020;47;"00to19";10;10;10,66706;"Denmark"
2020;48;"00to19";9;9;10,65355;"Denmark"
2020;49;"00to19";8;8;10,64006;"Denmark"
2020;50;"00to19";6;6;10,62659;"Denmark"
2020;51;"00to19";10;10;10,61314;"Denmark"
2020;52;"00to19";6;6;10,5997;"Denmark"
2020;53;"00to19";10;10;10,58627;"Denmark"
2021;1;"00to19";14;14;10,57287;"Denmark"
2021;2;"00to19";9;9;10,55948;"Denmark"
2021;3;"00to19";8;8;10,54611;"Denmark"
2021;4;"00to19";13;13;10,53276;"Denmark"
2021;5;"00to19";20;20;10,51942;"Denmark"
2021;6;"00to19";8;8;10,5061;"Denmark"
2021;7;"00to19";8;8;10,4928;"Denmark"
2021;8;"00to19";9;9;10,47951;"Denmark"
2021;9;"00to19";18;18;10,46624;"Denmark"
2021;10;"00to19";13;13;10,45299;"Denmark"
2021;11;"00to19";9;9;10,43975;"Denmark"
2021;12;"00to19";11;11;10,42653;"Denmark"
2021;13;"00to19";12;12;10,41333;"Denmark"
2021;14;"00to19";16;16;10,40014;"Denmark"
2021;15;"00to19";14;14;10,38697;"Denmark"
2021;16;"00to19";13;13;10,37382;"Denmark"
2021;17;"00to19";14;14;10,36069;"Denmark"
2021;18;"00to19";11;11;10,34757;"Denmark"
2021;19;"00to19";13;13;10,33446;"Denmark"
2021;20;"00to19";15;15;10,32138;"Denmark"
2021;21;"00to19";10;10;10,30831;"Denmark"
2021;22;"00to19";6;6;10,29526;"Denmark"
2021;23;"00to19";11;11;10,28222;"Denmark"
2021;24;"00to19";10;10;10,2692;"Denmark"
2021;25;"00to19";9;9;10,2562;"Denmark"
2021;26;"00to19";16;16;10,24321;"Denmark"
2021;27;"00to19";17;17;10,23024;"Denmark"
2021;28;"00to19";10;10;10,21728;"Denmark"
2021;29;"00to19";14;14;10,20435;"Denmark"
2021;30;"00to19";18;18;10,19143;"Denmark"
2021;31;"00to19";16;16;10,17852;"Denmark"
2021;32;"00to19";13;13;10,16563;"Denmark"
2021;33;"00to19";14;14;10,15276;"Denmark"
2021;34;"00to19";14;14;10,1399;"Denmark"
2021;35;"00to19";11;11;10,12706;"Denmark"
2021;36;"00to19";13;13;10,11424;"Denmark"
2021;37;"00to19";13;13;10,10143;"Denmark"
2021;38;"00to19";13;13;10,08864;"Denmark"
2021;39;"00to19";14;14;10,07587;"Denmark"
2021;40;"00to19";16;16;10,06311;"Denmark"
2021;41;"00to19";14;14;10,05037;"Denmark"
2021;42;"00to19";11;11;10,03764;"Denmark"
2021;43;"00to19";15;15;10,02493;"Denmark"
2021;44;"00to19";17;17;10,01224;"Denmark"
2021;45;"00to19";10;10;9,999558;"Denmark"
2021;46;"00to19";12;12;9,986896;"Denmark"
2021;47;"00to19";16;16;9,974251;"Denmark"
2021;48;"00to19";14;14;9,961621;"Denmark"
2021;49;"00to19";14;14;9,949007;"Denmark"
2021;50;"00to19";12;12;9,936409;"Denmark"
2021;51;"00to19";10;10;9,923827;"Denmark"
2021;52;"00to19";16;16;9,911261;"Denmark"
2022;1;"00to19";15;15;9,898711;"Denmark"
2022;2;"00to19";14;14;9,886176;"Denmark"
2022;3;"00to19";11;11;9,873658;"Denmark"
2022;4;"00to19";14;14;9,861156;"Denmark"
2022;5;"00to19";14;14;9,848669;"Denmark"
2022;6;"00to19";13;13;9,836198;"Denmark"
2022;7;"00to19";7;8,129525;9,823743;"Denmark"
2022;8;"00to19";8;9,615557;9,811304;"Denmark"
2022;9;"00to19";9;12,97315;9,79888;"Denmark"
2020;1;"20to39";15;15;12,8212;"Denmark"
2020;2;"20to39";14;14;12,80467;"Denmark"
2020;3;"20to39";17;17;12,78816;"Denmark"
2020;4;"20to39";12;12;12,77166;"Denmark"
2020;5;"20to39";13;13;12,75519;"Denmark"
2020;6;"20to39";16;16;12,73875;"Denmark"
2020;7;"20to39";12;12;12,72232;"Denmark"
2020;8;"20to39";10;10;12,70591;"Denmark"
2020;9;"20to39";17;17;12,68952;"Denmark"
2020;10;"20to39";8;8;12,67316;"Denmark"
2020;11;"20to39";19;19;12,65682;"Denmark"
2020;12;"20to39";14;14;12,64049;"Denmark"
2020;13;"20to39";9;9;12,62419;"Denmark"
2020;14;"20to39";12;12;12,60791;"Denmark"
2020;15;"20to39";9;9;12,59165;"Denmark"
2020;16;"20to39";19;19;12,57542;"Denmark"
2020;17;"20to39";15;15;12,5592;"Denmark"
2020;18;"20to39";11;11;12,543;"Denmark"
2020;19;"20to39";13;13;12,52683;"Denmark"
2020;20;"20to39";14;14;12,51067;"Denmark"
2020;21;"20to39";11;11;12,49454;"Denmark"
2020;22;"20to39";16;16;12,47843;"Denmark"
2020;23;"20to39";11;11;12,46233;"Denmark"
2020;24;"20to39";15;15;12,44626;"Denmark"
2020;25;"20to39";11;11;12,43021;"Denmark"
2020;26;"20to39";11;11;12,41418;"Denmark"
2020;27;"20to39";19;19;12,39817;"Denmark"
2020;28;"20to39";14;14;12,38218;"Denmark"
2020;29;"20to39";16;16;12,36621;"Denmark"
2020;30;"20to39";20;20;12,35027;"Denmark"
2020;31;"20to39";12;12;12,33434;"Denmark"
2020;32;"20to39";17;17;12,31843;"Denmark"
2020;33;"20to39";16;16;12,30255;"Denmark"
2020;34;"20to39";18;18;12,28668;"Denmark"
2020;35;"20to39";17;17;12,27084;"Denmark"
2020;36;"20to39";13;13;12,25501;"Denmark"
2020;37;"20to39";20;20;12,23921;"Denmark"
2020;38;"20to39";9;9;12,22342;"Denmark"
2020;39;"20to39";16;16;12,20766;"Denmark"
2020;40;"20to39";14;14;12,19192;"Denmark"
2020;41;"20to39";9;9;12,1762;"Denmark"
2020;42;"20to39";13;13;12,16049;"Denmark"
2020;43;"20to39";9;9;12,14481;"Denmark"
2020;44;"20to39";13;13;12,12915;"Denmark"
2020;45;"20to39";13;13;12,11351;"Denmark"
2020;46;"20to39";13;13;12,09789;"Denmark"
2020;47;"20to39";20;20;12,08228;"Denmark"
2020;48;"20to39";18;18;12,0667;"Denmark"
2020;49;"20to39";24;24;12,05114;"Denmark"
2020;50;"20to39";20;20;12,0356;"Denmark"
2020;51;"20to39";11;11;12,02008;"Denmark"
2020;52;"20to39";12;12;12,00458;"Denmark"
2020;53;"20to39";10;10;11,9891;"Denmark"
2021;1;"20to39";11;11;11,97364;"Denmark"
2021;2;"20to39";12;12;11,95819;"Denmark"
2021;3;"20to39";13;13;11,94277;"Denmark"
2021;4;"20to39";17;17;11,92737;"Denmark"
2021;5;"20to39";7;7;11,91199;"Denmark"
2021;6;"20to39";14;14;11,89663;"Denmark"
2021;7;"20to39";5;5;11,88129;"Denmark"
2021;8;"20to39";13;13;11,86596;"Denmark"
2021;9;"20to39";13;13;11,85066;"Denmark"
2021;10;"20to39";17;17;11,83538;"Denmark"
2021;11;"20to39";16;16;11,82012;"Denmark"
2021;12;"20to39";19;19;11,80487;"Denmark"
2021;13;"20to39";13;13;11,78965;"Denmark"
2021;14;"20to39";13;13;11,77445;"Denmark"
2021;15;"20to39";11;11;11,75926;"Denmark"
2021;16;"20to39";21;21;11,7441;"Denmark"
2021;17;"20to39";12;12;11,72895;"Denmark"
2021;18;"20to39";10;10;11,71383;"Denmark"
2021;19;"20to39";12;12;11,69872;"Denmark"
2021;20;"20to39";8;8;11,68363;"Denmark"
2021;21;"20to39";16;16;11,66857;"Denmark"
2021;22;"20to39";15;15;11,65352;"Denmark"
2021;23;"20to39";12;12;11,63849;"Denmark"
2021;24;"20to39";13;13;11,62348;"Denmark"
2021;25;"20to39";9;9;11,60849;"Denmark"
2021;26;"20to39";9;9;11,59352;"Denmark"
2021;27;"20to39";11;11;11,57857;"Denmark"
2021;28;"20to39";7;7;11,56364;"Denmark"
2021;29;"20to39";13;13;11,54872;"Denmark"
2021;30;"20to39";16;16;11,53383;"Denmark"
2021;31;"20to39";14;14;11,51896;"Denmark"
2021;32;"20to39";15;15;11,5041;"Denmark"
2021;33;"20to39";13;13;11,48927;"Denmark"
2021;34;"20to39";10;10;11,47445;"Denmark"
2021;35;"20to39";15;15;11,45965;"Denmark"
2021;36;"20to39";10;10;11,44487;"Denmark"
2021;37;"20to39";8;8;11,43011;"Denmark"
2021;38;"20to39";12;12;11,41537;"Denmark"
2021;39;"20to39";16;16;11,40065;"Denmark"
2021;40;"20to39";14;14;11,38595;"Denmark"
2021;41;"20to39";19;19;11,37127;"Denmark"
2021;42;"20to39";20;20;11,3566;"Denmark"
2021;43;"20to39";13;13;11,34196;"Denmark"
2021;44;"20to39";9;9;11,32733;"Denmark"
2021;45;"20to39";9;9;11,31272;"Denmark"
2021;46;"20to39";11;11;11,29813;"Denmark"
2021;47;"20to39";11;11;11,28356;"Denmark"
2021;48;"20to39";10;10;11,26901;"Denmark"
2021;49;"20to39";16;16;11,25448;"Denmark"
2021;50;"20to39";8;8;11,23997;"Denmark"
2021;51;"20to39";10;10;11,22547;"Denmark"
2021;52;"20to39";17;17;11,21099;"Denmark"
2022;1;"20to39";15;15;11,19654;"Denmark"
2022;2;"20to39";7;7;11,1821;"Denmark"
2022;3;"20to39";13;13,0136;11,16768;"Denmark"
2022;4;"20to39";18;18,59074;11,15328;"Denmark"
2022;5;"20to39";13;13,11687;11,13889;"Denmark"
2022;6;"20to39";22;24,99015;11,12453;"Denmark"
2022;7;"20to39";7;8,808489;11,11018;"Denmark"
2022;8;"20to39";5;7,768773;11,09585;"Denmark"
2022;9;"20to39";14;16,01293;11,08154;"Denmark"
2020;1;"40to49";17;17;19,56869;"Denmark"
2020;2;"40to49";33;33;19,5696;"Denmark"
2020;3;"40to49";24;24;19,57142;"Denmark"
2020;4;"40to49";15;15;19,57389;"Denmark"
2020;5;"40to49";25;25;19,57671;"Denmark"
2020;6;"40to49";16;16;19,5796;"Denmark"
2020;7;"40to49";17;17;19,58225;"Denmark"
2020;8;"40to49";28;28;19,58438;"Denmark"
2020;9;"40to49";19;19;19,5857;"Denmark"
2020;10;"40to49";25;25;19,58595;"Denmark"
2020;11;"40to49";20;20;19,58487;"Denmark"
2020;12;"40to49";25;25;19,58222;"Denmark"
2020;13;"40to49";18;18;19,57779;"Denmark"
2020;14;"40to49";25;25;19,57139;"Denmark"
2020;15;"40to49";22;22;19,56287;"Denmark"
2020;16;"40to49";19;19;19,5521;"Denmark"
2020;17;"40to49";33;33;19,53899;"Denmark"
2020;18;"40to49";22;22;19,52349;"Denmark"
2020;19;"40to49";24;24;19,50556;"Denmark"
2020;20;"40to49";19;19;19,48523;"Denmark"
2020;21;"40to49";17;17;19,46255;"Denmark"
2020;22;"40to49";14;14;19,43761;"Denmark"
2020;23;"40to49";14;14;19,41052;"Denmark"
2020;24;"40to49";21;21;19,38143;"Denmark"
2020;25;"40to49";26;26;19,35054;"Denmark"
2020;26;"40to49";12;12;19,31803;"Denmark"
2020;27;"40to49";11;11;19,28415;"Denmark"
2020;28;"40to49";12;12;19,24914;"Denmark"
2020;29;"40to49";22;22;19,21326;"Denmark"
2020;30;"40to49";18;18;19,1768;"Denmark"
2020;31;"40to49";25;25;19,14004;"Denmark"
2020;32;"40to49";21;21;19,10326;"Denmark"
2020;33;"40to49";21;21;19,06675;"Denmark"
2020;34;"40to49";16;16;19,0308;"Denmark"
2020;35;"40to49";9;9;18,99566;"Denmark"
2020;36;"40to49";23;23;18,96162;"Denmark"
2020;37;"40to49";15;15;18,9289;"Denmark"
2020;38;"40to49";13;13;18,89772;"Denmark"
2020;39;"40to49";15;15;18,8683;"Denmark"
2020;40;"40to49";16;16;18,8408;"Denmark"
2020;41;"40to49";17;17;18,81538;"Denmark"
2020;42;"40to49";20;20;18,79214;"Denmark"
2020;43;"40to49";23;23;18,77118;"Denmark"
2020;44;"40to49";23;23;18,75255;"Denmark"
2020;45;"40to49";19;19;18,73627;"Denmark"
2020;46;"40to49";22;22;18,72233;"Denmark"
2020;47;"40to49";17;17;18,71069;"Denmark"
2020;48;"40to49";26;26;18,70127;"Denmark"
2020;49;"40to49";23;23;18,69396;"Denmark"
2020;50;"40to49";25;25;18,68862;"Denmark"
2020;51;"40to49";20;20;18,6851;"Denmark"
2020;52;"40to49";19;19;18,6832;"Denmark"
2020;53;"40to49";29;29;18,68271;"Denmark"
2021;1;"40to49";23;23;18,68339;"Denmark"
2021;2;"40to49";14;14;18,68499;"Denmark"
2021;3;"40to49";17;17;18,68726;"Denmark"
2021;4;"40to49";18;18;18,68991;"Denmark"
2021;5;"40to49";18;18;18,69267;"Denmark"
2021;6;"40to49";25;25;18,69526;"Denmark"
2021;7;"40to49";20;20;18,69741;"Denmark"
2021;8;"40to49";17;17;18,69883;"Denmark"
2021;9;"40to49";19;19;18,69927;"Denmark"
2021;10;"40to49";17;17;18,69848;"Denmark"
2021;11;"40to49";26;26;18,69624;"Denmark"
2021;12;"40to49";21;21;18,69233;"Denmark"
2021;13;"40to49";15;15;18,68657;"Denmark"
2021;14;"40to49";16;16;18,67881;"Denmark"
2021;15;"40to49";25;25;18,66892;"Denmark"
2021;16;"40to49";19;19;18,65682;"Denmark"
2021;17;"40to49";23;23;18,64242;"Denmark"
2021;18;"40to49";27;27;18,62573;"Denmark"
2021;19;"40to49";22;22;18,60673;"Denmark"
2021;20;"40to49";23;23;18,58548;"Denmark"
2021;21;"40to49";20;20;18,56204;"Denmark"
2021;22;"40to49";16;16;18,53654;"Denmark"
2021;23;"40to49";25;25;18,5091;"Denmark"
2021;24;"40to49";16;16;18,4799;"Denmark"
2021;25;"40to49";19;19;18,44912;"Denmark"
2021;26;"40to49";19;19;18,417;"Denmark"
2021;27;"40to49";16;16;18,38374;"Denmark"
2021;28;"40to49";19;19;18,34962;"Denmark"
2021;29;"40to49";26;26;18,31489;"Denmark"
2021;30;"40to49";26;26;18,27983;"Denmark"
2021;31;"40to49";20;20;18,2447;"Denmark"
2021;32;"40to49";16;16;18,20978;"Denmark"
2021;33;"40to49";21;21;18,17533;"Denmark"
2021;34;"40to49";21;21;18,14163;"Denmark"
2021;35;"40to49";26;26;18,10892;"Denmark"
2021;36;"40to49";21;21;18,07744;"Denmark"
2021;37;"40to49";15;15;18,0474;"Denmark"
2021;38;"40to49";19;19;18,01899;"Denmark"
2021;39;"40to49";22;22;17,9924;"Denmark"
2021;40;"40to49";23;23;17,96776;"Denmark"
2021;41;"40to49";19;19;17,94519;"Denmark"
2021;42;"40to49";15;15;17,92478;"Denmark"
2021;43;"40to49";15;15;17,90659;"Denmark"
2021;44;"40to49";14;14;17,89065;"Denmark"
2021;45;"40to49";21;21;17,87694;"Denmark"
2021;46;"40to49";26;26;17,86543;"Denmark"
2021;47;"40to49";29;29;17,85606;"Denmark"
2021;48;"40to49";25;25;17,84873;"Denmark"
2021;49;"40to49";23;23;17,84331;"Denmark"
2021;50;"40to49";20;20;17,83965;"Denmark"
2021;51;"40to49";16;16;17,83757;"Denmark"
2021;52;"40to49";19;19;17,83687;"Denmark"
2022;1;"40to49";24;24;17,83733;"Denmark"
2022;2;"40to49";30;30;17,83873;"Denmark"
2022;3;"40to49";16;16,8387;17,84079;"Denmark"
2022;4;"40to49";25;25,32875;17,84328;"Denmark"
2022;5;"40to49";20;20,39964;17,84592;"Denmark"
2022;6;"40to49";18;18,75026;17,84844;"Denmark"
2022;7;"40to49";19;19,86534;17,85059;"Denmark"
2022;8;"40to49";19;20,17842;17,85209;"Denmark"
2022;9;"40to49";20;22,47809;17,85269;"Denmark"
2020;1;"50to54";20;20;21,38842;"Denmark"
2020;2;"50to54";34;34;21,41199;"Denmark"
2020;3;"50to54";19;19;21,46461;"Denmark"
2020;4;"50to54";24;24;21,5456;"Denmark"
2020;5;"50to54";35;35;21,65395;"Denmark"
2020;6;"50to54";31;31;21,78839;"Denmark"
2020;7;"50to54";29;29;21,94727;"Denmark"
2020;8;"50to54";29;29;22,12867;"Denmark"
2020;9;"50to54";23;23;22,33033;"Denmark"
2020;10;"50to54";20;20;22,54968;"Denmark"
2020;11;"50to54";19;19;22,78384;"Denmark"
2020;12;"50to54";26;26;23,02964;"Denmark"
2020;13;"50to54";19;19;23,28365;"Denmark"
2020;14;"50to54";26;26;23,54219;"Denmark"
2020;15;"50to54";19;19;23,80143;"Denmark"
2020;16;"50to54";17;17;24,05734;"Denmark"
2020;17;"50to54";17;17;24,30586;"Denmark"
2020;18;"50to54";23;23;24,5429;"Denmark"
2020;19;"50to54";36;36;24,76446;"Denmark"
2020;20;"50to54";22;22;24,96666;"Denmark"
2020;21;"50to54";14;14;25,1459;"Denmark"
2020;22;"50to54";27;27;25,29889;"Denmark"
2020;23;"50to54";22;22;25,42274;"Denmark"
2020;24;"50to54";20;20;25,51508;"Denmark"
2020;25;"50to54";27;27;25,57405;"Denmark"
2020;26;"50to54";18;18;25,59842;"Denmark"
2020;27;"50to54";27;27;25,58757;"Denmark"
2020;28;"50to54";24;24;25,54157;"Denmark"
2020;29;"50to54";23;23;25,46111;"Denmark"
2020;30;"50to54";14;14;25,34753;"Denmark"
2020;31;"50to54";27;27;25,20275;"Denmark"
2020;32;"50to54";23;23;25,02924;"Denmark"
2020;33;"50to54";24;24;24,82995;"Denmark"
2020;34;"50to54";22;22;24,60821;"Denmark"
2020;35;"50to54";20;20;24,36767;"Denmark"
2020;36;"50to54";13;13;24,11222;"Denmark"
2020;37;"50to54";21;21;23,84587;"Denmark"
2020;38;"50to54";29;29;23,57269;"Denmark"
2020;39;"50to54";24;24;23,29673;"Denmark"
2020;40;"50to54";23;23;23,02197;"Denmark"
2020;41;"50to54";11;11;22,75219;"Denmark"
2020;42;"50to54";26;26;22,49102;"Denmark"
2020;43;"50to54";29;29;22,2418;"Denmark"
2020;44;"50to54";12;12;22,00764;"Denmark"
2020;45;"50to54";29;29;21,79132;"Denmark"
2020;46;"50to54";27;27;21,59531;"Denmark"
2020;47;"50to54";19;19;21,4218;"Denmark"
2020;48;"50to54";23;23;21,27261;"Denmark"
2020;49;"50to54";20;20;21,14928;"Denmark"
2020;50;"50to54";18;18;21,05301;"Denmark"
2020;51;"50to54";25;25;20,98469;"Denmark"
2020;52;"50to54";14;14;20,94493;"Denmark"
2020;53;"50to54";26;26;20,93401;"Denmark"
2021;1;"50to54";25;25;20,95192;"Denmark"
2021;2;"50to54";23;23;20,99834;"Denmark"
2021;3;"50to54";19;19;21,07268;"Denmark"
2021;4;"50to54";25;25;21,174;"Denmark"
2021;5;"50to54";25;25;21,3011;"Denmark"
2021;6;"50to54";27;27;21,45244;"Denmark"
2021;7;"50to54";29;29;21,62618;"Denmark"
2021;8;"50to54";24;24;21,82018;"Denmark"
2021;9;"50to54";17;17;22,03196;"Denmark"
2021;10;"50to54";30;30;22,25876;"Denmark"
2021;11;"50to54";27;27;22,49754;"Denmark"
2021;12;"50to54";20;20;22,74498;"Denmark"
2021;13;"50to54";15;15;22,99752;"Denmark"
2021;14;"50to54";23;23;23,25143;"Denmark"
2021;15;"50to54";17;17;23,5028;"Denmark"
2021;16;"50to54";16;16;23,74765;"Denmark"
2021;17;"50to54";21;21;23,98198;"Denmark"
2021;18;"50to54";23;23;24,20185;"Denmark"
2021;19;"50to54";18;18;24,40345;"Denmark"
2021;20;"50to54";23;23;24,58318;"Denmark"
2021;21;"50to54";13;13;24,73777;"Denmark"
2021;22;"50to54";27;27;24,86432;"Denmark"
2021;23;"50to54";21;21;24,9604;"Denmark"
2021;24;"50to54";22;22;25,02411;"Denmark"
2021;25;"50to54";29;29;25,05412;"Denmark"
2021;26;"50to54";28;28;25,04973;"Denmark"
2021;27;"50to54";11;11;25,01086;"Denmark"
2021;28;"50to54";21;21;24,9381;"Denmark"
2021;29;"50to54";22;22;24,83263;"Denmark"
2021;30;"50to54";21;21;24,69626;"Denmark"
2021;31;"50to54";26;26;24,53129;"Denmark"
2021;32;"50to54";20;20;24,34053;"Denmark"
2021;33;"50to54";22;22;24,12719;"Denmark"
2021;34;"50to54";22;22;23,89479;"Denmark"
2021;35;"50to54";18;18;23,64709;"Denmark"
2021;36;"50to54";23;23;23,38801;"Denmark"
2021;37;"50to54";21;21;23,12153;"Denmark"
2021;38;"50to54";21;21;22,85162;"Denmark"
2021;39;"50to54";16;16;22,58219;"Denmark"
2021;40;"50to54";27;27;22,31699;"Denmark"
2021;41;"50to54";27;27;22,05958;"Denmark"
2021;42;"50to54";26;26;21,81331;"Denmark"
2021;43;"50to54";20;20;21,58125;"Denmark"
2021;44;"50to54";19;19;21,36618;"Denmark"
2021;45;"50to54";15;15;21,17059;"Denmark"
2021;46;"50to54";23;23;20,99664;"Denmark"
2021;47;"50to54";19;19;20,84621;"Denmark"
2021;48;"50to54";27;27;20,72084;"Denmark"
2021;49;"50to54";21;21;20,62177;"Denmark"
2021;50;"50to54";18;18;20,54993;"Denmark"
2021;51;"50to54";22;22;20,50595;"Denmark"
2021;52;"50to54";21;21;20,49017;"Denmark"
2022;1;"50to54";44;44;20,50263;"Denmark"
2022;2;"50to54";17;17;20,54309;"Denmark"
2022;3;"50to54";19;19,57644;20,61098;"Denmark"
2022;4;"50to54";19;19,60348;20,70548;"Denmark"
2022;5;"50to54";25;25;20,82545;"Denmark"
2022;6;"50to54";20;20,58084;20,96943;"Denmark"
2022;7;"50to54";19;19,95543;21,1357;"Denmark"
2022;8;"50to54";15;17,25729;21,32218;"Denmark"
2022;9;"50to54";19;21,33882;21,52653;"Denmark"
2020;1;"55to59";42;42;35,80514;"Denmark"
2020;2;"55to59";30;30;35,7748;"Denmark"
2020;3;"55to59";29;29;35,75055;"Denmark"
2020;4;"55to59";37;37;35,73228;"Denmark"
2020;5;"55to59";45;45;35,71985;"Denmark"
2020;6;"55to59";49;49;35,71299;"Denmark"
2020;7;"55to59";33;33;35,71139;"Denmark"
2020;8;"55to59";45;45;35,71464;"Denmark"
2020;9;"55to59";38;38;35,72227;"Denmark"
2020;10;"55to59";41;41;35,73376;"Denmark"
2020;11;"55to59";42;42;35,74852;"Denmark"
2020;12;"55to59";35;35;35,76591;"Denmark"
2020;13;"55to59";37;37;35,78527;"Denmark"
2020;14;"55to59";34;34;35,8059;"Denmark"
2020;15;"55to59";31;31;35,82707;"Denmark"
2020;16;"55to59";42;42;35,84805;"Denmark"
2020;17;"55to59";45;45;35,86812;"Denmark"
2020;18;"55to59";33;33;35,88656;"Denmark"
2020;19;"55to59";36;36;35,90267;"Denmark"
2020;20;"55to59";36;36;35,9158;"Denmark"
2020;21;"55to59";33;33;35,92532;"Denmark"
2020;22;"55to59";25;25;35,93067;"Denmark"
2020;23;"55to59";35;35;35,93135;"Denmark"
2020;24;"55to59";39;39;35,92692;"Denmark"
2020;25;"55to59";25;25;35,91702;"Denmark"
2020;26;"55to59";50;50;35,90138;"Denmark"
2020;27;"55to59";47;47;35,87981;"Denmark"
2020;28;"55to59";35;35;35,85219;"Denmark"
2020;29;"55to59";44;44;35,81854;"Denmark"
2020;30;"55to59";36;36;35,77891;"Denmark"
2020;31;"55to59";45;45;35,7335;"Denmark"
2020;32;"55to59";38;38;35,68254;"Denmark"
2020;33;"55to59";50;50;35,62639;"Denmark"
2020;34;"55to59";29;29;35,56545;"Denmark"
2020;35;"55to59";40;40;35,50021;"Denmark"
2020;36;"55to59";27;27;35,43123;"Denmark"
2020;37;"55to59";42;42;35,35909;"Denmark"
2020;38;"55to59";39;39;35,28445;"Denmark"
2020;39;"55to59";36;36;35,20797;"Denmark"
2020;40;"55to59";35;35;35,13037;"Denmark"
2020;41;"55to59";33;33;35,05236;"Denmark"
2020;42;"55to59";46;46;34,97465;"Denmark"
2020;43;"55to59";40;40;34,89794;"Denmark"
2020;44;"55to59";42;42;34,82294;"Denmark"
2020;45;"55to59";38;38;34,7503;"Denmark"
2020;46;"55to59";28;28;34,68064;"Denmark"
2020;47;"55to59";38;38;34,61456;"Denmark"
2020;48;"55to59";36;36;34,55256;"Denmark"
2020;49;"55to59";39;39;34,49512;"Denmark"
2020;50;"55to59";36;36;34,44263;"Denmark"
2020;51;"55to59";41;41;34,39544;"Denmark"
2020;52;"55to59";34;34;34,35379;"Denmark"
2020;53;"55to59";32;32;34,31785;"Denmark"
2021;1;"55to59";37;37;34,28773;"Denmark"
2021;2;"55to59";45;45;34,26344;"Denmark"
2021;3;"55to59";36;36;34,24492;"Denmark"
2021;4;"55to59";42;42;34,23201;"Denmark"
2021;5;"55to59";38;38;34,2245;"Denmark"
2021;6;"55to59";40;40;34,22208;"Denmark"
2021;7;"55to59";41;41;34,22439;"Denmark"
2021;8;"55to59";32;32;34,23099;"Denmark"
2021;9;"55to59";32;32;34,24137;"Denmark"
2021;10;"55to59";41;41;34,25499;"Denmark"
2021;11;"55to59";45;45;34,27126;"Denmark"
2021;12;"55to59";38;38;34,28952;"Denmark"
2021;13;"55to59";45;45;34,30911;"Denmark"
2021;14;"55to59";39;39;34,32936;"Denmark"
2021;15;"55to59";38;38;34,34955;"Denmark"
2021;16;"55to59";40;40;34,36899;"Denmark"
2021;17;"55to59";47;47;34,38699;"Denmark"
2021;18;"55to59";37;37;34,40288;"Denmark"
2021;19;"55to59";37;37;34,41602;"Denmark"
2021;20;"55to59";34;34;34,42581;"Denmark"
2021;21;"55to59";43;43;34,4317;"Denmark"
2021;22;"55to59";43;43;34,43319;"Denmark"
2021;23;"55to59";34;34;34,42985;"Denmark"
2021;24;"55to59";38;38;34,42133;"Denmark"
2021;25;"55to59";41;41;34,40735;"Denmark"
2021;26;"55to59";38;38;34,3877;"Denmark"
2021;27;"55to59";35;35;34,36229;"Denmark"
2021;28;"55to59";40;40;34,33107;"Denmark"
2021;29;"55to59";43;43;34,29412;"Denmark"
2021;30;"55to59";45;45;34,25158;"Denmark"
2021;31;"55to59";31;31;34,20369;"Denmark"
2021;32;"55to59";42;42;34,15074;"Denmark"
2021;33;"55to59";30;30;34,09314;"Denmark"
2021;34;"55to59";31;31;34,03133;"Denmark"
2021;35;"55to59";32;32;33,96582;"Denmark"
2021;36;"55to59";37;37;33,89719;"Denmark"
2021;37;"55to59";43;43;33,82605;"Denmark"
2021;38;"55to59";43;43;33,75303;"Denmark"
2021;39;"55to59";43;43;33,67881;"Denmark"
2021;40;"55to59";40;40;33,60407;"Denmark"
2021;41;"55to59";42;42;33,5295;"Denmark"
2021;42;"55to59";37;37;33,45577;"Denmark"
2021;43;"55to59";57;57;33,38355;"Denmark"
2021;44;"55to59";34;34;33,31349;"Denmark"
2021;45;"55to59";41;41;33,24618;"Denmark"
2021;46;"55to59";40;40;33,18219;"Denmark"
2021;47;"55to59";39;39;33,12204;"Denmark"
2021;48;"55to59";39;39;33,06618;"Denmark"
2021;49;"55to59";41;41;33,015;"Denmark"
2021;50;"55to59";46;46;32,96885;"Denmark"
2021;51;"55to59";40;40;32,92796;"Denmark"
2021;52;"55to59";41;41;32,89253;"Denmark"
2022;1;"55to59";47;47;32,86266;"Denmark"
2022;2;"55to59";45;45;32,83838;"Denmark"
2022;3;"55to59";45;45,6915;32,81964;"Denmark"
2022;4;"55to59";43;43,56878;32,80632;"Denmark"
2022;5;"55to59";31;32,44708;32,79821;"Denmark"
2022;6;"55to59";33;34,2334;32,79504;"Denmark"
2022;7;"55to59";41;42,12157;32,79646;"Denmark"
2022;8;"55to59";46;48,31077;32,80208;"Denmark"
2022;9;"55to59";32;36,00386;32,81141;"Denmark"
2020;1;"60to64";66;66;58,61852;"Denmark"
2020;2;"60to64";69;69;58,61527;"Denmark"
2020;3;"60to64";55;55;58,58096;"Denmark"
2020;4;"60to64";66;66;58,5156;"Denmark"
2020;5;"60to64";62;62;58,41969;"Denmark"
2020;6;"60to64";50;50;58,29422;"Denmark"
2020;7;"60to64";59;59;58,14065;"Denmark"
2020;8;"60to64";60;60;57,96087;"Denmark"
2020;9;"60to64";43;43;57,7572;"Denmark"
2020;10;"60to64";61;61;57,53226;"Denmark"
2020;11;"60to64";69;69;57,28904;"Denmark"
2020;12;"60to64";57;57;57,03073;"Denmark"
2020;13;"60to64";57;57;56,76073;"Denmark"
2020;14;"60to64";60;60;56,48257;"Denmark"
2020;15;"60to64";66;66;56,19986;"Denmark"
2020;16;"60to64";58;58;55,91623;"Denmark"
2020;17;"60to64";46;46;55,63526;"Denmark"
2020;18;"60to64";47;47;55,36045;"Denmark"
2020;19;"60to64";50;50;55,09515;"Denmark"
2020;20;"60to64";51;51;54,84256;"Denmark"
2020;21;"60to64";59;59;54,60562;"Denmark"
2020;22;"60to64";62;62;54,38705;"Denmark"
2020;23;"60to64";64;64;54,18928;"Denmark"
2020;24;"60to64";54;54;54,01443;"Denmark"
2020;25;"60to64";56;56;53,8643;"Denmark"
2020;26;"60to64";50;50;53,74037;"Denmark"
2020;27;"60to64";66;66;53,64373;"Denmark"
2020;28;"60to64";56;56;53,57514;"Denmark"
2020;29;"60to64";47;47;53,53498;"Denmark"
2020;30;"60to64";61;61;53,52327;"Denmark"
2020;31;"60to64";49;49;53,53967;"Denmark"
2020;32;"60to64";45;45;53,58346;"Denmark"
2020;33;"60to64";56;56;53,65357;"Denmark"
2020;34;"60to64";57;57;53,74859;"Denmark"
2020;35;"60to64";54;54;53,86677;"Denmark"
2020;36;"60to64";59;59;54,00604;"Denmark"
2020;37;"60to64";65;65;54,16403;"Denmark"
2020;38;"60to64";54;54;54,3381;"Denmark"
2020;39;"60to64";59;59;54,52535;"Denmark"
2020;40;"60to64";45;45;54,72268;"Denmark"
2020;41;"60to64";63;63;54,92682;"Denmark"
2020;42;"60to64";47;47;55,13434;"Denmark"
2020;43;"60to64";72;72;55,34174;"Denmark"
2020;44;"60to64";73;73;55,54548;"Denmark"
2020;45;"60to64";51;51;55,74201;"Denmark"
2020;46;"60to64";55;55;55,92789;"Denmark"
2020;47;"60to64";55;55;56,09976;"Denmark"
2020;48;"60to64";56;56;56,25448;"Denmark"
2020;49;"60to64";47;47;56,38912;"Denmark"
2020;50;"60to64";53;53;56,50105;"Denmark"
2020;51;"60to64";64;64;56,58798;"Denmark"
2020;52;"60to64";67;67;56,64802;"Denmark"
2020;53;"60to64";59;59;56,67967;"Denmark"
2021;1;"60to64";80;80;56,6819;"Denmark"
2021;2;"60to64";60;60;56,65415;"Denmark"
2021;3;"60to64";65;65;56,59633;"Denmark"
2021;4;"60to64";58;58;56,50885;"Denmark"
2021;5;"60to64";56;56;56,39257;"Denmark"
2021;6;"60to64";66;66;56,24884;"Denmark"
2021;7;"60to64";70;70;56,07941;"Denmark"
2021;8;"60to64";52;52;55,88644;"Denmark"
2021;9;"60to64";54;54;55,67244;"Denmark"
2021;10;"60to64";52;52;55,44021;"Denmark"
2021;11;"60to64";57;57;55,19282;"Denmark"
2021;12;"60to64";54;54;54,93352;"Denmark"
2021;13;"60to64";61;61;54,66571;"Denmark"
2021;14;"60to64";48;48;54,39288;"Denmark"
2021;15;"60to64";53;53;54,11852;"Denmark"
2021;16;"60to64";49;49;53,84611;"Denmark"
2021;17;"60to64";57;57;53,57906;"Denmark"
2021;18;"60to64";54;54;53,32064;"Denmark"
2021;19;"60to64";65;65;53,07396;"Denmark"
2021;20;"60to64";56;56;52,84192;"Denmark"
2021;21;"60to64";57;57;52,62719;"Denmark"
2021;22;"60to64";51;51;52,43217;"Denmark"
2021;23;"60to64";66;66;52,25897;"Denmark"
2021;24;"60to64";47;47;52,10939;"Denmark"
2021;25;"60to64";49;49;51,9849;"Denmark"
2021;26;"60to64";41;41;51,88664;"Denmark"
2021;27;"60to64";45;45;51,81539;"Denmark"
2021;28;"60to64";52;52;51,7716;"Denmark"
2021;29;"60to64";58;58;51,75534;"Denmark"
2021;30;"60to64";64;64;51,76635;"Denmark"
2021;31;"60to64";62;62;51,80399;"Denmark"
2021;32;"60to64";53;53;51,8673;"Denmark"
2021;33;"60to64";56;56;51,95496;"Denmark"
2021;34;"60to64";49;49;52,06534;"Denmark"
2021;35;"60to64";41;41;52,1965;"Denmark"
2021;36;"60to64";49;49;52,34619;"Denmark"
2021;37;"60to64";54;54;52,51191;"Denmark"
2021;38;"60to64";56;56;52,6909;"Denmark"
2021;39;"60to64";73;73;52,88019;"Denmark"
2021;40;"60to64";64;64;53,07664;"Denmark"
2021;41;"60to64";56;56;53,27697;"Denmark"
2021;42;"60to64";54;54;53,47779;"Denmark"
2021;43;"60to64";61;61;53,67569;"Denmark"
2021;44;"60to64";67;67;53,86723;"Denmark"
2021;45;"60to64";57;57;54,04907;"Denmark"
2021;46;"60to64";51;51;54,21793;"Denmark"
2021;47;"60to64";73;73;54,37074;"Denmark"
2021;48;"60to64";65;65;54,50462;"Denmark"
2021;49;"60to64";70;70;54,61698;"Denmark"
2021;50;"60to64";73;73;54,70554;"Denmark"
2021;51;"60to64";70;70;54,7684;"Denmark"
2021;52;"60to64";57;57;54,80403;"Denmark"
2022;1;"60to64";63;63;54,81136;"Denmark"
2022;2;"60to64";57;57;54,78976;"Denmark"
2022;3;"60to64";51;51,98367;54,73907;"Denmark"
2022;4;"60to64";53;53,85823;54,65959;"Denmark"
2022;5;"60to64";70;71,79621;54,55209;"Denmark"
2022;6;"60to64";64;65,30812;54,41777;"Denmark"
2022;7;"60to64";67;68,89921;54,25827;"Denmark"
2022;8;"60to64";66;68,66048;54,0756;"Denmark"
2022;9;"60to64";55;60,23192;53,87213;"Denmark"
2020;1;"65to69";115;115;91,64767;"Denmark"
2020;2;"65to69";78;78;91,60145;"Denmark"
2020;3;"65to69";98;98;91,51119;"Denmark"
2020;4;"65to69";85;85;91,3786;"Denmark"
2020;5;"65to69";86;86;91,20606;"Denmark"
2020;6;"65to69";92;92;90,99658;"Denmark"
2020;7;"65to69";89;89;90,75371;"Denmark"
2020;8;"65to69";102;102;90,4815;"Denmark"
2020;9;"65to69";80;80;90,18443;"Denmark"
2020;10;"65to69";86;86;89,86729;"Denmark"
2020;11;"65to69";112;112;89,53516;"Denmark"
2020;12;"65to69";88;88;89,19327;"Denmark"
2020;13;"65to69";84;84;88,84693;"Denmark"
2020;14;"65to69";94;94;88,50146;"Denmark"
2020;15;"65to69";94;94;88,16211;"Denmark"
2020;16;"65to69";91;91;87,83399;"Denmark"
2020;17;"65to69";93;93;87,52196;"Denmark"
2020;18;"65to69";69;69;87,23064;"Denmark"
2020;19;"65to69";89;89;86,96428;"Denmark"
2020;20;"65to69";83;83;86,72678;"Denmark"
2020;21;"65to69";78;78;86,52159;"Denmark"
2020;22;"65to69";91;91;86,35173;"Denmark"
2020;23;"65to69";75;75;86,21969;"Denmark"
2020;24;"65to69";81;81;86,12749;"Denmark"
2020;25;"65to69";82;82;86,07659;"Denmark"
2020;26;"65to69";76;76;86,06793;"Denmark"
2020;27;"65to69";92;92;86,10188;"Denmark"
2020;28;"65to69";80;80;86,17827;"Denmark"
2020;29;"65to69";79;79;86,29636;"Denmark"
2020;30;"65to69";81;81;86,45489;"Denmark"
2020;31;"65to69";89;89;86,65204;"Denmark"
2020;32;"65to69";71;71;86,88547;"Denmark"
2020;33;"65to69";74;74;87,15234;"Denmark"
2020;34;"65to69";95;95;87,44936;"Denmark"
2020;35;"65to69";82;82;87,77276;"Denmark"
2020;36;"65to69";81;81;88,11839;"Denmark"
2020;37;"65to69";71;71;88,48174;"Denmark"
2020;38;"65to69";80;80;88,85801;"Denmark"
2020;39;"65to69";79;79;89,24212;"Denmark"
2020;40;"65to69";90;90;89,62885;"Denmark"
2020;41;"65to69";81;81;90,01286;"Denmark"
2020;42;"65to69";88;88;90,38878;"Denmark"
2020;43;"65to69";78;78;90,7513;"Denmark"
2020;44;"65to69";75;75;91,09524;"Denmark"
2020;45;"65to69";79;79;91,41566;"Denmark"
2020;46;"65to69";110;110;91,70792;"Denmark"
2020;47;"65to69";87;87;91,96778;"Denmark"
2020;48;"65to69";71;71;92,19146;"Denmark"
2020;49;"65to69";89;89;92,37573;"Denmark"
2020;50;"65to69";84;84;92,51796;"Denmark"
2020;51;"65to69";105;105;92,61618;"Denmark"
2020;52;"65to69";104;104;92,66911;"Denmark"
2020;53;"65to69";104;104;92,6762;"Denmark"
2021;1;"65to69";93;93;92,6376;"Denmark"
2021;2;"65to69";101;101;92,55424;"Denmark"
2021;3;"65to69";90;90;92,42771;"Denmark"
2021;4;"65to69";109;109;92,26031;"Denmark"
2021;5;"65to69";111;111;92,05496;"Denmark"
2021;6;"65to69";85;85;91,81516;"Denmark"
2021;7;"65to69";90;90;91,54493;"Denmark"
2021;8;"65to69";71;71;91,24871;"Denmark"
2021;9;"65to69";72;72;90,93131;"Denmark"
2021;10;"65to69";93;93;90,59781;"Denmark"
2021;11;"65to69";74;74;90,25347;"Denmark"
2021;12;"65to69";87;87;89,90367;"Denmark"
2021;13;"65to69";77;77;89,55378;"Denmark"
2021;14;"65to69";84;84;89,20914;"Denmark"
2021;15;"65to69";79;79;88,87493;"Denmark"
2021;16;"65to69";98;98;88,55614;"Denmark"
2021;17;"65to69";89;89;88,25746;"Denmark"
2021;18;"65to69";88;88;87,98327;"Denmark"
2021;19;"65to69";82;82;87,73759;"Denmark"
2021;20;"65to69";67;67;87,52399;"Denmark"
2021;21;"65to69";84;84;87,3456;"Denmark"
2021;22;"65to69";60;60;87,20503;"Denmark"
2021;23;"65to69";78;78;87,10442;"Denmark"
2021;24;"65to69";66;66;87,04535;"Denmark"
2021;25;"65to69";78;78;87,02886;"Denmark"
2021;26;"65to69";79;79;87,05543;"Denmark"
2021;27;"65to69";72;72;87,12499;"Denmark"
2021;28;"65to69";93;93;87,23689;"Denmark"
2021;29;"65to69";75;75;87,38995;"Denmark"
2021;30;"65to69";70;70;87,58243;"Denmark"
2021;31;"65to69";100;100;87,81207;"Denmark"
2021;32;"65to69";76;76;88,07608;"Denmark"
2021;33;"65to69";94;94;88,37119;"Denmark"
2021;34;"65to69";85;85;88,69371;"Denmark"
2021;35;"65to69";79;79;89,03949;"Denmark"
2021;36;"65to69";95;95;89,40403;"Denmark"
2021;37;"65to69";82;82;89,78252;"Denmark"
2021;38;"65to69";91;91;90,16989;"Denmark"
2021;39;"65to69";81;81;90,56086;"Denmark"
2021;40;"65to69";88;88;90,95006;"Denmark"
2021;41;"65to69";97;97;91,33206;"Denmark"
2021;42;"65to69";91;91;91,70146;"Denmark"
2021;43;"65to69";85;85;92,05301;"Denmark"
2021;44;"65to69";84;84;92,38165;"Denmark"
2021;45;"65to69";98;98;92,68263;"Denmark"
2021;46;"65to69";88;88;92,95159;"Denmark"
2021;47;"65to69";82;82;93,18461;"Denmark"
2021;48;"65to69";86;86;93,37833;"Denmark"
2021;49;"65to69";91;91;93,52997;"Denmark"
2021;50;"65to69";89;89;93,63742;"Denmark"
2021;51;"65to69";94;94;93,69925;"Denmark"
2021;52;"65to69";100;100;93,71476;"Denmark"
2022;1;"65to69";113;113;93,68401;"Denmark"
2022;2;"65to69";73;73;93,60776;"Denmark"
2022;3;"65to69";95;96,04322;93,48752;"Denmark"
2022;4;"65to69";94;95,40617;93,32549;"Denmark"
2022;5;"65to69";102;104,6741;93,12451;"Denmark"
2022;6;"65to69";87;88,80652;92,88801;"Denmark"
2022;7;"65to69";87;89,24259;92,61998;"Denmark"
2022;8;"65to69";91;94,50402;92,32482;"Denmark"
2022;9;"65to69";89;96,13436;92,00736;"Denmark"
2020;1;"70to74";143;143;117,3627;"Denmark"
2020;2;"70to74";146;146;117,0546;"Denmark"
2020;3;"70to74";132;132;116,8781;"Denmark"
2020;4;"70to74";141;141;116,8348;"Denmark"
2020;5;"70to74";129;129;116,9249;"Denmark"
2020;6;"70to74";119;119;117,147;"Denmark"
2020;7;"70to74";132;132;117,4984;"Denmark"
2020;8;"70to74";122;122;117,9747;"Denmark"
2020;9;"70to74";144;144;118,5702;"Denmark"
2020;10;"70to74";133;133;119,2775;"Denmark"
2020;11;"70to74";132;132;120,0881;"Denmark"
2020;12;"70to74";142;142;120,9916;"Denmark"
2020;13;"70to74";154;154;121,9766;"Denmark"
2020;14;"70to74";162;162;123,0301;"Denmark"
2020;15;"70to74";161;161;124,1379;"Denmark"
2020;16;"70to74";128;128;125,2847;"Denmark"
2020;17;"70to74";143;143;126,4542;"Denmark"
2020;18;"70to74";122;122;127,6293;"Denmark"
2020;19;"70to74";118;118;128,7922;"Denmark"
2020;20;"70to74";128;128;129,9252;"Denmark"
2020;21;"70to74";130;130;131,0101;"Denmark"
2020;22;"70to74";126;126;132,0293;"Denmark"
2020;23;"70to74";120;120;132,9659;"Denmark"
2020;24;"70to74";127;127;133,804;"Denmark"
2020;25;"70to74";109;109;134,5288;"Denmark"
2020;26;"70to74";123;123;135,1277;"Denmark"
2020;27;"70to74";108;108;135,5897;"Denmark"
2020;28;"70to74";121;121;135,9064;"Denmark"
2020;29;"70to74";136;136;136,0717;"Denmark"
2020;30;"70to74";110;110;136,0822;"Denmark"
2020;31;"70to74";132;132;135,9375;"Denmark"
2020;32;"70to74";116;116;135,6398;"Denmark"
2020;33;"70to74";148;148;135,1938;"Denmark"
2020;34;"70to74";103;103;134,6071;"Denmark"
2020;35;"70to74";129;129;133,8897;"Denmark"
2020;36;"70to74";129;129;133,0536;"Denmark"
2020;37;"70to74";114;114;132,1125;"Denmark"
2020;38;"70to74";125;125;131,082;"Denmark"
2020;39;"70to74";134;134;129,9786;"Denmark"
2020;40;"70to74";115;115;128,8197;"Denmark"
2020;41;"70to74";118;118;127,6232;"Denmark"
2020;42;"70to74";136;136;126,4069;"Denmark"
2020;43;"70to74";122;122;125,1887;"Denmark"
2020;44;"70to74";123;123;123,9859;"Denmark"
2020;45;"70to74";113;113;122,8151;"Denmark"
2020;46;"70to74";124;124;121,6919;"Denmark"
2020;47;"70to74";134;134;120,631;"Denmark"
2020;48;"70to74";145;145;119,6458;"Denmark"
2020;49;"70to74";136;136;118,7482;"Denmark"
2020;50;"70to74";120;120;117,949;"Denmark"
2020;51;"70to74";158;158;117,2574;"Denmark"
2020;52;"70to74";154;154;116,6812;"Denmark"
2020;53;"70to74";147;147;116,2266;"Denmark"
2021;1;"70to74";141;141;115,8984;"Denmark"
2021;2;"70to74";156;156;115,7001;"Denmark"
2021;3;"70to74";159;159;115,6335;"Denmark"
2021;4;"70to74";155;155;115,6989;"Denmark"
2021;5;"70to74";136;136;115,8954;"Denmark"
2021;6;"70to74";143;143;116,2204;"Denmark"
2021;7;"70to74";119;119;116,67;"Denmark"
2021;8;"70to74";90;90;117,2386;"Denmark"
2021;9;"70to74";127;127;117,9193;"Denmark"
2021;10;"70to74";143;143;118,7039;"Denmark"
2021;11;"70to74";138;138;119,5824;"Denmark"
2021;12;"70to74";118;118;120,5437;"Denmark"
2021;13;"70to74";128;128;121,5751;"Denmark"
2021;14;"70to74";123;123;122,663;"Denmark"
2021;15;"70to74";125;125;123,7922;"Denmark"
2021;16;"70to74";126;126;124,9469;"Denmark"
2021;17;"70to74";124;124;126,1102;"Denmark"
2021;18;"70to74";162;162;127,2647;"Denmark"
2021;19;"70to74";127;127;128,3927;"Denmark"
2021;20;"70to74";162;162;129,4763;"Denmark"
2021;21;"70to74";114;114;130,4981;"Denmark"
2021;22;"70to74";124;124;131,441;"Denmark"
2021;23;"70to74";129;129;132,2891;"Denmark"
2021;24;"70to74";128;128;133,0276;"Denmark"
2021;25;"70to74";129;129;133,6436;"Denmark"
2021;26;"70to74";142;142;134,126;"Denmark"
2021;27;"70to74";111;111;134,4658;"Denmark"
2021;28;"70to74";117;117;134,6567;"Denmark"
2021;29;"70to74";147;147;134,6949;"Denmark"
2021;30;"70to74";130;130;134,5792;"Denmark"
2021;31;"70to74";122;122;134,3115;"Denmark"
2021;32;"70to74";127;127;133,896;"Denmark"
2021;33;"70to74";107;107;133,3398;"Denmark"
2021;34;"70to74";146;146;132,6522;"Denmark"
2021;35;"70to74";146;146;131,8448;"Denmark"
2021;36;"70to74";113;113;130,9311;"Denmark"
2021;37;"70to74";126;126;129,9259;"Denmark"
2021;38;"70to74";127;127;128,8456;"Denmark"
2021;39;"70to74";152;152;127,7072;"Denmark"
2021;40;"70to74";136;136;126,5283;"Denmark"
2021;41;"70to74";125;125;125,3267;"Denmark"
2021;42;"70to74";114;114;124,1201;"Denmark"
2021;43;"70to74";121;121;122,9256;"Denmark"
2021;44;"70to74";117;117;121,7599;"Denmark"
2021;45;"70to74";130;130;120,6387;"Denmark"
2021;46;"70to74";119;119;119,5766;"Denmark"
2021;47;"70to74";150;150;118,5871;"Denmark"
2021;48;"70to74";141;141;117,6823;"Denmark"
2021;49;"70to74";168;168;116,8731;"Denmark"
2021;50;"70to74";118;118;116,1688;"Denmark"
2021;51;"70to74";141;141;115,5774;"Denmark"
2021;52;"70to74";160;160;115,1054;"Denmark"
2022;1;"70to74";138;138;114,7578;"Denmark"
2022;2;"70to74";121;121;114,5382;"Denmark"
2022;3;"70to74";129;129,9588;114,4487;"Denmark"
2022;4;"70to74";127;128,5761;114,49;"Denmark"
2022;5;"70to74";136;138,1703;114,6613;"Denmark"
2022;6;"70to74";143;146,4791;114,9603;"Denmark"
2022;7;"70to74";133;136,4255;115,3834;"Denmark"
2022;8;"70to74";133;137,6939;115,9254;"Denmark"
2022;9;"70to74";119;130,2216;116,5798;"Denmark"
2020;1;"75to79";160;160;175,812;"Denmark"
2020;2;"75to79";158;158;176,6853;"Denmark"
2020;3;"75to79";174;174;177,2937;"Denmark"
2020;4;"75to79";162;162;177,6275;"Denmark"
2020;5;"75to79";161;161;177,682;"Denmark"
2020;6;"75to79";184;184;177,458;"Denmark"
2020;7;"75to79";154;154;176,9615;"Denmark"
2020;8;"75to79";162;162;176,2038;"Denmark"
2020;9;"75to79";161;161;175,2009;"Denmark"
2020;10;"75to79";167;167;173,9731;"Denmark"
2020;11;"75to79";178;178;172,5445;"Denmark"
2020;12;"75to79";189;189;170,9425;"Denmark"
2020;13;"75to79";162;162;169,1965;"Denmark"
2020;14;"75to79";207;207;167,3379;"Denmark"
2020;15;"75to79";175;175;165,399;"Denmark"
2020;16;"75to79";183;183;163,4122;"Denmark"
2020;17;"75to79";188;188;161,4096;"Denmark"
2020;18;"75to79";172;172;159,4226;"Denmark"
2020;19;"75to79";163;163;157,4809;"Denmark"
2020;20;"75to79";146;146;155,6127;"Denmark"
2020;21;"75to79";151;151;153,844;"Denmark"
2020;22;"75to79";153;153;152,1988;"Denmark"
2020;23;"75to79";155;155;150,6983;"Denmark"
2020;24;"75to79";150;150;149,3617;"Denmark"
2020;25;"75to79";153;153;148,2053;"Denmark"
2020;26;"75to79";167;167;147,2433;"Denmark"
2020;27;"75to79";162;162;146,4872;"Denmark"
2020;28;"75to79";153;153;145,9462;"Denmark"
2020;29;"75to79";147;147;145,6274;"Denmark"
2020;30;"75to79";154;154;145,5352;"Denmark"
2020;31;"75to79";142;142;145,6722;"Denmark"
2020;32;"75to79";152;152;146,0383;"Denmark"
2020;33;"75to79";159;159;146,6315;"Denmark"
2020;34;"75to79";156;156;147,4473;"Denmark"
2020;35;"75to79";148;148;148,4791;"Denmark"
2020;36;"75to79";159;159;149,7176;"Denmark"
2020;37;"75to79";161;161;151,1512;"Denmark"
2020;38;"75to79";189;189;152,7658;"Denmark"
2020;39;"75to79";140;140;154,5447;"Denmark"
2020;40;"75to79";168;168;156,4685;"Denmark"
2020;41;"75to79";146;146;158,5152;"Denmark"
2020;42;"75to79";181;181;160,6605;"Denmark"
2020;43;"75to79";180;180;162,8775;"Denmark"
2020;44;"75to79";156;156;165,1373;"Denmark"
2020;45;"75to79";161;161;167,409;"Denmark"
2020;46;"75to79";189;189;169,6605;"Denmark"
2020;47;"75to79";172;172;171,8585;"Denmark"
2020;48;"75to79";186;186;173,9696;"Denmark"
2020;49;"75to79";189;189;175,9605;"Denmark"
2020;50;"75to79";186;186;177,799;"Denmark"
2020;51;"75to79";206;206;179,4546;"Denmark"
2020;52;"75to79";178;178;180,8995;"Denmark"
2020;53;"75to79";193;193;182,109;"Denmark"
2021;1;"75to79";189;189;183,0624;"Denmark"
2021;2;"75to79";205;205;183,7436;"Denmark"
2021;3;"75to79";210;210;184,1415;"Denmark"
2021;4;"75to79";185;185;184,2502;"Denmark"
2021;5;"75to79";192;192;184,0696;"Denmark"
2021;6;"75to79";170;170;183,605;"Denmark"
2021;7;"75to79";177;177;182,867;"Denmark"
2021;8;"75to79";171;171;181,8714;"Denmark"
2021;9;"75to79";147;147;180,6385;"Denmark"
2021;10;"75to79";167;167;179,1927;"Denmark"
2021;11;"75to79";171;171;177,5617;"Denmark"
2021;12;"75to79";182;182;175,7759;"Denmark"
2021;13;"75to79";157;157;173,8673;"Denmark"
2021;14;"75to79";172;172;171,8693;"Denmark"
2021;15;"75to79";169;169;169,8156;"Denmark"
2021;16;"75to79";179;179;167,7396;"Denmark"
2021;17;"75to79";152;152;165,674;"Denmark"
2021;18;"75to79";174;174;163,65;"Denmark"
2021;19;"75to79";164;164;161,6971;"Denmark"
2021;20;"75to79";174;174;159,8427;"Denmark"
2021;21;"75to79";184;184;158,112;"Denmark"
2021;22;"75to79";182;182;156,5276;"Denmark"
2021;23;"75to79";170;170;155,1097;"Denmark"
2021;24;"75to79";172;172;153,8759;"Denmark"
2021;25;"75to79";169;169;152,8411;"Denmark"
2021;26;"75to79";144;144;152,0179;"Denmark"
2021;27;"75to79";169;169;151,4163;"Denmark"
2021;28;"75to79";188;188;151,0438;"Denmark"
2021;29;"75to79";170;170;150,9057;"Denmark"
2021;30;"75to79";185;185;151,0048;"Denmark"
2021;31;"75to79";195;195;151,3417;"Denmark"
2021;32;"75to79";183;183;151,9147;"Denmark"
2021;33;"75to79";159;159;152,7196;"Denmark"
2021;34;"75to79";184;184;153,7497;"Denmark"
2021;35;"75to79";161;161;154,9962;"Denmark"
2021;36;"75to79";177;177;156,4473;"Denmark"
2021;37;"75to79";177;177;158,0889;"Denmark"
2021;38;"75to79";192;192;159,9042;"Denmark"
2021;39;"75to79";172;172;161,8735;"Denmark"
2021;40;"75to79";183;183;163,9746;"Denmark"
2021;41;"75to79";199;199;166,1826;"Denmark"
2021;42;"75to79";174;174;168,4702;"Denmark"
2021;43;"75to79";188;188;170,8077;"Denmark"
2021;44;"75to79";195;195;173,1635;"Denmark"
2021;45;"75to79";173;173;175,5043;"Denmark"
2021;46;"75to79";191;191;177,796;"Denmark"
2021;47;"75to79";212;212;180,0038;"Denmark"
2021;48;"75to79";206;206;182,0931;"Denmark"
2021;49;"75to79";203;203;184,0303;"Denmark"
2021;50;"75to79";196;196;185,7834;"Denmark"
2021;51;"75to79";210;210;187,3229;"Denmark"
2021;52;"75to79";191;191;188,6227;"Denmark"
2022;1;"75to79";220;220;189,6605;"Denmark"
2022;2;"75to79";220;220;190,4186;"Denmark"
2022;3;"75to79";187;191,8293;190,8847;"Denmark"
2022;4;"75to79";187;189,2175;191,0516;"Denmark"
2022;5;"75to79";182;189,2069;190,9181;"Denmark"
2022;6;"75to79";205;218,1512;190,4886;"Denmark"
2022;7;"75to79";235;262,2378;189,7734;"Denmark"
2022;8;"75to79";189;197,0709;188,7877;"Denmark"
2022;9;"75to79";167;184,1138;187,5518;"Denmark"
2020;1;"80to84";165;165;178,3339;"Denmark"
2020;2;"80to84";193;193;179,2354;"Denmark"
2020;3;"80to84";170;170;180,0216;"Denmark"
2020;4;"80to84";164;164;180,6806;"Denmark"
2020;5;"80to84";191;191;181,2022;"Denmark"
2020;6;"80to84";178;178;181,5786;"Denmark"
2020;7;"80to84";186;186;181,8044;"Denmark"
2020;8;"80to84";143;143;181,8766;"Denmark"
2020;9;"80to84";155;155;181,795;"Denmark"
2020;10;"80to84";181;181;181,5618;"Denmark"
2020;11;"80to84";168;168;181,182;"Denmark"
2020;12;"80to84";199;199;180,6628;"Denmark"
2020;13;"80to84";209;209;180,014;"Denmark"
2020;14;"80to84";202;202;179,247;"Denmark"
2020;15;"80to84";215;215;178,3756;"Denmark"
2020;16;"80to84";187;187;177,4145;"Denmark"
2020;17;"80to84";178;178;176,3801;"Denmark"
2020;18;"80to84";177;177;175,2894;"Denmark"
2020;19;"80to84";173;173;174,16;"Denmark"
2020;20;"80to84";167;167;173,01;"Denmark"
2020;21;"80to84";159;159;171,8571;"Denmark"
2020;22;"80to84";163;163;170,7189;"Denmark"
2020;23;"80to84";175;175;169,6125;"Denmark"
2020;24;"80to84";172;172;168,554;"Denmark"
2020;25;"80to84";153;153;167,5587;"Denmark"
2020;26;"80to84";174;174;166,6407;"Denmark"
2020;27;"80to84";149;149;165,8128;"Denmark"
2020;28;"80to84";159;159;165,0865;"Denmark"
2020;29;"80to84";185;185;164,4718;"Denmark"
2020;30;"80to84";158;158;163,9772;"Denmark"
2020;31;"80to84";166;166;163,6095;"Denmark"
2020;32;"80to84";165;165;163,3741;"Denmark"
2020;33;"80to84";162;162;163,2746;"Denmark"
2020;34;"80to84";164;164;163,3131;"Denmark"
2020;35;"80to84";154;154;163,4899;"Denmark"
2020;36;"80to84";179;179;163,8038;"Denmark"
2020;37;"80to84";163;163;164,2519;"Denmark"
2020;38;"80to84";196;196;164,8295;"Denmark"
2020;39;"80to84";173;173;165,5305;"Denmark"
2020;40;"80to84";169;169;166,347;"Denmark"
2020;41;"80to84";156;156;167,2696;"Denmark"
2020;42;"80to84";155;155;168,2876;"Denmark"
2020;43;"80to84";196;196;169,3884;"Denmark"
2020;44;"80to84";179;179;170,5585;"Denmark"
2020;45;"80to84";213;213;171,783;"Denmark"
2020;46;"80to84";199;199;173,0457;"Denmark"
2020;47;"80to84";201;201;174,3299;"Denmark"
2020;48;"80to84";200;200;175,618;"Denmark"
2020;49;"80to84";190;190;176,892;"Denmark"
2020;50;"80to84";192;192;178,1337;"Denmark"
2020;51;"80to84";212;212;179,325;"Denmark"
2020;52;"80to84";211;211;180,4484;"Denmark"
2020;53;"80to84";211;211;181,487;"Denmark"
2021;1;"80to84";229;229;182,425;"Denmark"
2021;2;"80to84";205;205;183,248;"Denmark"
2021;3;"80to84";237;237;183,9435;"Denmark"
2021;4;"80to84";208;208;184,5007;"Denmark"
2021;5;"80to84";215;215;184,9112;"Denmark"
2021;6;"80to84";203;203;185,1691;"Denmark"
2021;7;"80to84";173;173;185,2709;"Denmark"
2021;8;"80to84";167;167;185,2159;"Denmark"
2021;9;"80to84";171;171;185,0058;"Denmark"
2021;10;"80to84";187;187;184,6453;"Denmark"
2021;11;"80to84";157;157;184,1414;"Denmark"
2021;12;"80to84";178;178;183,5034;"Denmark"
2021;13;"80to84";173;173;182,7428;"Denmark"
2021;14;"80to84";150;150;181,8732;"Denmark"
2021;15;"80to84";177;177;180,9094;"Denmark"
2021;16;"80to84";183;183;179,8678;"Denmark"
2021;17;"80to84";160;160;178,7658;"Denmark"
2021;18;"80to84";178;178;177,6211;"Denmark"
2021;19;"80to84";166;166;176,452;"Denmark"
2021;20;"80to84";172;172;175,2768;"Denmark"
2021;21;"80to84";189;189;174,1133;"Denmark"
2021;22;"80to84";171;171;172,9792;"Denmark"
2021;23;"80to84";170;170;171,891;"Denmark"
2021;24;"80to84";171;171;170,8644;"Denmark"
2021;25;"80to84";147;147;169,9141;"Denmark"
2021;26;"80to84";181;181;169,0533;"Denmark"
2021;27;"80to84";161;161;168,2941;"Denmark"
2021;28;"80to84";193;193;167,6467;"Denmark"
2021;29;"80to84";171;171;167,1203;"Denmark"
2021;30;"80to84";164;164;166,722;"Denmark"
2021;31;"80to84";193;193;166,4576;"Denmark"
2021;32;"80to84";194;194;166,3311;"Denmark"
2021;33;"80to84";193;193;166,3449;"Denmark"
2021;34;"80to84";177;177;166,4998;"Denmark"
2021;35;"80to84";183;183;166,7946;"Denmark"
2021;36;"80to84";205;205;167,2267;"Denmark"
2021;37;"80to84";183;183;167,7917;"Denmark"
2021;38;"80to84";162;162;168,4837;"Denmark"
2021;39;"80to84";186;186;169,295;"Denmark"
2021;40;"80to84";162;162;170,2162;"Denmark"
2021;41;"80to84";184;184;171,2365;"Denmark"
2021;42;"80to84";182;182;172,3437;"Denmark"
2021;43;"80to84";193;193;173,5241;"Denmark"
2021;44;"80to84";210;210;174,7626;"Denmark"
2021;45;"80to84";193;193;176,0431;"Denmark"
2021;46;"80to84";222;222;177,3487;"Denmark"
2021;47;"80to84";216;216;178,6615;"Denmark"
2021;48;"80to84";214;214;179,9632;"Denmark"
2021;49;"80to84";224;224;181,2353;"Denmark"
2021;50;"80to84";248;248;182,4595;"Denmark"
2021;51;"80to84";211;211;183,6176;"Denmark"
2021;52;"80to84";226;226;184,6924;"Denmark"
2022;1;"80to84";231;231;185,6674;"Denmark"
2022;2;"80to84";228;228;186,5279;"Denmark"
2022;3;"80to84";216;222,2016;187,2606;"Denmark"
2022;4;"80to84";213;219,7772;187,8543;"Denmark"
2022;5;"80to84";197;202,7363;188,2999;"Denmark"
2022;6;"80to84";190;196,5191;188,5909;"Denmark"
2022;7;"80to84";206;215,8074;188,7234;"Denmark"
2022;8;"80to84";202;212,2732;188,696;"Denmark"
2022;9;"80to84";181;195,9579;188,5102;"Denmark"
2020;1;"85to89";224;224;186,257;"Denmark"
2020;2;"85to89";208;208;187,3473;"Denmark"
2020;3;"85to89";167;167;188,2543;"Denmark"
2020;4;"85to89";158;158;188,9633;"Denmark"
2020;5;"85to89";176;176;189,4631;"Denmark"
2020;6;"85to89";182;182;189,7461;"Denmark"
2020;7;"85to89";176;176;189,8083;"Denmark"
2020;8;"85to89";173;173;189,6501;"Denmark"
2020;9;"85to89";196;196;189,2755;"Denmark"
2020;10;"85to89";160;160;188,6924;"Denmark"
2020;11;"85to89";180;180;187,9125;"Denmark"
2020;12;"85to89";221;221;186,9506;"Denmark"
2020;13;"85to89";196;196;185,8248;"Denmark"
2020;14;"85to89";188;188;184,5553;"Denmark"
2020;15;"85to89";201;201;183,1647;"Denmark"
2020;16;"85to89";184;184;181,6769;"Denmark"
2020;17;"85to89";154;154;180,117;"Denmark"
2020;18;"85to89";191;191;178,5106;"Denmark"
2020;19;"85to89";185;185;176,8833;"Denmark"
2020;20;"85to89";161;161;175,2603;"Denmark"
2020;21;"85to89";165;165;173,6661;"Denmark"
2020;22;"85to89";160;160;172,1242;"Denmark"
2020;23;"85to89";157;157;170,6567;"Denmark"
2020;24;"85to89";164;164;169,2839;"Denmark"
2020;25;"85to89";161;161;168,0245;"Denmark"
2020;26;"85to89";165;165;166,8955;"Denmark"
2020;27;"85to89";166;166;165,9115;"Denmark"
2020;28;"85to89";161;161;165,0854;"Denmark"
2020;29;"85to89";172;172;164,4278;"Denmark"
2020;30;"85to89";149;149;163,9474;"Denmark"
2020;31;"85to89";150;150;163,6506;"Denmark"
2020;32;"85to89";179;179;163,5418;"Denmark"
2020;33;"85to89";145;145;163,6234;"Denmark"
2020;34;"85to89";188;188;163,8955;"Denmark"
2020;35;"85to89";145;145;164,3563;"Denmark"
2020;36;"85to89";170;170;165,0017;"Denmark"
2020;37;"85to89";179;179;165,8256;"Denmark"
2020;38;"85to89";171;171;166,8198;"Denmark"
2020;39;"85to89";180;180;167,9739;"Denmark"
2020;40;"85to89";164;164;169,2752;"Denmark"
2020;41;"85to89";171;171;170,7093;"Denmark"
2020;42;"85to89";173;173;172,2593;"Denmark"
2020;43;"85to89";194;194;173,9067;"Denmark"
2020;44;"85to89";175;175;175,6309;"Denmark"
2020;45;"85to89";164;164;177,4098;"Denmark"
2020;46;"85to89";177;177;179,2197;"Denmark"
2020;47;"85to89";175;175;181,0358;"Denmark"
2020;48;"85to89";194;194;182,8324;"Denmark"
2020;49;"85to89";203;203;184,5835;"Denmark"
2020;50;"85to89";199;199;186,2629;"Denmark"
2020;51;"85to89";220;220;187,845;"Denmark"
2020;52;"85to89";244;244;189,3053;"Denmark"
2020;53;"85to89";249;249;190,6205;"Denmark"
2021;1;"85to89";212;212;191,7695;"Denmark"
2021;2;"85to89";224;224;192,7338;"Denmark"
2021;3;"85to89";250;250;193,4978;"Denmark"
2021;4;"85to89";220;220;194,0492;"Denmark"
2021;5;"85to89";197;197;194,3795;"Denmark"
2021;6;"85to89";179;179;194,4841;"Denmark"
2021;7;"85to89";177;177;194,3624;"Denmark"
2021;8;"85to89";175;175;194,018;"Denmark"
2021;9;"85to89";178;178;193,4582;"Denmark"
2021;10;"85to89";148;148;192,6944;"Denmark"
2021;11;"85to89";144;144;191,7412;"Denmark"
2021;12;"85to89";194;194;190,6164;"Denmark"
2021;13;"85to89";168;168;189,3405;"Denmark"
2021;14;"85to89";154;154;187,9363;"Denmark"
2021;15;"85to89";190;190;186,4279;"Denmark"
2021;16;"85to89";168;168;184,8411;"Denmark"
2021;17;"85to89";176;176;183,2017;"Denmark"
2021;18;"85to89";206;206;181,5363;"Denmark"
2021;19;"85to89";186;186;179,8707;"Denmark"
2021;20;"85to89";157;157;178,2302;"Denmark"
2021;21;"85to89";159;159;176,639;"Denmark"
2021;22;"85to89";182;182;175,12;"Denmark"
2021;23;"85to89";186;186;173,6945;"Denmark"
2021;24;"85to89";173;173;172,3819;"Denmark"
2021;25;"85to89";183;183;171,1999;"Denmark"
2021;26;"85to89";225;225;170,1639;"Denmark"
2021;27;"85to89";166;166;169,2875;"Denmark"
2021;28;"85to89";186;186;168,5819;"Denmark"
2021;29;"85to89";193;193;168,0565;"Denmark"
2021;30;"85to89";165;165;167,7181;"Denmark"
2021;31;"85to89";186;186;167,5717;"Denmark"
2021;32;"85to89";183;183;167,6201;"Denmark"
2021;33;"85to89";181;181;167,8639;"Denmark"
2021;34;"85to89";190;190;168,3014;"Denmark"
2021;35;"85to89";181;181;168,9291;"Denmark"
2021;36;"85to89";192;192;169,7409;"Denmark"
2021;37;"85to89";183;183;170,7289;"Denmark"
2021;38;"85to89";180;180;171,8827;"Denmark"
2021;39;"85to89";198;198;173,19;"Denmark"
2021;40;"85to89";167;167;174,636;"Denmark"
2021;41;"85to89";216;216;176,2042;"Denmark"
2021;42;"85to89";214;214;177,8757;"Denmark"
2021;43;"85to89";203;203;179,6298;"Denmark"
2021;44;"85to89";200;200;181,4441;"Denmark"
2021;45;"85to89";221;221;183,2946;"Denmark"
2021;46;"85to89";189;189;185,1562;"Denmark"
2021;47;"85to89";188;188;187,0026;"Denmark"
2021;48;"85to89";213;213;188,8071;"Denmark"
2021;49;"85to89";225;225;190,543;"Denmark"
2021;50;"85to89";227;227;192,184;"Denmark"
2021;51;"85to89";250;250;193,7044;"Denmark"
2021;52;"85to89";224;224;195,0804;"Denmark"
2022;1;"85to89";211;211;196,2898;"Denmark"
2022;2;"85to89";196;196;197,3132;"Denmark"
2022;3;"85to89";212;216,2428;198,1339;"Denmark"
2022;4;"85to89";199;202,7517;198,7389;"Denmark"
2022;5;"85to89";208;213,752;199,1185;"Denmark"
2022;6;"85to89";249;267,9397;199,2675;"Denmark"
2022;7;"85to89";210;217,9916;199,1845;"Denmark"
2022;8;"85to89";232;246,5705;198,8722;"Denmark"
2022;9;"85to89";209;224,4413;198,3376;"Denmark"
2020;1;"90to94";139;139;140,4069;"Denmark"
2020;2;"90to94";154;154;140,9398;"Denmark"
2020;3;"90to94";159;159;141,3876;"Denmark"
2020;4;"90to94";139;139;141,7438;"Denmark"
2020;5;"90to94";139;139;142,0035;"Denmark"
2020;6;"90to94";150;150;142,1633;"Denmark"
2020;7;"90to94";146;146;142,2213;"Denmark"
2020;8;"90to94";145;145;142,1776;"Denmark"
2020;9;"90to94";139;139;142,0338;"Denmark"
2020;10;"90to94";144;144;141,7932;"Denmark"
2020;11;"90to94";126;126;141,4606;"Denmark"
2020;12;"90to94";135;135;141,0423;"Denmark"
2020;13;"90to94";169;169;140,5461;"Denmark"
2020;14;"90to94";138;138;139,9809;"Denmark"
2020;15;"90to94";150;150;139,3565;"Denmark"
2020;16;"90to94";137;137;138,6835;"Denmark"
2020;17;"90to94";159;159;137,9733;"Denmark"
2020;18;"90to94";154;154;137,2375;"Denmark"
2020;19;"90to94";127;127;136,4881;"Denmark"
2020;20;"90to94";118;118;135,7368;"Denmark"
2020;21;"90to94";144;144;134,9955;"Denmark"
2020;22;"90to94";111;111;134,2756;"Denmark"
2020;23;"90to94";126;126;133,5878;"Denmark"
2020;24;"90to94";130;130;132,9426;"Denmark"
2020;25;"90to94";134;134;132,3494;"Denmark"
2020;26;"90to94";116;116;131,817;"Denmark"
2020;27;"90to94";133;133;131,353;"Denmark"
2020;28;"90to94";132;132;130,9645;"Denmark"
2020;29;"90to94";120;120;130,657;"Denmark"
2020;30;"90to94";118;118;130,4354;"Denmark"
2020;31;"90to94";126;126;130,3032;"Denmark"
2020;32;"90to94";117;117;130,2629;"Denmark"
2020;33;"90to94";121;121;130,3159;"Denmark"
2020;34;"90to94";132;132;130,4622;"Denmark"
2020;35;"90to94";138;138;130,701;"Denmark"
2020;36;"90to94";154;154;131,03;"Denmark"
2020;37;"90to94";118;118;131,4461;"Denmark"
2020;38;"90to94";148;148;131,9448;"Denmark"
2020;39;"90to94";111;111;132,5206;"Denmark"
2020;40;"90to94";125;125;133,1671;"Denmark"
2020;41;"90to94";119;119;133,8765;"Denmark"
2020;42;"90to94";110;110;134,6404;"Denmark"
2020;43;"90to94";133;133;135,4493;"Denmark"
2020;44;"90to94";123;123;136,2931;"Denmark"
2020;45;"90to94";129;129;137,1609;"Denmark"
2020;46;"90to94";138;138;138,0413;"Denmark"
2020;47;"90to94";147;147;138,9224;"Denmark"
2020;48;"90to94";128;128;139,7922;"Denmark"
2020;49;"90to94";133;133;140,6386;"Denmark"
2020;50;"90to94";158;158;141,4497;"Denmark"
2020;51;"90to94";180;180;142,2138;"Denmark"
2020;52;"90to94";158;158;142,9199;"Denmark"
2020;53;"90to94";181;181;143,5577;"Denmark"
2021;1;"90to94";160;160;144,1179;"Denmark"
2021;2;"90to94";160;160;144,5922;"Denmark"
2021;3;"90to94";165;165;144,974;"Denmark"
2021;4;"90to94";158;158;145,2578;"Denmark"
2021;5;"90to94";187;187;145,4398;"Denmark"
2021;6;"90to94";166;166;145,518;"Denmark"
2021;7;"90to94";128;128;145,492;"Denmark"
2021;8;"90to94";149;149;145,3631;"Denmark"
2021;9;"90to94";125;125;145,1344;"Denmark"
2021;10;"90to94";147;147;144,8105;"Denmark"
2021;11;"90to94";116;116;144,3978;"Denmark"
2021;12;"90to94";110;110;143,9039;"Denmark"
2021;13;"90to94";107;107;143,3375;"Denmark"
2021;14;"90to94";135;135;142,7087;"Denmark"
2021;15;"90to94";124;124;142,0282;"Denmark"
2021;16;"90to94";135;135;141,3075;"Denmark"
2021;17;"90to94";130;130;140,5585;"Denmark"
2021;18;"90to94";139;139;139,7933;"Denmark"
2021;19;"90to94";132;132;139,024;"Denmark"
2021;20;"90to94";139;139;138,2628;"Denmark"
2021;21;"90to94";127;127;137,5214;"Denmark"
2021;22;"90to94";119;119;136,811;"Denmark"
2021;23;"90to94";127;127;136,1422;"Denmark"
2021;24;"90to94";143;143;135,525;"Denmark"
2021;25;"90to94";124;124;134,9684;"Denmark"
2021;26;"90to94";130;130;134,4805;"Denmark"
2021;27;"90to94";137;137;134,0686;"Denmark"
2021;28;"90to94";137;137;133,7387;"Denmark"
2021;29;"90to94";125;125;133,4958;"Denmark"
2021;30;"90to94";137;137;133,3439;"Denmark"
2021;31;"90to94";147;147;133,2856;"Denmark"
2021;32;"90to94";130;130;133,3225;"Denmark"
2021;33;"90to94";149;149;133,4551;"Denmark"
2021;34;"90to94";126;126;133,6825;"Denmark"
2021;35;"90to94";140;140;134,0028;"Denmark"
2021;36;"90to94";131;131;134,4128;"Denmark"
2021;37;"90to94";134;134;134,9082;"Denmark"
2021;38;"90to94";113;113;135,4837;"Denmark"
2021;39;"90to94";140;140;136,1326;"Denmark"
2021;40;"90to94";125;125;136,8475;"Denmark"
2021;41;"90to94";142;142;137,6198;"Denmark"
2021;42;"90to94";163;163;138,44;"Denmark"
2021;43;"90to94";137;137;139,2977;"Denmark"
2021;44;"90to94";139;139;140,1821;"Denmark"
2021;45;"90to94";163;163;141,0814;"Denmark"
2021;46;"90to94";135;135;141,9838;"Denmark"
2021;47;"90to94";148;148;142,8768;"Denmark"
2021;48;"90to94";147;147;143,748;"Denmark"
2021;49;"90to94";143;143;144,5853;"Denmark"
2021;50;"90to94";156;156;145,3766;"Denmark"
2021;51;"90to94";168;168;146,1106;"Denmark"
2021;52;"90to94";168;168;146,7765;"Denmark"
2022;1;"90to94";193;193;147,3646;"Denmark"
2022;2;"90to94";157;157;147,8664;"Denmark"
2022;3;"90to94";146;147,1467;148,2745;"Denmark"
2022;4;"90to94";143;144,5935;148,5833;"Denmark"
2022;5;"90to94";157;160,3068;148,7885;"Denmark"
2022;6;"90to94";173;180,1866;148,8877;"Denmark"
2022;7;"90to94";171;178,6196;148,8802;"Denmark"
2022;8;"90to94";171;179,1324;148,7671;"Denmark"
2022;9;"90to94";130;138,7505;148,5511;"Denmark"
2020;1;"95P";69;69;68,86066;"Denmark"
2020;2;"95P";86;86;69,32149;"Denmark"
2020;3;"95P";78;78;69,76024;"Denmark"
2020;4;"95P";79;79;70,17085;"Denmark"
2020;5;"95P";68;68;70,54763;"Denmark"
2020;6;"95P";62;62;70,88533;"Denmark"
2020;7;"95P";73;73;71,1793;"Denmark"
2020;8;"95P";68;68;71,42552;"Denmark"
2020;9;"95P";56;56;71,62075;"Denmark"
2020;10;"95P";77;77;71,76258;"Denmark"
2020;11;"95P";64;64;71,84945;"Denmark"
2020;12;"95P";67;67;71,88077;"Denmark"
2020;13;"95P";61;61;71,85683;"Denmark"
2020;14;"95P";68;68;71,77888;"Denmark"
2020;15;"95P";66;66;71,64906;"Denmark"
2020;16;"95P";79;79;71,47036;"Denmark"
2020;17;"95P";65;65;71,24656;"Denmark"
2020;18;"95P";70;70;70,98214;"Denmark"
2020;19;"95P";60;60;70,68219;"Denmark"
2020;20;"95P";55;55;70,35231;"Denmark"
2020;21;"95P";68;68;69,99848;"Denmark"
2020;22;"95P";69;69;69,62699;"Denmark"
2020;23;"95P";58;58;69,24428;"Denmark"
2020;24;"95P";72;72;68,85686;"Denmark"
2020;25;"95P";57;57;68,47119;"Denmark"
2020;26;"95P";69;69;68,09361;"Denmark"
2020;27;"95P";71;71;67,73022;"Denmark"
2020;28;"95P";58;58;67,38683;"Denmark"
2020;29;"95P";87;87;67,06887;"Denmark"
2020;30;"95P";68;68;66,78135;"Denmark"
2020;31;"95P";73;73;66,52881;"Denmark"
2020;32;"95P";58;58;66,31528;"Denmark"
2020;33;"95P";68;68;66,14424;"Denmark"
2020;34;"95P";67;67;66,01861;"Denmark"
2020;35;"95P";60;60;65,94071;"Denmark"
2020;36;"95P";63;63;65,91227;"Denmark"
2020;37;"95P";72;72;65,93442;"Denmark"
2020;38;"95P";66;66;66,00766;"Denmark"
2020;39;"95P";59;59;66,13185;"Denmark"
2020;40;"95P";80;80;66,30628;"Denmark"
2020;41;"95P";62;62;66,52956;"Denmark"
2020;42;"95P";53;53;66,79972;"Denmark"
2020;43;"95P";73;73;67,11418;"Denmark"
2020;44;"95P";46;46;67,46974;"Denmark"
2020;45;"95P";67;67;67,86264;"Denmark"
2020;46;"95P";74;74;68,28857;"Denmark"
2020;47;"95P";89;89;68,74269;"Denmark"
2020;48;"95P";69;69;69,2197;"Denmark"
2020;49;"95P";68;68;69,71387;"Denmark"
2020;50;"95P";81;81;70,21909;"Denmark"
2020;51;"95P";91;91;70,729;"Denmark"
2020;52;"95P";87;87;71,237;"Denmark"
2020;53;"95P";89;89;71,73642;"Denmark"
2021;1;"95P";79;79;72,22054;"Denmark"
2021;2;"95P";87;87;72,68279;"Denmark"
2021;3;"95P";93;93;73,11681;"Denmark"
2021;4;"95P";80;80;73,51658;"Denmark"
2021;5;"95P";89;89;73,87654;"Denmark"
2021;6;"95P";64;64;74,1917;"Denmark"
2021;7;"95P";84;84;74,45776;"Denmark"
2021;8;"95P";66;66;74,67118;"Denmark"
2021;9;"95P";64;64;74,82929;"Denmark"
2021;10;"95P";67;67;74,93029;"Denmark"
2021;11;"95P";47;47;74,97339;"Denmark"
2021;12;"95P";64;64;74,95873;"Denmark"
2021;13;"95P";65;65;74,88742;"Denmark"
2021;14;"95P";70;70;74,76155;"Denmark"
2021;15;"95P";62;62;74,58407;"Denmark"
2021;16;"95P";78;78;74,35878;"Denmark"
2021;17;"95P";71;71;74,09023;"Denmark"
2021;18;"95P";63;63;73,78362;"Denmark"
2021;19;"95P";76;76;73,4447;"Denmark"
2021;20;"95P";74;74;73,07967;"Denmark"
2021;21;"95P";68;68;72,69501;"Denmark"
2021;22;"95P";85;85;72,29743;"Denmark"
2021;23;"95P";82;82;71,89371;"Denmark"
2021;24;"95P";64;64;71,49062;"Denmark"
2021;25;"95P";71;71;71,09479;"Denmark"
2021;26;"95P";70;70;70,71264;"Denmark"
2021;27;"95P";58;58;70,35028;"Denmark"
2021;28;"95P";72;72;70,01346;"Denmark"
2021;29;"95P";53;53;69,70748;"Denmark"
2021;30;"95P";81;81;69,43718;"Denmark"
2021;31;"95P";84;84;69,20685;"Denmark"
2021;32;"95P";81;81;69,02023;"Denmark"
2021;33;"95P";65;65;68,88047;"Denmark"
2021;34;"95P";59;59;68,7901;"Denmark"
2021;35;"95P";72;72;68,75105;"Denmark"
2021;36;"95P";86;86;68,76459;"Denmark"
2021;37;"95P";69;69;68,83138;"Denmark"
2021;38;"95P";73;73;68,95139;"Denmark"
2021;39;"95P";79;79;69,12398;"Denmark"
2021;40;"95P";75;75;69,34784;"Denmark"
2021;41;"95P";75;75;69,62101;"Denmark"
2021;42;"95P";75;75;69,94091;"Denmark"
2021;43;"95P";83;83;70,30433;"Denmark"
2021;44;"95P";86;86;70,70745;"Denmark"
2021;45;"95P";68;68;71,14587;"Denmark"
2021;46;"95P";78;78;71,61464;"Denmark"
2021;47;"95P";84;84;72,10832;"Denmark"
2021;48;"95P";85;85;72,621;"Denmark"
2021;49;"95P";89;89;73,14638;"Denmark"
2021;50;"95P";104;104;73,67786;"Denmark"
2021;51;"95P";101;101;74,2086;"Denmark"
2021;52;"95P";91;91;74,73164;"Denmark"
2022;1;"95P";102;102;75,23999;"Denmark"
2022;2;"95P";90;90;75,72674;"Denmark"
2022;3;"95P";88;90,03387;76,18522;"Denmark"
2022;4;"95P";80;80,79022;76,60907;"Denmark"
2022;5;"95P";92;96,05375;76,9924;"Denmark"
2022;6;"95P";92;96,54793;77,32989;"Denmark"
2022;7;"95P";89;92,99996;77,61692;"Denmark"
2022;8;"95P";101;110,2324;77,84965;"Denmark"
2022;9;"95P";73;77,02567;78,02511;"Denmark"
2020;1;"Total";1187;1187;1114,654;"Denmark"
2020;2;"Total";1210;1210;1117,934;"Denmark"
2020;3;"Total";1129;1129;1120,693;"Denmark"
2020;4;"Total";1101;1101;1122,89;"Denmark"
2020;5;"Total";1150;1150;1124,492;"Denmark"
2020;6;"Total";1142;1142;1125,478;"Denmark"
2020;7;"Total";1116;1116;1125,835;"Denmark"
2020;8;"Total";1097;1097;1125,559;"Denmark"
2020;9;"Total";1082;1082;1124,658;"Denmark"
2020;10;"Total";1116;1116;1123,15;"Denmark"
2020;11;"Total";1147;1147;1121,062;"Denmark"
2020;12;"Total";1208;1208;1118,431;"Denmark"
2020;13;"Total";1186;1186;1115,301;"Denmark"
2020;14;"Total";1228;1228;1111,724;"Denmark"
2020;15;"Total";1217;1217;1107,761;"Denmark"
2020;16;"Total";1157;1157;1103,474;"Denmark"
2020;17;"Total";1153;1153;1098,933;"Denmark"
2020;18;"Total";1104;1104;1094,209;"Denmark"
2020;19;"Total";1086;1086;1089,376;"Denmark"
2020;20;"Total";1013;1013;1084,507;"Denmark"
2020;21;"Total";1035;1035;1079,677;"Denmark"
2020;22;"Total";1025;1025;1074,957;"Denmark"
2020;23;"Total";1021;1021;1070,418;"Denmark"
2020;24;"Total";1059;1059;1066,124;"Denmark"
2020;25;"Total";1004;1004;1062,139;"Denmark"
2020;26;"Total";1044;1044;1058,518;"Denmark"
2020;27;"Total";1065;1065;1055,315;"Denmark"
2020;28;"Total";1014;1014;1052,573;"Denmark"
2020;29;"Total";1088;1088;1050,331;"Denmark"
2020;30;"Total";1009;1009;1048,623;"Denmark"
2020;31;"Total";1049;1049;1047,472;"Denmark"
2020;32;"Total";1012;1012;1046,897;"Denmark"
2020;33;"Total";1056;1056;1046,908;"Denmark"
2020;34;"Total";1059;1059;1047,506;"Denmark"
2020;35;"Total";1014;1014;1048,689;"Denmark"
2020;36;"Total";1084;1084;1050,443;"Denmark"
2020;37;"Total";1056;1056;1052,748;"Denmark"
2020;38;"Total";1131;1131;1055,578;"Denmark"
2020;39;"Total";1032;1032;1058,898;"Denmark"
2020;40;"Total";1058;1058;1062,668;"Denmark"
2020;41;"Total";995;995;1066,84;"Denmark"
2020;42;"Total";1059;1059;1071,362;"Denmark"
2020;43;"Total";1162;1162;1076,173;"Denmark"
2020;44;"Total";1049;1049;1081,212;"Denmark"
2020;45;"Total";1096;1096;1086,41;"Denmark"
2020;46;"Total";1167;1167;1091,697;"Denmark"
2020;47;"Total";1164;1164;1096,999;"Denmark"
2020;48;"Total";1161;1161;1102,242;"Denmark"
2020;49;"Total";1169;1169;1107,352;"Denmark"
2020;50;"Total";1178;1178;1112,255;"Denmark"
2020;51;"Total";1343;1343;1116,88;"Denmark"
2020;52;"Total";1288;1288;1121,159;"Denmark"
2020;53;"Total";1340;1340;1125,028;"Denmark"
2021;1;"Total";1293;1293;1128,43;"Denmark"
2021;2;"Total";1301;1301;1131,314;"Denmark"
2021;3;"Total";1362;1362;1133,637;"Denmark"
2021;4;"Total";1288;1288;1135,365;"Denmark"
2021;5;"Total";1291;1291;1136,475;"Denmark"
2021;6;"Total";1190;1190;1136,949;"Denmark"
2021;7;"Total";1121;1121;1136,785;"Denmark"
2021;8;"Total";1036;1036;1135,988;"Denmark"
2021;9;"Total";1037;1037;1134,574;"Denmark"
2021;10;"Total";1122;1122;1132,568;"Denmark"
2021;11;"Total";1027;1027;1130,007;"Denmark"
2021;12;"Total";1096;1096;1126,933;"Denmark"
2021;13;"Total";1036;1036;1123,398;"Denmark"
2021;14;"Total";1043;1043;1119,461;"Denmark"
2021;15;"Total";1084;1084;1115,186;"Denmark"
2021;16;"Total";1125;1125;1110,641;"Denmark"
2021;17;"Total";1076;1076;1105,898;"Denmark"
2021;18;"Total";1172;1172;1101,031;"Denmark"
2021;19;"Total";1100;1100;1096,115;"Denmark"
2021;20;"Total";1104;1104;1091,225;"Denmark"
2021;21;"Total";1084;1084;1086,433;"Denmark"
2021;22;"Total";1081;1081;1081,811;"Denmark"
2021;23;"Total";1111;1111;1077,425;"Denmark"
2021;24;"Total";1063;1063;1073,34;"Denmark"
2021;25;"Total";1057;1057;1069,614;"Denmark"
2021;26;"Total";1122;1122;1066,299;"Denmark"
2021;27;"Total";1009;1009;1063,443;"Denmark"
2021;28;"Total";1135;1135;1061,086;"Denmark"
2021;29;"Total";1110;1110;1059,261;"Denmark"
2021;30;"Total";1122;1122;1057,997;"Denmark"
2021;31;"Total";1196;1196;1057,31;"Denmark"
2021;32;"Total";1133;1133;1057,214;"Denmark"
2021;33;"Total";1104;1104;1057,712;"Denmark"
2021;34;"Total";1114;1114;1058,801;"Denmark"
2021;35;"Total";1105;1105;1060,469;"Denmark"
2021;36;"Total";1152;1152;1062,699;"Denmark"
2021;37;"Total";1108;1108;1065,464;"Denmark"
2021;38;"Total";1102;1102;1068,73;"Denmark"
2021;39;"Total";1192;1192;1072,459;"Denmark"
2021;40;"Total";1120;1120;1076,603;"Denmark"
2021;41;"Total";1215;1215;1081,11;"Denmark"
2021;42;"Total";1176;1176;1085,921;"Denmark"
2021;43;"Total";1191;1191;1090,974;"Denmark"
2021;44;"Total";1191;1191;1096,199;"Denmark"
2021;45;"Total";1199;1199;1101,527;"Denmark"
2021;46;"Total";1185;1185;1106,885;"Denmark"
2021;47;"Total";1267;1267;1112,196;"Denmark"
2021;48;"Total";1272;1272;1117,386;"Denmark"
2021;49;"Total";1328;1328;1122,381;"Denmark"
2021;50;"Total";1315;1315;1127,107;"Denmark"
2021;51;"Total";1343;1343;1131,496;"Denmark"
2021;52;"Total";1331;1331;1135,482;"Denmark"
2022;1;"Total";1416;1416;1139,007;"Denmark"
2022;2;"Total";1255;1255;1142,017;"Denmark"
2022;3;"Total";1228;1249,762;1144,468;"Denmark"
2022;4;"Total";1215;1241,216;1146,324;"Denmark"
2022;5;"Total";1247;1281,809;1147,558;"Denmark"
2022;6;"Total";1309;1358,329;1148,153;"Denmark"
2022;7;"Total";1291;1344,299;1148,103;"Denmark"
2022;8;"Total";1278;1340,986;1147,413;"Denmark"
2022;9;"Total";1117;1216,838;1146,095;"Denmark"
