"dato","Regionsnavn","sex","Paabegyndt vacc. idag","Faerdigvacc. idag","Paabegyndt vacc. igaar","Faerdigvacc. igaar","Paabegyndt vacc. difference","Faerdigvaccineret difference"
2021-04-17,Hovedstaden,K,195707,92203,193360,90533,2347,1670
2021-04-17,Hovedstaden,M,126447,57422,124638,56062,1809,1360
2021-04-17,Midtjylland,K,143338,70257,141890,69347,1448,910
2021-04-17,Midtjylland,M,89631,43014,88352,42186,1279,828
2021-04-17,Nordjylland,K,65810,32354,63980,31870,1830,484
2021-04-17,Nordjylland,M,40987,20230,39379,19753,1608,477
2021-04-17,Sj�lland,K,98745,43763,97858,43129,887,634
2021-04-17,Sj�lland,M,66384,29927,65636,29322,748,605
2021-04-17,Syddanmark,K,129502,65178,126684,64388,2818,790
2021-04-17,Syddanmark,M,83269,42371,80700,41612,2569,759
